shard,sequence,task,source_index,phase,method_order,prompt_sha256
stream1,1,cnn_dm_summarization,0,gate,AR|LayerSkip|APRIL|DEL,78cdd103e4a54d5e1273e4782b4e854bb17919512ceffa907c4a2fa529f78a73
stream1,2,cnn_dm_summarization,1,gate,LayerSkip|DEL|AR|APRIL,6d77b29b6a1695e0537a4f99efa5b58c97a2ecdc9f77c0206e2879758c16cac3
stream1,3,cnn_dm_summarization,2,gate,DEL|APRIL|LayerSkip|AR,cf351bc939b9a3913afe903aab85cb32635fec62a7cf1b0b6f35e80c8db6e527
stream1,4,cnn_dm_summarization,3,gate,APRIL|AR|DEL|LayerSkip,ee4af0a6387404b867a52a825b6336b795cf468eb2dec92f70e4d6401c6fe340
stream1,5,cnn_dm_summarization,4,gate,AR|LayerSkip|APRIL|DEL,d7eec0a84534d0f0579cae3a3af90522e43255e232e6dc1eb066a0c69071a0cb
stream1,6,cnn_dm_summarization,5,gate,LayerSkip|DEL|AR|APRIL,5aacc8243e83ad741dba7ba42553fe058da7823128902351f817a11e92f7e067
stream1,7,cnn_dm_summarization,6,gate,DEL|APRIL|LayerSkip|AR,94bce50ec386940f2c8c20f54bcab2b03ea65ffa883e26ddbc3b17a0cd91bdd5
stream1,8,cnn_dm_summarization,7,gate,APRIL|AR|DEL|LayerSkip,0de7e6b3146b4d544f8cdfc2a31ecb8e206854467242a2197bad20f57cee7e6e
stream1,9,cnn_dm_summarization,8,gate,AR|LayerSkip|APRIL|DEL,bddb626ab7970a140e175874066cfa37bd9ce5093d8a3c29d225be80cb947f79
stream1,10,cnn_dm_summarization,9,gate,LayerSkip|DEL|AR|APRIL,70988facf83c49dfad025c337e3467d696b318ab373b5fe8201ac6680f26dac9
stream1,11,cnn_dm_summarization,10,gate,DEL|APRIL|LayerSkip|AR,75a3f7292383b8a858d9cc79487cb073725ee7d1b2b96079a45ea6f050dfda90
stream1,12,cnn_dm_summarization,11,gate,APRIL|AR|DEL|LayerSkip,a875c369098cd6b061369319ca121daffd0fc7abd6e7ddad3c063ec017cd1a5e
stream1,13,cnn_dm_summarization,12,gate,AR|LayerSkip|APRIL|DEL,e39f622652de0aa85ed37b33dc5b2a089e0352a6b0914b49f64b781ddd824e5e
stream1,14,cnn_dm_summarization,13,gate,LayerSkip|DEL|AR|APRIL,daf05696b1f5a39ad6ceb732023f8f285c6eed9bb1f57bc88366dc18bb7781b4
stream1,15,cnn_dm_summarization,14,gate,DEL|APRIL|LayerSkip|AR,4424f243f1c42c9cf2b775b59fa50268c0f324123ed568908a88c12c8e366bc5
stream1,16,cnn_dm_summarization,15,gate,APRIL|AR|DEL|LayerSkip,f766d96e7ee6c4c24165f04f9cc3bf2cefcd3845cf9b0e21215c36c1e5061556
stream1,17,cnn_dm_summarization,16,gate,AR|LayerSkip|APRIL|DEL,3dc491ed370305d1820b454b30166207c55a505fc18fd23f1a403dec2bbb777e
stream1,18,cnn_dm_summarization,17,gate,LayerSkip|DEL|AR|APRIL,1dc4961a533ed2e5662c52f0e9301569bde53e3e726be22281f55f95b768fce8
stream1,19,cnn_dm_summarization,18,gate,DEL|APRIL|LayerSkip|AR,feb8f339b3a25c4d43df75e5269d3abd0e89b03fae99fdb395d5b4a9415a6b3f
stream1,20,cnn_dm_summarization,19,gate,APRIL|AR|DEL|LayerSkip,c6915eabdb840b85d12f258e4d4662fb818c38a82833860d68ebe89df96848fe
stream1,21,cnn_dm_summarization,20,gate,AR|LayerSkip|APRIL|DEL,7e1f10d38ea50b299640fa6ce8fe5e89f4c3ac15869114899183160082a2de14
stream1,22,cnn_dm_summarization,21,gate,LayerSkip|DEL|AR|APRIL,759f8c0d2d7a4bb3798ead142e90da4a527633664324811f2766b05aef96bf82
stream1,23,cnn_dm_summarization,22,gate,DEL|APRIL|LayerSkip|AR,2db433ea02d8f0cf443257579dc969923bdb8416b662aa382980c1a6d6518744
stream1,24,cnn_dm_summarization,23,gate,APRIL|AR|DEL|LayerSkip,61c592298d7187d94ca3b287ed95f13c1aa75c3deed7d723362aaf447fbaf87e
stream1,25,cnn_dm_summarization,24,gate,AR|LayerSkip|APRIL|DEL,02117d13ead427290517b68c5fa4b425b55f1765e34cd2c7be0066f07da17892
stream1,26,cnn_dm_summarization,25,gate,LayerSkip|DEL|AR|APRIL,e8f62d5712ecef097558e09f895597d8accf29a68cffc89dc79285156291a2af
stream1,27,cnn_dm_summarization,26,gate,DEL|APRIL|LayerSkip|AR,ee0722e80f5e9beed6bfdcf3159b16574c65c04ccde53bfef7733d552b9e7121
stream1,28,cnn_dm_summarization,27,gate,APRIL|AR|DEL|LayerSkip,8fd98d84a23852a98e4610b134e90a84e8c2b623f76d1e60b382f010e3a5f004
stream1,29,cnn_dm_summarization,28,gate,AR|LayerSkip|APRIL|DEL,8c0e254d53b4c9ad117cd458a2f2c403afe1ceb5f10c3bb8d4d69cafba9cd835
stream1,30,cnn_dm_summarization,29,gate,LayerSkip|DEL|AR|APRIL,beccbab60a88a9a6d2be42505782b3ea07359b0e85b0212013c2cc0fa14eab31
stream1,31,cnn_dm_summarization,30,gate,DEL|APRIL|LayerSkip|AR,6043608a2e92cc649e39aac4cb723f0a33cacf05dd73cfd115e7d588893f4a78
stream1,32,cnn_dm_summarization,31,gate,APRIL|AR|DEL|LayerSkip,eab6bff0e1711667a33f696c1e20a6ec77adaafc328687ae7379ed61e2694812
stream1,33,cnn_dm_summarization,32,gate,AR|LayerSkip|APRIL|DEL,29d0eedbd8260b563ed7374665692e4a64c09af1a3bb3e60f6cce359c7c5b86a
stream1,34,cnn_dm_summarization,33,gate,LayerSkip|DEL|AR|APRIL,d4fecd420c537b47779a3cf6eb5728ccbbafbb05ea3ba65e65dfc7be014ec83d
stream1,35,cnn_dm_summarization,34,gate,DEL|APRIL|LayerSkip|AR,9d43dda02ed88147b05e253b6932a2922ba6ce95bd3bcb0759cb390f53fb95b7
stream1,36,cnn_dm_summarization,35,gate,APRIL|AR|DEL|LayerSkip,f8f0476a83f97ca6920f0ed725214ae06254561ade58af707f6f9f336116beb7
stream1,37,cnn_dm_summarization,36,gate,AR|LayerSkip|APRIL|DEL,e60b0c08959f454940b1e541bafb3d4ba00003ffdde5a7ffe97062edcc6a8bcf
stream1,38,cnn_dm_summarization,37,gate,LayerSkip|DEL|AR|APRIL,92554057fdd509bfcfcec2dd13e1b2eb917b5bc598bf52c9f05dd27002a29dae
stream1,39,cnn_dm_summarization,38,gate,DEL|APRIL|LayerSkip|AR,a0b0d0db4f6369e3de07d7cf03087b596f0c6fab302a743867e4cf3120a3de85
stream1,40,cnn_dm_summarization,39,gate,APRIL|AR|DEL|LayerSkip,e4d0ad50e12ecb3dfa9159542299e73a55320f2b92fe33b10aac62ad60b4026e
stream1,41,cnn_dm_summarization,40,gate,AR|LayerSkip|APRIL|DEL,cda2a146007950596bcf03aa357e3ddfcb83c53b90f46081ff21dda182ce0841
stream1,42,cnn_dm_summarization,41,gate,LayerSkip|DEL|AR|APRIL,2db29e8d2c7db372e028021ae22d7b40d77fd95169fa8cbf916a1d43c6db94cd
stream1,43,cnn_dm_summarization,42,gate,DEL|APRIL|LayerSkip|AR,28c5066a3f94540e57bb0554e99b50c43309e50c43bde7e5961c2c0eca64b19a
stream1,44,cnn_dm_summarization,43,gate,APRIL|AR|DEL|LayerSkip,47159295fd37409ff41d1d5c5cb2f3c8dd1b5a0600a96ef77c63e9a0fb06a450
stream1,45,cnn_dm_summarization,44,gate,AR|LayerSkip|APRIL|DEL,d60f07d20b2ae4cc4fdcc9da0a5976cdfa337c9548771ddf5055bb5c1f756a99
stream1,46,cnn_dm_summarization,45,gate,LayerSkip|DEL|AR|APRIL,2a08a36c22cb4b6a06ced00de86b3afe8e5f6f5f21ec9d05156bc8e4f15dfab6
stream1,47,cnn_dm_summarization,46,gate,DEL|APRIL|LayerSkip|AR,2bc0d5305209708e479d1581d9e00d9dfd648b682938483b6c8dfb8d6c63d417
stream1,48,cnn_dm_summarization,47,gate,APRIL|AR|DEL|LayerSkip,0c98baa572deda8648af18bc007d2d8ae701e5e0967e4d3911653bdc026c0344
stream1,49,cnn_dm_summarization,48,gate,AR|LayerSkip|APRIL|DEL,e88001c14abf1df46f3079cb20736b3119d21482602ec7a435ee75aa9e74fa17
stream1,50,cnn_dm_summarization,49,gate,LayerSkip|DEL|AR|APRIL,4cd2fdbe90e59895cd2d848522207bf5149780ac85d47186f205620df11410ac
stream1,51,cnn_dm_summarization,50,gate,DEL|APRIL|LayerSkip|AR,eedb46e0942e705e6a88e3ac53e67e9a6f485cb488ef7bcf9c150fe317bef4cf
stream1,52,cnn_dm_summarization,51,gate,APRIL|AR|DEL|LayerSkip,ca3a5fb3020754fa7d2b7dace96ab32556c5409a406c9307c3c0387d8d080c1d
stream1,53,cnn_dm_summarization,52,gate,AR|LayerSkip|APRIL|DEL,1c5e6df50f13e5ffbbf335604a9839870d53745b937cfd599277a3b82047cf98
stream1,54,cnn_dm_summarization,53,gate,LayerSkip|DEL|AR|APRIL,5e77982e74915b0e69a61936192aa8e388c6d4b5f065c2b6dad80519ca85b03f
stream1,55,cnn_dm_summarization,54,gate,DEL|APRIL|LayerSkip|AR,d513667ef40a16dbb020b916786c4773a6431d92bf06d33bdf072c433354707c
stream1,56,cnn_dm_summarization,55,gate,APRIL|AR|DEL|LayerSkip,2d75116e2252e631d9c1aee44ea483af725d806102133647e07e8d603cdbb8c5
stream1,57,cnn_dm_summarization,56,gate,AR|LayerSkip|APRIL|DEL,522b851857711a4500eeb59becd15bbbf7f0e41a0c7789789d53915a5e5c6c93
stream1,58,cnn_dm_summarization,57,gate,LayerSkip|DEL|AR|APRIL,ea7d5c70803d6493d248806202aa397b4e9163049b4dd667de60dfbf5dc82a13
stream1,59,cnn_dm_summarization,58,gate,DEL|APRIL|LayerSkip|AR,a96d44526336d2e61fb8db6845bcd169f9c5d79e1d4173128408eea3c2a10a73
stream1,60,cnn_dm_summarization,59,gate,APRIL|AR|DEL|LayerSkip,469951856a264fdcdb4e3c4b97b510485f949805dba18264ea689d41381d8798
stream1,61,cnn_dm_summarization,60,gate,AR|LayerSkip|APRIL|DEL,a01cecf462ae071b0bc0b881c6d3283d2da8f70c89c15055f4cf34722c307e73
stream1,62,cnn_dm_summarization,61,gate,LayerSkip|DEL|AR|APRIL,1cbaa4f2713123d5f3d7a9222ad10f7184247b0b5928ae071d03f2ef3e53c9ac
stream1,63,cnn_dm_summarization,62,gate,DEL|APRIL|LayerSkip|AR,75a1d94653ccba2b3a28d3389e49b117cfefaa4dee7b8708b6f659885a1a6208
stream1,64,cnn_dm_summarization,63,gate,APRIL|AR|DEL|LayerSkip,7331e63443dc4991289aac9b9d51cea25446cf6cf2ccf354c243c2782a49e660
stream1,65,xsum_summarization,0,gate,AR|LayerSkip|APRIL|DEL,6e35af065c17f813c359bedca1f53f74a4592c6ae16b1fad6aaa0171229d12ef
stream1,66,xsum_summarization,1,gate,LayerSkip|DEL|AR|APRIL,3bdbeef11c863a5a0f0230000571cffa50d6864c9e9a33f089b9d9c3e9af123b
stream1,67,xsum_summarization,2,gate,DEL|APRIL|LayerSkip|AR,117fa0684c2ccf53950afa1c7fde31fa6513685366b609bece9b152cc6ceec42
stream1,68,xsum_summarization,3,gate,APRIL|AR|DEL|LayerSkip,d8fbb7939444cc567ee432494b323980601261d62bb0b475f2985fa09c221304
stream1,69,xsum_summarization,4,gate,AR|LayerSkip|APRIL|DEL,d41446e6b170440d67ec2d716a14383db7140c1742b700230d60426a609f2488
stream1,70,xsum_summarization,5,gate,LayerSkip|DEL|AR|APRIL,e22091315b49b9d1ba5a80af9cc5b71ebf5033b6d285714df042968b563c2100
stream1,71,xsum_summarization,6,gate,DEL|APRIL|LayerSkip|AR,d7bfd670bb54858a3267637c622db1e10835bbce2a25dd0e6991087356847d9d
stream1,72,xsum_summarization,7,gate,APRIL|AR|DEL|LayerSkip,fc9402affafc17fda28f98bcbe1d75b9cffe7433638528c67900e6d88170712d
stream1,73,xsum_summarization,8,gate,AR|LayerSkip|APRIL|DEL,5eb504ef2ed48a9b23c8d75b5110f34cad54f191869a88c80c1e61794da6c8e6
stream1,74,xsum_summarization,9,gate,LayerSkip|DEL|AR|APRIL,aecf90eb522d98990261f03f43d5687bd76a3fc21b154bdacbf64162c6f9dfaf
stream1,75,xsum_summarization,10,gate,DEL|APRIL|LayerSkip|AR,ab5b0372b9fc5845a3188c69d8a5021cf64747a9bc4af1b36fa46a7bf2c9aa0c
stream1,76,xsum_summarization,11,gate,APRIL|AR|DEL|LayerSkip,62551662f59afff4096eca83c309d198547ef8c34af61ae1be688347ead6ba77
stream1,77,xsum_summarization,12,gate,AR|LayerSkip|APRIL|DEL,c4258fca91a0f17ec51a17c15f931a3345a28d15cc75f3a4f6b1fe9e90d60295
stream1,78,xsum_summarization,13,gate,LayerSkip|DEL|AR|APRIL,8f04a9f494192d923ae127b5c41c880aa8514df6e52bf3e014868caa81f6d152
stream1,79,xsum_summarization,14,gate,DEL|APRIL|LayerSkip|AR,c56b97e339ebf5e286b3e7a74966e2ecae0ad0b61fb2598075093b1e927c69d9
stream1,80,xsum_summarization,15,gate,APRIL|AR|DEL|LayerSkip,40f4a244d6ce211e7116ebd2732e01bbb230ae5d3e671d46041829e3c750ebce
stream1,81,xsum_summarization,16,gate,AR|LayerSkip|APRIL|DEL,e23dd61b50503bb6d810bc196b43729205e48946fead551cddad974a35c9c32c
stream1,82,xsum_summarization,17,gate,LayerSkip|DEL|AR|APRIL,88115afd9b8b7565ef78a02b1326edbd6adfd871dbf642f085e8d8c8150e75e3
stream1,83,xsum_summarization,18,gate,DEL|APRIL|LayerSkip|AR,6933db6df4dde97e98a1a314574e69dd8b0ed131b2a143bf7a8b231f754655f3
stream1,84,xsum_summarization,19,gate,APRIL|AR|DEL|LayerSkip,c24c3c32d9cd1a1489b1a3e194c153df2baec54c096cde1a13aee51b659805b0
stream1,85,xsum_summarization,20,gate,AR|LayerSkip|APRIL|DEL,c46fa2cc9a5e322626ef2d422b26aefda0433ecafb742728335c8e23650d3b9e
stream1,86,xsum_summarization,21,gate,LayerSkip|DEL|AR|APRIL,b52503b795d1f0768dea72b3e0b03ddf86f77802a80de0b04ef1eb978202df09
stream1,87,xsum_summarization,22,gate,DEL|APRIL|LayerSkip|AR,53f6366f934d952a16835365a18a66aedc4e69121b22dbfdeebf79a7f13d5b6f
stream1,88,xsum_summarization,23,gate,APRIL|AR|DEL|LayerSkip,8b3d5b117da7b0f3cff0f0b65e030a97a56a14f9daa582c0bfe48f97c7d851e0
stream1,89,xsum_summarization,24,gate,AR|LayerSkip|APRIL|DEL,51a67dcd5443f7bedcbf2addde77c36ae01ef72d7520cadcf540f3249b189228
stream1,90,xsum_summarization,25,gate,LayerSkip|DEL|AR|APRIL,d9e6041ec22212e46148e694bb7b0d771effd1e40c2edf6a67c4766dd0c6dd40
stream1,91,xsum_summarization,26,gate,DEL|APRIL|LayerSkip|AR,00dfe855ec23487a3642314dc1b1c89a35471c3fad96e925691a785885886edd
stream1,92,xsum_summarization,27,gate,APRIL|AR|DEL|LayerSkip,7a9486a7a6767ceb7dab8b848f888a93e25f9e9acddf8fdbf2655532e1334ebb
stream1,93,xsum_summarization,28,gate,AR|LayerSkip|APRIL|DEL,17e6b6061fcb0413ba90e604e0e400217bc13d247aec919b9e085fe065c09200
stream1,94,xsum_summarization,29,gate,LayerSkip|DEL|AR|APRIL,765c1d4fe43df6f82bcf8aef31c8ddcf46563b9d51d08d305e9a477fcd1b7bab
stream1,95,xsum_summarization,30,gate,DEL|APRIL|LayerSkip|AR,9008a3b4120bdf37cdcfcdb1340604409ab3f86e585bc6cb83ed681f0171894c
stream1,96,xsum_summarization,31,gate,APRIL|AR|DEL|LayerSkip,1181dcb6ca4746e594211dd3cd5301aaa95a28e3b89f83dec1ba79375762fc06
stream1,97,xsum_summarization,32,gate,AR|LayerSkip|APRIL|DEL,98ff594c92be7c478a0ed8448cf606f61be7e0e65299528892cd9e82272b2bc0
stream1,98,cnn_dm_summarization,64,gate,AR|LayerSkip|APRIL|DEL,5c399ba81f2047c1b922553b0ed5d853588c599a5886d7e974316e68466c8fd4
stream1,99,cnn_dm_summarization,65,gate,LayerSkip|DEL|AR|APRIL,3f1e1849f44067aca54d84cc89c5530c2c43dae95a9c8a80d58c5b56fee39715
stream1,100,cnn_dm_summarization,66,gate,DEL|APRIL|LayerSkip|AR,f15985f8f3b7f93ac0583646d092ffe200e1e3beafba88dc81f8f1745e291c2e
stream1,101,cnn_dm_summarization,67,gate,APRIL|AR|DEL|LayerSkip,9e712a380ccc91af27e4db0cec7a0e740050dc3acfe3a64e420f86f7f537ab57
stream1,102,cnn_dm_summarization,68,gate,AR|LayerSkip|APRIL|DEL,ecae9a6754e21e8a8ca9034d81c806b7affaab891ec727a838b3dbf62c4578a7
stream1,103,cnn_dm_summarization,69,gate,LayerSkip|DEL|AR|APRIL,f0a3cf6de36666a599d57e0b5ee59525a665ee9dcc125eb44672a62182fe69ea
stream1,104,cnn_dm_summarization,70,gate,DEL|APRIL|LayerSkip|AR,b1235650f6dac5a91c1c71a062c2ea015bfd3a0c894c24be99657dbd0514229d
stream1,105,cnn_dm_summarization,71,gate,APRIL|AR|DEL|LayerSkip,9010e286f018c24cd55b7fee0e9d0030377d88f5ad0c6948eab973622b26a4cd
stream1,106,cnn_dm_summarization,72,gate,AR|LayerSkip|APRIL|DEL,c87d2d1f542fed542524042ae032428a5a62d56d143d9932a7c716fe04121ba7
stream1,107,cnn_dm_summarization,73,gate,LayerSkip|DEL|AR|APRIL,1704e8977bc87ef2109fc8ce2312559bb1f56e1519ba855cfb9faac9ef1ddbad
stream1,108,cnn_dm_summarization,74,gate,DEL|APRIL|LayerSkip|AR,ab3f7c3e0f94c4844db173cfe54909b8a7e27cffb760bd1bbbefa9c20a0f2bc7
stream1,109,cnn_dm_summarization,75,gate,APRIL|AR|DEL|LayerSkip,f6da5d75526b1c1156eef08108bc4be9f294e7b6df3b6ab6e3baae4668e33299
stream1,110,cnn_dm_summarization,76,gate,AR|LayerSkip|APRIL|DEL,8cf1c964d059b0ed72382a240371d5bc7d16c49c8b6bf03402b9de0e751e8c92
stream1,111,cnn_dm_summarization,77,gate,LayerSkip|DEL|AR|APRIL,b941aa864b0849782db452a1c264ab0460b1f76778a2a6556af7d9fc64cca056
stream1,112,cnn_dm_summarization,78,gate,DEL|APRIL|LayerSkip|AR,7f346551c1c31e3d9293bf6d4feaa541d76f7e39285d7a9c8bab784c3da46cef
stream1,113,cnn_dm_summarization,79,gate,APRIL|AR|DEL|LayerSkip,374d8a5842bc2165ed9878da234329623f7353e3334d57720830aa9a1995e197
stream1,114,cnn_dm_summarization,80,gate,AR|LayerSkip|APRIL|DEL,79a62b6f4b354014befda014d9bde2f677b9daf01300ec20fe397f9b2297a01c
stream1,115,cnn_dm_summarization,81,gate,LayerSkip|DEL|AR|APRIL,a4833a4718e1d1ee8780f330abf83620c8dc836c20a4204c88428e8f738ec338
stream1,116,cnn_dm_summarization,82,gate,DEL|APRIL|LayerSkip|AR,0621d138cbe34d71e01c550dee34bb06216c9165642c77beb9727e58f7a11557
stream1,117,cnn_dm_summarization,83,gate,APRIL|AR|DEL|LayerSkip,7e64e6a932efedfc372caa3ed4c398b2e1e3dabc519c83d5a1d345edb9f7c4bc
stream1,118,cnn_dm_summarization,84,gate,AR|LayerSkip|APRIL|DEL,4a7d23b06ef631c37223b1da2305484ecaf5f525768c90acfb242e17ee288aa9
stream1,119,cnn_dm_summarization,85,gate,LayerSkip|DEL|AR|APRIL,3a54e0a0df5e3e99d2a6a6f6a52feee97cd505387e201082af6634281751908b
stream1,120,cnn_dm_summarization,86,gate,DEL|APRIL|LayerSkip|AR,0c66e377ec3507ad97a59d0bd1ca057139395b288e24e08864a2413f9811deac
stream1,121,cnn_dm_summarization,87,gate,APRIL|AR|DEL|LayerSkip,addfb6af1d7e06d459fe343be64a6b738e77a4d0c37fa1e624300c44dad02f94
stream1,122,cnn_dm_summarization,88,gate,AR|LayerSkip|APRIL|DEL,6a476f5b7f191c1a0efeb6986642c439c1e81b61fb096bc4420f8b27ee3ce70e
stream1,123,cnn_dm_summarization,89,gate,LayerSkip|DEL|AR|APRIL,7fbdce64e241ceaf72ab608e9f7e0d6c8d1d01b079745c3097b4c3b5e65ba1c8
stream1,124,cnn_dm_summarization,90,gate,DEL|APRIL|LayerSkip|AR,0d8ff5fe0571f6e131bfc5f2028dbb4b926e5b9a1d4688ee7761ee94eddf6496
stream1,125,cnn_dm_summarization,91,gate,APRIL|AR|DEL|LayerSkip,7b524ff566ec699eab4cbddb1bfa27ad2efae36dd635eb6d5f9841dabea52be1
stream1,126,cnn_dm_summarization,92,gate,AR|LayerSkip|APRIL|DEL,f3b093826a5fad2dae2b719da89e82de60e9a03f8523f5de316b065425c4912c
stream1,127,cnn_dm_summarization,93,gate,LayerSkip|DEL|AR|APRIL,b8358a46a7fb1345e063426afcb587c075ac0e4568547af0590bc389eb146585
stream1,128,cnn_dm_summarization,94,gate,DEL|APRIL|LayerSkip|AR,19c8501a2338a0841a4d52578e97e2c9f29bd0a22cf6be7c1613fae0b82f7c39
stream1,129,cnn_dm_summarization,95,gate,APRIL|AR|DEL|LayerSkip,4b218724cfe6536241a90005f1af939c0916f632136a475a919b8a362152523f
stream1,130,cnn_dm_summarization,96,gate,AR|LayerSkip|APRIL|DEL,284c09411fa089f170900878b2e40c180360cccf03eb6d13f0f4c90b9cc3cb5e
stream1,131,cnn_dm_summarization,97,gate,LayerSkip|DEL|AR|APRIL,24fc078603f0c7ee9d7105479f5a31da0cdbbe75b836a72d72955eea03f5bbd0
stream1,132,cnn_dm_summarization,98,gate,DEL|APRIL|LayerSkip|AR,23ebf9b41e3bed403ea30cd754cf0662373eb0825ede555c3e066f52ce3ffd62
stream1,133,cnn_dm_summarization,99,gate,APRIL|AR|DEL|LayerSkip,b04cdc350c6bc32259dc02ef3ed0b560b46c23f295e85f350b23da6f84ef4f90
stream1,134,cnn_dm_summarization,100,gate,AR|LayerSkip|APRIL|DEL,840f00ef9316c06fcb24aa4f2cec8b836f31aeb3c2bcb484c629fb0db1dfa76f
stream1,135,cnn_dm_summarization,101,gate,LayerSkip|DEL|AR|APRIL,5ea9d301f6b854ce48aa1be1694efeac1cbb99ab7d597da9d56f4631e2d848e4
stream1,136,cnn_dm_summarization,102,gate,DEL|APRIL|LayerSkip|AR,1597b1ab6c4c339a99a24caaceeaf449990fb8c02c76b32188f97c5df76fc683
stream1,137,cnn_dm_summarization,103,gate,APRIL|AR|DEL|LayerSkip,2c1d032b3e9a30815d9d6f0045b315d7f13502091822a6362b952e288bd694de
stream1,138,cnn_dm_summarization,104,gate,AR|LayerSkip|APRIL|DEL,dd391ac6c5453ff129f8c6d2a4383405af23d142610f1cd11eaa30318cb78314
stream1,139,cnn_dm_summarization,105,gate,LayerSkip|DEL|AR|APRIL,f864bae068ad0482d56296e4bce873e73c0525cf07adfcf98904d42452843434
stream1,140,cnn_dm_summarization,106,gate,DEL|APRIL|LayerSkip|AR,0d573edf1ebd623e817351d823c7a8e63800a01b53ebe08abeeee4b2a41b8c04
stream1,141,cnn_dm_summarization,107,gate,APRIL|AR|DEL|LayerSkip,2a5d5a665266b289e8d1b8c2e27ab4d08485553ed669fd0a96c90e9e85652ee4
stream1,142,cnn_dm_summarization,108,gate,AR|LayerSkip|APRIL|DEL,58f47f8854542f923ecf6ebbb68127f30140ae3d943355d8f4d16f0adeeadb0f
stream1,143,cnn_dm_summarization,109,gate,LayerSkip|DEL|AR|APRIL,ffc70a35844839fbbfccd2e0b25cdfffff07b860f9d6bd0ddb1286e7468e65e0
stream1,144,cnn_dm_summarization,110,gate,DEL|APRIL|LayerSkip|AR,6bd68f8ad9017e74e40950f603b5db670bafada5284fc3897eccd70ec6f4a5c1
stream1,145,cnn_dm_summarization,111,gate,APRIL|AR|DEL|LayerSkip,737ff3d97178c5557f11592f6d1dfd4c88231353d3232e989a6ddbf2808b8c0f
stream1,146,cnn_dm_summarization,112,gate,AR|LayerSkip|APRIL|DEL,96bb134b24c315dd0e7bd7db0cefdb287e623db2b99ed2ae65a821b89e1a8462
stream1,147,cnn_dm_summarization,113,gate,LayerSkip|DEL|AR|APRIL,f52511639c50e99d549cbb4cf0d69555449e15990bb00f3722bb1574eca8b0e6
stream1,148,cnn_dm_summarization,114,gate,DEL|APRIL|LayerSkip|AR,15cd23616bd4e19efc8e0df3478af94d865c4fded6bd39dfdc88ce716fc211d5
stream1,149,cnn_dm_summarization,115,gate,APRIL|AR|DEL|LayerSkip,47bf112bb003d7e8719b8e2d2c693307a39405886fa7cf05a1bca82040533c9f
stream1,150,cnn_dm_summarization,116,gate,AR|LayerSkip|APRIL|DEL,030c406a24324acedb69da49d316022d8c7c63aa36f627533e5d4690ffa32859
stream1,151,cnn_dm_summarization,117,gate,LayerSkip|DEL|AR|APRIL,7cb06e86ff4da6a2476da0e514c9a9407048d2679c12688766a7c2fa223be187
stream1,152,cnn_dm_summarization,118,gate,DEL|APRIL|LayerSkip|AR,752c01860f6ecbbf81750e819254fcbfdb4f076401a861a19fc772112442a6fa
stream1,153,cnn_dm_summarization,119,gate,APRIL|AR|DEL|LayerSkip,da95d7ab7c925437464471958b3ebc59b9e4bb7fe1c8b5c136ecf148b9f6d8f4
stream1,154,cnn_dm_summarization,120,gate,AR|LayerSkip|APRIL|DEL,56f29e3ba8cb1fc2cd9fa1240163759b0cebccf6e4c546757ca6197b77ad50ae
stream1,155,cnn_dm_summarization,121,gate,LayerSkip|DEL|AR|APRIL,5f1a4bf5178f2352f1bffcd4abd62bb0bdc76c55a3c9b0dfc13d494b5f6f42d8
stream1,156,cnn_dm_summarization,122,gate,DEL|APRIL|LayerSkip|AR,ad4544ee879ade4d127a804a010ae44e18097c758693ec71440e635df0ff2656
stream1,157,cnn_dm_summarization,123,gate,APRIL|AR|DEL|LayerSkip,68e61b22ce86ecbf8d73b4472897d7bd658a485f8c40ec926471e29977cb4aef
stream1,158,cnn_dm_summarization,124,gate,AR|LayerSkip|APRIL|DEL,ec02fa6c73d513cd21718a78ab9c9bbf881de986b5fe8ff2e4b52a1924991033
stream1,159,cnn_dm_summarization,125,gate,LayerSkip|DEL|AR|APRIL,26c47395f99b1231fc6896ab0270bc342696080f616726b675f8043970d53474
stream1,160,cnn_dm_summarization,126,gate,DEL|APRIL|LayerSkip|AR,81997f73f943640420742bf332e2fbe66ad58fc94c5f0f4e1a41dc265782cb4a
stream1,161,cnn_dm_summarization,127,gate,APRIL|AR|DEL|LayerSkip,4aee8479e3b50b4c42bddbd2828a1a3b3f5ea485c3b63fbcb477890cdaf0d15a
stream1,162,xsum_summarization,33,gate,LayerSkip|DEL|AR|APRIL,550f3fc56edde703f3249e1e63647ce97cde78b3b6cf63e00809e5f6f964d7e3
stream1,163,xsum_summarization,34,gate,DEL|APRIL|LayerSkip|AR,d8915fefb2c04c0f9fcf05efb046f6a5ae98fdedc2b8c8216824345699728baa
stream1,164,xsum_summarization,35,gate,APRIL|AR|DEL|LayerSkip,904878a325668f48f69dd4aebbf69a5bd5b8d041a5ddebb682d5dda3c216c8b8
stream1,165,xsum_summarization,36,gate,AR|LayerSkip|APRIL|DEL,1c5270c92e662c0677e2abe2079437a5c455c788b4cb0b374ce6e3720f5c72bb
stream1,166,xsum_summarization,37,gate,LayerSkip|DEL|AR|APRIL,e222db116fa11201346ffaa556c01ba882edb40612c49c7feaeed0e0205b3a98
stream1,167,xsum_summarization,38,gate,DEL|APRIL|LayerSkip|AR,c9fb249ac378577a300fbc33f5b1d69cef652bdaaae9310b792a3a4f58f4ef4c
stream1,168,xsum_summarization,39,gate,APRIL|AR|DEL|LayerSkip,68ba6125ae5e9782fd2693095273135933c95b2b75656b150157f3c8fc20afd3
stream1,169,xsum_summarization,40,gate,AR|LayerSkip|APRIL|DEL,17459c7d6edbae95cb81b8dbce717fcc5bb6ba1578cc022963384e30f4d9e909
stream1,170,xsum_summarization,41,gate,LayerSkip|DEL|AR|APRIL,6692eee6f16731143c74223af20d81689c072ad33ee1ab246cbc8679ddd0de38
stream1,171,xsum_summarization,42,gate,DEL|APRIL|LayerSkip|AR,7038c7ab6cd24791130b9794991806b9b4a58898b860b6b968628141f42f34cf
stream1,172,xsum_summarization,43,gate,APRIL|AR|DEL|LayerSkip,3419b11608a5efd50303020a8414f80fc9929a96aa591389567c2ac0f911a2df
stream1,173,xsum_summarization,44,gate,AR|LayerSkip|APRIL|DEL,d561a0bad5e1584441d02d9dc74facc32939e23566b02e305fe0595f1d3a8b89
stream1,174,xsum_summarization,45,gate,LayerSkip|DEL|AR|APRIL,7f6c0570ec1dda327681e99ef9b7378f26e9f2a7afea6896308f7e678e5bcc98
stream1,175,xsum_summarization,46,gate,DEL|APRIL|LayerSkip|AR,c32cc51af82e53f20d261b7baf03eeccae68f525eb4f62b90f25aa62a0b9e49d
stream1,176,xsum_summarization,47,gate,APRIL|AR|DEL|LayerSkip,4cc99c2dc7bb055514a000186d38ed70a0b256fa6b3ca270fb8f3b0b75663de7
stream1,177,xsum_summarization,48,gate,AR|LayerSkip|APRIL|DEL,9e897eb448003902d0ffd2f6e357d34d87a13544a95b0c461fd140409b7cddc2
stream1,178,xsum_summarization,49,gate,LayerSkip|DEL|AR|APRIL,97f85ea7ffd59acc115a2d77b8787d9436b920db77568ed7573e93571ca93a72
stream1,179,xsum_summarization,50,gate,DEL|APRIL|LayerSkip|AR,022b80190ecd6cf3926b9c7033ea1682c4653cdc1307568516cc27823da82ef4
stream1,180,xsum_summarization,51,gate,APRIL|AR|DEL|LayerSkip,b2c35105d503e0a664ffc512da007e41e1b6f3440fd9a4972bd7bd458c6bf22e
stream1,181,xsum_summarization,52,gate,AR|LayerSkip|APRIL|DEL,76f4601856d6cdeb56e38c0bd5e5ad3d75c3071184ac7742a11c63cc36e6764a
stream1,182,xsum_summarization,53,gate,LayerSkip|DEL|AR|APRIL,8f8e2bd7a2bae797dbb3abbc201837ea28f68592d081d151400b8be6e55a70fa
stream1,183,xsum_summarization,54,gate,DEL|APRIL|LayerSkip|AR,2b33fd525ae55aff32899450cb359debcef050e132a0dd79610bf8ceb287b876
stream1,184,xsum_summarization,55,gate,APRIL|AR|DEL|LayerSkip,b46be461006e1b8c519fe005e4b50a8919bad6d276db677b8c427940e83b78e1
stream1,185,xsum_summarization,56,gate,AR|LayerSkip|APRIL|DEL,a2c208d5e27b0adeb88aa32cefd493aacdd5e835d9152965bb73f7f55ccf2fc5
stream1,186,xsum_summarization,57,gate,LayerSkip|DEL|AR|APRIL,bbc5e169746fb4ee1b4a31309200ec8a280569b62a12f50276efa10a0ce1cc75
stream1,187,xsum_summarization,58,gate,DEL|APRIL|LayerSkip|AR,16f271214202b736ea909054e1fc5bee1aa82d1bc85263a4e1e909d5054df760
stream1,188,xsum_summarization,59,gate,APRIL|AR|DEL|LayerSkip,39cba7cb57da8b6af08ec71ad8a6c34f413287526ea8599ffaedba9faecbd560
stream1,189,xsum_summarization,60,gate,AR|LayerSkip|APRIL|DEL,dbbbfb47d901cd64e23078467a0e2a3873f638316f5f109e9d12a401a99adb81
stream1,190,xsum_summarization,61,gate,LayerSkip|DEL|AR|APRIL,899931c34bb288191152caa9f37e9e91669fde84c74671d4f6a5b6597d3afebe
stream1,191,xsum_summarization,62,gate,DEL|APRIL|LayerSkip|AR,91c8fa778d78ba1f67795f6b3339a161d252f9512d6237a6bbe1a2383d03e5c3
stream1,192,xsum_summarization,63,gate,APRIL|AR|DEL|LayerSkip,5d6f22d1d33c0084c4d471659ffa5e9d6c60655d10167f30cdeec05a541a5e43
stream1,193,xsum_summarization,64,gate,AR|LayerSkip|APRIL|DEL,fccf21bd043a7e8c7c2cff7a1c8d333f76096512139ae346dff70153d8f9a3b1
stream1,194,xsum_summarization,65,gate,LayerSkip|DEL|AR|APRIL,4de244acded37160b56ac307d7aefcddd1738bdddbb0089e8ddc996406f6dbf7
stream1,195,xsum_summarization,66,gate,DEL|APRIL|LayerSkip|AR,0b746307b8f75e60a3f91703be7d0f5ebb56df399cbbe9e5731c83e9f2a5289c
stream1,196,xsum_summarization,67,gate,APRIL|AR|DEL|LayerSkip,69ac37c6edf6985189fbc5b86dbe937498ffe0209cff54e84565f7a42919e1d4
stream1,197,xsum_summarization,68,gate,AR|LayerSkip|APRIL|DEL,8e101857006f38bc5cb88df0c32a09b9945bbcb879bddc2e0f54a1455ee33566
stream1,198,xsum_summarization,69,gate,LayerSkip|DEL|AR|APRIL,39cf140ff6d968b239e5b304b05db44a40365c6f5f096b8df6f81aa840e77133
stream1,199,xsum_summarization,70,gate,DEL|APRIL|LayerSkip|AR,36c5c98a3501456ffccf6dfa8c1852ee2b3e8134cf6aee2c57693b24f98b5a85
stream1,200,xsum_summarization,71,gate,APRIL|AR|DEL|LayerSkip,1c6ac547b723fb5ede1d3c8422a225cdb5a55ef144932ef1893829890836e808
stream1,201,xsum_summarization,72,gate,AR|LayerSkip|APRIL|DEL,2f4529189e7b6f18541c1eb3cb38e2b27b924b13fde46c40065fedb8c1d67931
stream1,202,xsum_summarization,73,gate,LayerSkip|DEL|AR|APRIL,45c19aa09414feaadff2c2b367e908638cbd60e1a428794450869791a070c931
stream1,203,xsum_summarization,74,gate,DEL|APRIL|LayerSkip|AR,2204691c8dd602983126cbc4e682f1085476ae9ebb63f17b561fce39298d7190
stream1,204,xsum_summarization,75,gate,APRIL|AR|DEL|LayerSkip,b3f3e0a63895569a28ca6201202bd19c4159bd1add1617b5e088e7b0e7ac3ff9
stream1,205,xsum_summarization,76,gate,AR|LayerSkip|APRIL|DEL,0e03f2d7754256eef96b372fa4ac9dcc858c540eeb2cc27bdda2ddc72a494408
stream1,206,xsum_summarization,77,gate,LayerSkip|DEL|AR|APRIL,6ecdfc40eb56b71cb291933ee92c7de306093f29b6d48a3d97a8a4579bb47e2a
stream1,207,xsum_summarization,78,gate,DEL|APRIL|LayerSkip|AR,0b191c84cc8642b5c7dcd878af92aca93a4397f198639e5c2538bc76765d157d
stream1,208,xsum_summarization,79,gate,APRIL|AR|DEL|LayerSkip,8f2a0e00126fea8b616b17899b17ba38f69bb53205c24d89986ef3e02407e828
stream1,209,xsum_summarization,80,gate,AR|LayerSkip|APRIL|DEL,110ad89275d379eecfbad1b4e1bd97a660e105c508aba628fffb06d88c9eccf4
stream1,210,xsum_summarization,81,gate,LayerSkip|DEL|AR|APRIL,d9b1db6014c9e4d4f200d5fca41df1d3c06d03e587927b71a1301f8f702086ff
stream1,211,xsum_summarization,82,gate,DEL|APRIL|LayerSkip|AR,52ba39855581f0e9c5feda0315f21f3d8a5ef682922a80b1a7fb2f5bba0a8b13
stream1,212,xsum_summarization,83,gate,APRIL|AR|DEL|LayerSkip,589b605ff2f566ac7b84fc11125a46f7741ae6331565773e1a7cd46a4c5d53e5
stream1,213,xsum_summarization,84,gate,AR|LayerSkip|APRIL|DEL,924fe27a48c58e268163fc4db90a7b78dc2d5d460dddfc49bb0cd3389fb7da67
stream1,214,xsum_summarization,85,gate,LayerSkip|DEL|AR|APRIL,b9e72df3e9b9b21909374f5948a74f395b26a1c1ae7c502acf115ed50adf8615
stream1,215,xsum_summarization,86,gate,DEL|APRIL|LayerSkip|AR,ed588975e702a6baa324c6d21e44d0cd8db1d6f53bef6c5c567af309b628b973
stream1,216,xsum_summarization,87,gate,APRIL|AR|DEL|LayerSkip,9f89cc209d53ecfe6394d9659cb87e16c46d384ae3ef2fa0fc012cfd55b32d43
stream1,217,xsum_summarization,88,gate,AR|LayerSkip|APRIL|DEL,7da842c6c7a1c867e0260655546581fe4c1c74f0b32abb15e3d28086c8375521
stream1,218,xsum_summarization,89,gate,LayerSkip|DEL|AR|APRIL,b92729d252224d65bb77f840e688a72079ec8028eaef4bd37145811bd5adf8d0
stream1,219,xsum_summarization,90,gate,DEL|APRIL|LayerSkip|AR,eb04f2c926741d37b1b8c43d41f2af69db12f67b844a0ce918ad04cfafe9d351
stream1,220,xsum_summarization,91,gate,APRIL|AR|DEL|LayerSkip,c1b7d1237e45574f5647c68fa7f7697119b56141ed418386e0d9faa4d24c03b8
stream1,221,xsum_summarization,92,gate,AR|LayerSkip|APRIL|DEL,6c9bfa2c01906ed5fc16860e3aa4425cc77c06e509b9793f629b0aaed447269a
stream1,222,xsum_summarization,93,gate,LayerSkip|DEL|AR|APRIL,91d32ad9af32131ebd21602add1b3ed7e19428ec3d24b2a428aeaaf31adb0d44
stream1,223,xsum_summarization,94,gate,DEL|APRIL|LayerSkip|AR,f86912718cfa374b95c381a40f761bc38b9086b2ac0beb17448ed934a341059e
stream1,224,xsum_summarization,95,gate,APRIL|AR|DEL|LayerSkip,6af3f0fe1874f762e83ea16e8a12b879fe77bfd55b1b98693b908a7bd1a86372
stream1,225,xsum_summarization,96,gate,AR|LayerSkip|APRIL|DEL,58dd897e41e14b2a7c200e05c51497e44ee7ab2a4879d78f15bb67615eed80c7
stream1,226,xsum_summarization,97,gate,LayerSkip|DEL|AR|APRIL,d7d9f8796284105b7fb93677e177f22ce3a64f52f29e6c984f6d9603ed96839f
stream1,227,xsum_summarization,98,gate,DEL|APRIL|LayerSkip|AR,7388c955a322311b92d3fc768f321c77dc360893e53e7a24b18e76e3d9afcc6e
stream1,228,xsum_summarization,99,gate,APRIL|AR|DEL|LayerSkip,1803e37e92e990956cd8cba22511e262ca40fc8e3fd6a4bf96c3aac6f7139496
stream1,229,xsum_summarization,100,gate,AR|LayerSkip|APRIL|DEL,70b5be2d4aeceb5c16179be2196006b0ed3fb24fa8a33506d034da421d546d44
stream1,230,xsum_summarization,101,gate,LayerSkip|DEL|AR|APRIL,c8c136813612b2c082cbf7af82ef9aee67994bd0771a6b38398e32a653b64078
stream1,231,xsum_summarization,102,gate,DEL|APRIL|LayerSkip|AR,6af6181f7ecbe0112c3b9bf8956df85e753e5f42bd0f3fab0202ade6c91de7b5
stream1,232,xsum_summarization,103,gate,APRIL|AR|DEL|LayerSkip,72117020f2f4b83252c18a9da99f8fd327302cfe59aab24f036668107b89693f
stream1,233,xsum_summarization,104,gate,AR|LayerSkip|APRIL|DEL,accc13db53d41cd66006f0a9bd55faf0afd386fdc9ea23603aee74a0925fc38a
stream1,234,xsum_summarization,105,gate,LayerSkip|DEL|AR|APRIL,b22fdcea24164265fc3ba700875a42d8b957580e95c6a24601445cfc236fafa2
stream1,235,xsum_summarization,106,gate,DEL|APRIL|LayerSkip|AR,2a3ddd2948d24ad951366331d41a38edcb52b3674bbc2e958bfad8a6e7746086
stream1,236,xsum_summarization,107,gate,APRIL|AR|DEL|LayerSkip,0b46ad88baa561fd605057879cf641cbd781f1d2da4f0c9fabc24657ca34446d
stream1,237,xsum_summarization,108,gate,AR|LayerSkip|APRIL|DEL,ef85d5b31e20d9786806bc7f285f6231232e40738b1930fa513dcfd7ec19f6ae
stream1,238,xsum_summarization,109,gate,LayerSkip|DEL|AR|APRIL,842dd98eddf087c18e8fbf8e8642345b26bc56b60f5f96b6c10251f9b6504f71
stream1,239,xsum_summarization,110,gate,DEL|APRIL|LayerSkip|AR,9eb0850001d7c47273fa303facd4214d550ecd0871d92aad13217b71864c72dd
stream1,240,xsum_summarization,111,gate,APRIL|AR|DEL|LayerSkip,bb2224aa58714a49dad4a5e3a2a2a24beb366cddc39d31987883c49056b65d07
stream1,241,xsum_summarization,112,gate,AR|LayerSkip|APRIL|DEL,158fac2227d7a250d67eda2b7a1271283535f71e561864b51548a79c7f56fbc2
stream1,242,xsum_summarization,113,gate,LayerSkip|DEL|AR|APRIL,f0f3afbc833d41e19c341fbeeed7bd94affdc7015a2e85e8d3643aa2d3e723b0
stream1,243,xsum_summarization,114,gate,DEL|APRIL|LayerSkip|AR,cfeb3be61c0d97703a52d42d02b58c0942f872fc0f475486f3b05b7f684ef22f
stream1,244,xsum_summarization,115,gate,APRIL|AR|DEL|LayerSkip,d41b3e4734ad0e2558246f5eb7d20b81a6dcb0dbcb27882d1bd2c467a6fd4fbe
stream1,245,xsum_summarization,116,gate,AR|LayerSkip|APRIL|DEL,cd153d74d749be0a95d3fb406a19368a976a7007c7205c20532edbea5227c6e1
stream1,246,xsum_summarization,117,gate,LayerSkip|DEL|AR|APRIL,3da6fb6b8c7923e6cf1ea217e6c01e6cfc446756402d77ed1a5f8e8619a7a70c
stream1,247,xsum_summarization,118,gate,DEL|APRIL|LayerSkip|AR,e76a2358de4961a5252d1eb9cafb332c4f5c89d94d3b32a9bc727efc869c0277
stream1,248,xsum_summarization,119,gate,APRIL|AR|DEL|LayerSkip,11017fa51606755574fa0180b252968dc0f30b403a316c96fd2dea7c242edcb3
stream1,249,xsum_summarization,120,gate,AR|LayerSkip|APRIL|DEL,bf1b92cbf9be786d01a92e7d7d3e5dd9b372afeaddfebd7db54addd23e4c4872
stream1,250,xsum_summarization,121,gate,LayerSkip|DEL|AR|APRIL,15d5284206bb06a58d2cb5863b213b90049c4cbd4e9d099fe4f5bdbdc23532eb
stream1,251,xsum_summarization,122,gate,DEL|APRIL|LayerSkip|AR,e8600b72c78e1788c3c15d8fb6ec781b3b8813c95a0e434b1e17e28891a88233
stream1,252,xsum_summarization,123,gate,APRIL|AR|DEL|LayerSkip,797005cc0a5cddef8b381c83141d01844c6b7b9234c62d7c2e79e609e13b89bf
stream1,253,xsum_summarization,124,gate,AR|LayerSkip|APRIL|DEL,9695b91a6e8da5cb24cafa973585ab637ef53e7a694b0bbfceca346af84bfbe4
stream1,254,xsum_summarization,125,gate,LayerSkip|DEL|AR|APRIL,d73ee68402a8ee418212f1f2d24e952f647a3de9e39cd13ce8bf8ff6c5bd5062
stream1,255,xsum_summarization,126,gate,DEL|APRIL|LayerSkip|AR,5de87d88576f0e3d74e642eeeb48808b6b1f252336883ec99df727f9577205a8
stream1,256,xsum_summarization,127,gate,APRIL|AR|DEL|LayerSkip,7e639f2cb957300aad7ddacd4dabe3faae3d872b8f5cf61a84b96cf37ee5f122
stream1,257,humaneval,0,gate,AR|LayerSkip|APRIL|DEL,00b2e074e127a6a9d1376278bef732933760ab706057ec755a8c2642217b557a
stream1,258,humaneval,1,gate,LayerSkip|DEL|AR|APRIL,ba4d0641a184fb3cdd632060a25d6408a7e91fe9d79b5c341407e74b80536327
stream1,259,humaneval,2,gate,DEL|APRIL|LayerSkip|AR,fecb9ddd4f103f1c3e9d9c7d6c3b948a4b1285b50c3498437c85a9d604d957eb
stream1,260,humaneval,3,gate,APRIL|AR|DEL|LayerSkip,430706f794ffabb60ec5818ca7c9fdbd281b97ef9d3ac6d6ba140a7a2498f5a5
stream1,261,humaneval,4,gate,AR|LayerSkip|APRIL|DEL,2717edd5d203ea22a6eebf62263effd9b792e1a2ef93e017868cedaac7b5ef10
stream1,262,humaneval,5,gate,LayerSkip|DEL|AR|APRIL,388474ac71e5b893802f5971102df2e4ea82ddf2f916a4a55361c19370f54012
stream1,263,humaneval,6,gate,DEL|APRIL|LayerSkip|AR,39b4ae7cbb22820ff04ffe8a3cbe4bd4332d16046130335d78f36d75a5c3cf4c
stream1,264,humaneval,7,gate,APRIL|AR|DEL|LayerSkip,5eecb2c6bb2b4fcd70989d66291a7c4c02d3afbf31591ad684e926a1e60ee969
stream1,265,humaneval,8,gate,AR|LayerSkip|APRIL|DEL,84dc98e731928675a91c68cbff1f89d0677596f849fa0e6b34fa9b40335fce03
stream1,266,humaneval,9,gate,LayerSkip|DEL|AR|APRIL,583b281fbe1bf261fbade6e1a03119de96084ac87b508387f0d23c3b0cfdbbdb
stream1,267,humaneval,10,gate,DEL|APRIL|LayerSkip|AR,60e80406bde04ba96808271e9ba8fd58129b6e8570d3ef23a2eb4c8a79370913
stream1,268,humaneval,11,gate,APRIL|AR|DEL|LayerSkip,ab1ec5c88f83f3fd16def18381c88b33bd5109b84f05147a54f50f95eca66c89
stream1,269,humaneval,12,gate,AR|LayerSkip|APRIL|DEL,aa62f2bdcae005c83ed5eede68f25a798ece3609af2bf7db30ef714aa7a33927
stream1,270,humaneval,13,gate,LayerSkip|DEL|AR|APRIL,a7946546bc3a483bb5f2249ced878d510d6765d3c987a3e56dd878fe5bb60c19
stream1,271,humaneval,14,gate,DEL|APRIL|LayerSkip|AR,f4eca2c1c9ceb5ca5b0b0885dfd75fb4f768967fd2e53640176e413a499cc165
stream1,272,humaneval,15,gate,APRIL|AR|DEL|LayerSkip,1eb46648867a6e499ee7e4fa6500b594937f325209204606d7391c8cad9df9c4
stream1,273,humaneval,16,gate,AR|LayerSkip|APRIL|DEL,33374da5d17599a9d2b60a77489c71576ed0c7230529febb273810fe327d80f9
stream1,274,humaneval,17,gate,LayerSkip|DEL|AR|APRIL,713553ae9220b08678d575238a702f883cc1d37b1986a6bfa010f8d641601d36
stream1,275,humaneval,18,gate,DEL|APRIL|LayerSkip|AR,6fc9c00aa6b110ecf79f34e36f14b6b4c9a27128463ef6733b948e32a35c2bfc
stream1,276,humaneval,19,gate,APRIL|AR|DEL|LayerSkip,61b0d963a0d3797bc5ef83253bf35a531d7e31eedbd18181ff117b0e07e5c940
stream1,277,humaneval,20,gate,AR|LayerSkip|APRIL|DEL,881d52f394307cce02e432bc6342c93bfe0f6652b203f0bf1a0fc365ed87c594
stream1,278,humaneval,21,gate,LayerSkip|DEL|AR|APRIL,f5d1f07614da8dffb7e6ede02cdedd73f58405f47aeb516b82318416a4acf0c7
stream1,279,humaneval,22,gate,DEL|APRIL|LayerSkip|AR,b7bde40423debe285816bdcee858624a7ded823a414e8cf0e71d1185fc6cdb32
stream1,280,humaneval,23,gate,APRIL|AR|DEL|LayerSkip,18b94c4f616dccb558eb6824a5b9a070cb075a0f411448abc24eefc0083865a9
stream1,281,humaneval,24,gate,AR|LayerSkip|APRIL|DEL,3bc8bf3f66a3b5e171a358bbd5f33fba1a5d16ea65459198757dcb662dbaaac2
stream1,282,humaneval,25,gate,LayerSkip|DEL|AR|APRIL,b619821eb84b3f0f1296d3f955acfcd54e9f78bc70d2f06929cdfc08fd6b3788
stream1,283,humaneval,26,gate,DEL|APRIL|LayerSkip|AR,7823eea9be9599563c786fa16e792f3da2482016607d75ee06ca40b2d33c7dca
stream1,284,humaneval,27,gate,APRIL|AR|DEL|LayerSkip,497a1ae9517dff889ad676a36f0e0bdcbe5afec3d283ad12045fd34df3e1dba4
stream1,285,humaneval,28,gate,AR|LayerSkip|APRIL|DEL,9481906207fb44fe66ec3a6b2bc82cf92b42739848b577fa9561de14375f807b
stream1,286,humaneval,29,gate,LayerSkip|DEL|AR|APRIL,a173ce6b1e3767cabcf0ff73457d20e4eac07e0968b173b76afa0b35c0799646
stream1,287,humaneval,30,gate,DEL|APRIL|LayerSkip|AR,278875ddc3e598e47227263e6384f3c169b8526e9ab6475e52e939d6a151f00b
stream1,288,humaneval,31,gate,APRIL|AR|DEL|LayerSkip,453ca5e2c63fdbba8afa4208d797faeb371744b7de1e5c401d89664050bcc613
stream1,289,humaneval,32,gate,AR|LayerSkip|APRIL|DEL,17c137edab480f3be30b47bb48eea2748f23b120a73b2bb80c7901112e1b223f
stream1,290,humaneval,33,gate,LayerSkip|DEL|AR|APRIL,41c45573886f68a38b5dc46f74ab70ef4cb79656e72bc97a04b861810158fa8c
stream1,291,humaneval,34,gate,DEL|APRIL|LayerSkip|AR,c48cad1505632ee1c7534d4b5dc430767155942186f1f0eb2c3e46074c1111a6
stream1,292,humaneval,35,gate,APRIL|AR|DEL|LayerSkip,75ceb54ce0c4ea472f0613ef75a8b6bc8d5b530e6749df89eff0779faa70a96b
stream1,293,humaneval,36,gate,AR|LayerSkip|APRIL|DEL,9ca3d814d8f4c88fc35c6286cf046f39b0903222b094a800926eead370bcf4bb
stream1,294,humaneval,37,gate,LayerSkip|DEL|AR|APRIL,82b621b23095040636b376f49469c4fc1d951c6563fed5aae1f5460f60ba7696
stream1,295,humaneval,38,gate,DEL|APRIL|LayerSkip|AR,76b76b6f211ef2f4243678ddb1df6013ceac62da09fefe7bc38ba55e404a1ef8
stream1,296,humaneval,39,gate,APRIL|AR|DEL|LayerSkip,6dde5c311a83caad26ca80e7e914c596b9cb6e8467630530600e21c98d547c5a
stream1,297,humaneval,40,gate,AR|LayerSkip|APRIL|DEL,9d88f259a8dff048e25628589b4c2a1b4fb22419540df1e34d2d731216ae41dc
stream1,298,humaneval,41,gate,LayerSkip|DEL|AR|APRIL,d4a9a6f17e6f65f8fa63bffa89d863ca691859fab85fff3f60f378d9340cc489
stream1,299,humaneval,42,gate,DEL|APRIL|LayerSkip|AR,8b6d8ac13f22a485fb80312ee1b077ba1cc2653fbff4c36fb7e3d36ca1b8d609
stream1,300,humaneval,43,gate,APRIL|AR|DEL|LayerSkip,f20511ba41a7533e3f9593f29edff94e9190de6b789e91155c06a6b40eb83917
stream1,301,humaneval,44,gate,AR|LayerSkip|APRIL|DEL,6c3987abb35a3e0bf61eb7bd7e709b0abecef72c47dcb61a6ba84b0d46d760a0
stream1,302,humaneval,45,gate,LayerSkip|DEL|AR|APRIL,2ffd4f475e7fbe32b636a57d40751aedd393c3a1096cd6a1edaef3981d7c8564
stream1,303,humaneval,46,gate,DEL|APRIL|LayerSkip|AR,96e26625e9d731f1fea4d5f87089c184ef579180d536f358509ce635fff242b7
stream1,304,humaneval,47,gate,APRIL|AR|DEL|LayerSkip,12794c9b475e4c41b878cf4d466feb8fa24d9d3dd6311f9845760f64b4748fd4
stream1,305,humaneval,48,gate,AR|LayerSkip|APRIL|DEL,6d590205867a7577346310fe8cba6e45655e25a7ef57acb964a6d34b02363081
stream1,306,humaneval,49,gate,LayerSkip|DEL|AR|APRIL,e66b53fb6c885a4c550b997add2be1d3229f04eabfca6e66e7a2d1e2845b164f
stream1,307,humaneval,50,gate,DEL|APRIL|LayerSkip|AR,e887c2acd0e721f727626a0eb8e1dd45c88ec9f8fdbf1e5c2c637cf5cf2d907c
stream1,308,humaneval,51,gate,APRIL|AR|DEL|LayerSkip,94f4ed2b675b10bfe15e0adb2ea620b19790cfb4df26b9362df57d6daa6c9b8b
stream1,309,humaneval,52,gate,AR|LayerSkip|APRIL|DEL,b8e47fee4b6fffb27f872307ef74803b1e427e22802413851b9f0c61bb05306e
stream1,310,humaneval,53,gate,LayerSkip|DEL|AR|APRIL,37ae93665c1512f10b22de3b438a4310a63dabf773891ef3120880a8f2dc7217
stream1,311,humaneval,54,gate,DEL|APRIL|LayerSkip|AR,a2ce51239856ceea4cc73764367af0452d8811af16b6bb1a9e2cb540ef726862
stream1,312,humaneval,55,gate,APRIL|AR|DEL|LayerSkip,b99ee738edd1466c976259cf4271917d52d9a0df5220d566646b476a4400a336
stream1,313,humaneval,56,gate,AR|LayerSkip|APRIL|DEL,4d14ffd571dae1770eb5e26636b128c8520cee2173f2f4a592277c6cd094e644
stream1,314,humaneval,57,gate,LayerSkip|DEL|AR|APRIL,5656ff21e3b01209978415c290235784e32350405706cebc0045defa6271dd99
stream1,315,humaneval,58,gate,DEL|APRIL|LayerSkip|AR,1ea0b2ba5f5fa366f20d0edd79ce1af5dc42629807502c5868700fcb9117b8b0
stream1,316,humaneval,59,gate,APRIL|AR|DEL|LayerSkip,cf78f9000b4d867d85088bb0c95336fae0da8a00dee82e40074ad153f0f470bd
stream1,317,humaneval,60,gate,AR|LayerSkip|APRIL|DEL,864d47767142cb4e635dfefba79f1d7ce448f7cb99dac09c2695a5c96619994e
stream1,318,humaneval,61,gate,LayerSkip|DEL|AR|APRIL,f900fc0b3f9f9e3d6380108cad345c8211f454cac5496d16402442819340e1bb
stream1,319,humaneval,62,gate,DEL|APRIL|LayerSkip|AR,2ed91ee79d7a7ff2cac9f9699c62f64df5f2e38d86c9bcac80d028bb32933331
stream1,320,humaneval,63,gate,APRIL|AR|DEL|LayerSkip,3f6b45cdf3c576835537ba1cce2414a28f96b7a82157533ba221807ea2aa6147
stream1,321,humaneval,64,gate,AR|LayerSkip|APRIL|DEL,bc81b28f391ede1728b9b45d174a5a8953119ebc8f98908735202a05f839c5d8
stream1,322,humaneval,65,gate,LayerSkip|DEL|AR|APRIL,2751ca433b3ea9f4f348dd18f65c357482e140739e26ec98b1e056e55b491dc0
stream1,323,humaneval,66,gate,DEL|APRIL|LayerSkip|AR,26e089859958a11b71b028884c146d360f5e2c079a59aeb4275b43b1f5f3e9ae
stream1,324,humaneval,67,gate,APRIL|AR|DEL|LayerSkip,287ace00706dbc14460387cbd37396f40de3816fb26bd13182cec8a85fd6dddb
stream1,325,humaneval,68,gate,AR|LayerSkip|APRIL|DEL,cd3be7d4325387ffeafdc0c15742e1e5f66dfe1e94b683910809f5c17a9c3a74
stream1,326,humaneval,69,gate,LayerSkip|DEL|AR|APRIL,62a5a2d0332d73a27da26ab1a46a7302d27bff719d9d354887d0a27a7cdc776a
stream1,327,humaneval,70,gate,DEL|APRIL|LayerSkip|AR,431d1a56bd425ed0718c9996fd486badefa4547c69e80bc5e81526cec2abae70
stream1,328,humaneval,71,gate,APRIL|AR|DEL|LayerSkip,08897376ea63666a837e51f16608bd0abb6d1633e025ccacde662a7844e19626
stream1,329,humaneval,72,gate,AR|LayerSkip|APRIL|DEL,e205ce97af61161bdf9ddb7edca74e7b009f29a138aced873937f6d8a5d23ea6
stream1,330,humaneval,73,gate,LayerSkip|DEL|AR|APRIL,a91bec8bc0f85124b068553a370cb6c2b8564b2e298289f578e913cb77f619bf
stream1,331,humaneval,74,gate,DEL|APRIL|LayerSkip|AR,9662ed6743a83d0c34963151a98c5cdc9d33053cf3b26212adb7ff8abf9e3617
stream1,332,humaneval,75,gate,APRIL|AR|DEL|LayerSkip,f471343f29b4ca3b2e1da0d10fd5459e0f13b7a9cef2897ed4ce88e88bde5db9
stream1,333,humaneval,76,gate,AR|LayerSkip|APRIL|DEL,4d99f80a460939bc03631f3a652d9af5d5a09da2fd8fab20205c9682f766a361
stream1,334,humaneval,77,gate,LayerSkip|DEL|AR|APRIL,7396a97deb6df81d38aac289d2d195791695d2a8e14ab21f2e58366b8842b0de
stream1,335,humaneval,78,gate,DEL|APRIL|LayerSkip|AR,0f302c2314267fba8ddb3d9fa69d4dbb49dee3249d64a84f1048661f1ad2ae6e
stream1,336,humaneval,79,gate,APRIL|AR|DEL|LayerSkip,642ae5cf366d95e0595e3e2941597956baa6029b29ead988dd25754fbafa26c3
stream1,337,humaneval,80,gate,AR|LayerSkip|APRIL|DEL,f6df53687ee0d5e99ab8d7b0e23ccaa81bf7bb578c1789277336f0016d402ac0
stream1,338,humaneval,81,gate,LayerSkip|DEL|AR|APRIL,489ff1f658e105a21a1e28c105082983a77af3a6b0576d9cdfb43745de1b507c
stream1,339,humaneval,82,gate,DEL|APRIL|LayerSkip|AR,ed81b55d1d505600cf191ac150a087e2e81199bfd968e4fd6d9b3cad12bb28fa
stream1,340,humaneval,83,gate,APRIL|AR|DEL|LayerSkip,501c2ec4e9c4a6fe9dfde5df9f891588ed572edc4a5db1eb82babe0d522a8391
stream1,341,humaneval,84,gate,AR|LayerSkip|APRIL|DEL,5b69b9b354c92bcb61d5e63ec962c1df7cc559708ce12f54b705344d47dc5b28
stream1,342,humaneval,85,gate,LayerSkip|DEL|AR|APRIL,1b531c91af204375f7c6a3e26b64368b1cbbf1bde6d61e83f47f1451c2c7a222
stream1,343,humaneval,86,gate,DEL|APRIL|LayerSkip|AR,f8a02b3472de03cd4fa7b7d9d47abd5a5d64cb8eea267c81dc575e2a281aa972
stream1,344,humaneval,87,gate,APRIL|AR|DEL|LayerSkip,8de3ecf44a0ece8d4e372c37aa51439548bd77398c179f009834d5b5d1ea34fb
stream1,345,humaneval,88,gate,AR|LayerSkip|APRIL|DEL,a5d671eb2ad240d7b0a2b9b6f889f990b1374fa0a9ee025dd04730328ab328c1
stream1,346,humaneval,89,gate,LayerSkip|DEL|AR|APRIL,efefc17723390b1692f2f4fdbb26dac3ecc055be739dbaaa2a020f5b18d4999a
stream1,347,humaneval,90,gate,DEL|APRIL|LayerSkip|AR,c411484e97c83ae8e5869ae414e5687f429deda4f5fb49e367e60c85635fed1e
stream1,348,humaneval,91,gate,APRIL|AR|DEL|LayerSkip,9445e82177f062459a801e24909bc856435701d82f1d67a9dad1f9d6fd0f6362
stream1,349,humaneval,92,gate,AR|LayerSkip|APRIL|DEL,1d19b808783c5f57c39df1de99cec4193d4b59538aa48ed22d6ca85c727a51e2
stream1,350,humaneval,93,gate,LayerSkip|DEL|AR|APRIL,856a164439599802d5210e2969c1c5673c84b83b4bdca5db34384d7b10d3d741
stream1,351,humaneval,94,gate,DEL|APRIL|LayerSkip|AR,1c6ca165f1b5548225ce755ffb9fe188813105f3eac8cfb3f515326db7f25812
stream1,352,humaneval,95,gate,APRIL|AR|DEL|LayerSkip,e8a971e0e8838d69639de6628a8eff45638ce938c172670b7274c41d63207631
stream1,353,humaneval,96,gate,AR|LayerSkip|APRIL|DEL,87a89ca2716858e3f17b04c2b3a30af694d0daa68da3e197f801a408d3b6bfb5
stream1,354,humaneval,97,gate,LayerSkip|DEL|AR|APRIL,cadfab7a20c335c251fcd403e9c144183ae36eee01a205783c534184aa1d3004
stream1,355,humaneval,98,gate,DEL|APRIL|LayerSkip|AR,c59b8aa1ac5937e60adc6e6d0d4e1dd3b24ae04f158915d618d3eb210b02028d
stream1,356,humaneval,99,gate,APRIL|AR|DEL|LayerSkip,53ad185333496f1faa011070d323b24af3e23506e32f52ced0b3c0f9867d2719
stream1,357,humaneval,100,gate,AR|LayerSkip|APRIL|DEL,bec48d3dcd0c53db5bf1a185da2df8f0b1d58608c9c953c96f090d38e8fb0a98
stream1,358,humaneval,101,gate,LayerSkip|DEL|AR|APRIL,96a270267ea64b34c5d4364f00c969284296ae45017b988c20a1c1c306dfc486
stream1,359,humaneval,102,gate,DEL|APRIL|LayerSkip|AR,3b2e226ef819e4547fbd11a4ee933844a256dcd27e6d79fc1da3d380ff755d18
stream1,360,humaneval,103,gate,APRIL|AR|DEL|LayerSkip,60808c911a60e25f559e0f929c49206062eb742f0e32ab431f5ba9daf280a694
stream1,361,humaneval,104,gate,AR|LayerSkip|APRIL|DEL,bebe5af48f3614d96f23c19fa6134409f0b3bfe2f759662569f0987e15e0507c
stream1,362,humaneval,105,gate,LayerSkip|DEL|AR|APRIL,7610e97e9e03b58b9d2f83c6ffb2e08c7a8827a982645a091f53b347cdfa7a5b
stream1,363,humaneval,106,gate,DEL|APRIL|LayerSkip|AR,f9dee5694b9f6e2c5f39785ca58d27c74624ba052d3010d58eececbe949ce19d
stream1,364,humaneval,107,gate,APRIL|AR|DEL|LayerSkip,0635c205473d52d0dcb6681641abe4b97606c0f5dbd6b2881179bd386b9f0d64
stream1,365,humaneval,108,gate,AR|LayerSkip|APRIL|DEL,c2e8f36f104159515ac39779538568114e45da57511596c007abc0da04875981
stream1,366,humaneval,109,gate,LayerSkip|DEL|AR|APRIL,e68cbac960bfb695527850d504ec27806e0f41a7711920d0a9e3152369179146
stream1,367,humaneval,110,gate,DEL|APRIL|LayerSkip|AR,3ae7e8bd32a483624eaf7543bf375fec87e33e448f4c417e879a21a04dd0dba6
stream1,368,humaneval,111,gate,APRIL|AR|DEL|LayerSkip,c30d14cdaa12a3c8fd5b0cf5ce64622c84276ea5f9709d0494b836617938da59
stream1,369,humaneval,112,gate,AR|LayerSkip|APRIL|DEL,1a0e5435912522547470d17b91604c47dbff24e81d145a7f2b79c281eef6b033
stream1,370,humaneval,113,gate,LayerSkip|DEL|AR|APRIL,2e684f86c7166a064ce81c06ad2a26b4d974f41c507e6e65e4dccd32f2345bcd
stream1,371,humaneval,114,gate,DEL|APRIL|LayerSkip|AR,4bdb0afd53bc0e28529bafba0538d6b3a566ad5f476fb7f1016cfabe823f1c3f
stream1,372,humaneval,115,gate,APRIL|AR|DEL|LayerSkip,c3a3940108ef0c6a7e15e737fd5d29759d8a27f7cfe7a44411ff3f4b3ff3771b
stream1,373,humaneval,116,gate,AR|LayerSkip|APRIL|DEL,dc8d425f9133ada84c2a380d6cab8321aba622d443cee4d54bcc98c4859a2289
stream1,374,humaneval,117,gate,LayerSkip|DEL|AR|APRIL,1a7d8c1c35aef0f456b7424057c00201cd9137ac6ce17dbd5c24f317721ba742
stream1,375,humaneval,118,gate,DEL|APRIL|LayerSkip|AR,0eec1170b109fb6d89c6ef7ccf3407439aa820f170e9377d84d5fef4a8da296d
stream1,376,humaneval,119,gate,APRIL|AR|DEL|LayerSkip,7d057f437949f329d47d033084ee94a506621185f9063e13a91bbb741dca6216
stream1,377,humaneval,120,gate,AR|LayerSkip|APRIL|DEL,360323c0b48ab9ab91ecd91655e881eb66140b4822d73cc5e6e40c9e2ae6ab82
stream1,378,humaneval,121,gate,LayerSkip|DEL|AR|APRIL,f5c091f79c729b97c5ed96f86e84d4d3ebee2ccae5b5ab192e98f6e265df18d5
stream1,379,humaneval,122,gate,DEL|APRIL|LayerSkip|AR,0e13fa71b137d4f1598346bec0d43a7a97585397568c34e2040e71c198b2acf0
stream1,380,humaneval,123,gate,APRIL|AR|DEL|LayerSkip,517b9458e64b1285c8fed0636622367f2fbdd313e8f23027250740cd7588f9e3
stream1,381,humaneval,124,gate,AR|LayerSkip|APRIL|DEL,71bb688daf8e872a52f7dfb4d4a09c07db640afd5fc1f8845baa1470a2930b78
stream1,382,humaneval,125,gate,LayerSkip|DEL|AR|APRIL,c9ac5a400f5388b93fcc2acc0fa2adf0237e9f1802cebec7f375644658bd9aa0
stream1,383,humaneval,126,gate,DEL|APRIL|LayerSkip|AR,050a2b9defc209aa64d0777939ff3387ee7db918434d818789eab7b36578b7ca
stream1,384,humaneval,127,gate,APRIL|AR|DEL|LayerSkip,aaebd5df799992f92d5d1e023101fa08b8a199d71be54536511e5ed071d5db1c
stream1,385,wmt14_de_en,0,gate,AR|LayerSkip|APRIL|DEL,323b2a793f5923fa5bdc47bd86fafaa2d8d62dfea09d0490cdc18d6676651b1b
stream1,386,wmt14_de_en,1,gate,LayerSkip|DEL|AR|APRIL,30f50bdc0b4068322d74f2291f674425cb9a96cf722163365b5708aecc0b13e5
stream1,387,wmt14_de_en,2,gate,DEL|APRIL|LayerSkip|AR,3bf38a7c6c81f38a0c3e8c408e725bb280f45f1a5bad39fdaf57d6b1367cbc9f
stream1,388,wmt14_de_en,3,gate,APRIL|AR|DEL|LayerSkip,d04cc7564f965aa330ec38ad1e04df8c1f54be0e562ca92e2c02b176d52f687b
stream1,389,wmt14_de_en,4,gate,AR|LayerSkip|APRIL|DEL,7a9fb10cdd6750b8fb92230e6615ba74114d0fe629fa84dd5957414ba0d60492
stream1,390,wmt14_de_en,5,gate,LayerSkip|DEL|AR|APRIL,ada82d29ed1b6d6ff071e9481d529fcfc6390cae76e2a66f2425dbed1328e926
stream1,391,wmt14_de_en,6,gate,DEL|APRIL|LayerSkip|AR,30a905e1dac7eb69313fdc28958b2e4a4bc995f7c5bf9cef8d244a4b7833c958
stream1,392,wmt14_de_en,7,gate,APRIL|AR|DEL|LayerSkip,9c0f9007337327f9a4d9c7b6348887e49149671eebadfd3852e91b75fc2141a5
stream1,393,wmt14_de_en,8,gate,AR|LayerSkip|APRIL|DEL,16062cf35de369bdab80c34581fe20cf70cc939b977133ffa8c95a2a4765c462
stream1,394,wmt14_de_en,9,gate,LayerSkip|DEL|AR|APRIL,a38c3137fc7f3a27d465eb949f7bb51ea4b03961f917c4068abec6e1088b98c9
stream1,395,wmt14_de_en,10,gate,DEL|APRIL|LayerSkip|AR,c1217c0e8c383b4a27569ce9337c56b11c8aa6b841a62386c9de26ad4a1fa130
stream1,396,wmt14_de_en,11,gate,APRIL|AR|DEL|LayerSkip,bf81878bb7f924bf53b527e6d2a161ed2207362279c2460522b34ca48205e5de
stream1,397,wmt14_de_en,12,gate,AR|LayerSkip|APRIL|DEL,7e703e08a08fe1c337af9cd2c97acb48ff4a7029a1673520173115d78b376bac
stream1,398,wmt14_de_en,13,gate,LayerSkip|DEL|AR|APRIL,3d231f87e472e5cab57bc8e07a4120959a199c6360cf7de15b7dcc30e02bcdc2
stream1,399,wmt14_de_en,14,gate,DEL|APRIL|LayerSkip|AR,a22890bed3805011d4efe46ee0c7f1ee776557ca5ef4fa9dfed639baa973c05b
stream1,400,wmt14_de_en,15,gate,APRIL|AR|DEL|LayerSkip,80795f94accae665ec4e8c83d22562dcf2009dc6d65426b63dd1231e4b3f9c0a
stream1,401,wmt14_de_en,16,gate,AR|LayerSkip|APRIL|DEL,1bead68729f290e41ff714c330aef6094f85515a8662bf62729317aad874975b
stream1,402,wmt14_de_en,17,gate,LayerSkip|DEL|AR|APRIL,28ff9c6d3dabf571159bf265d293b0de9812697ebb8dd083dcb8c610c6c9e0f5
stream1,403,wmt14_de_en,18,gate,DEL|APRIL|LayerSkip|AR,6bb33fe738903858d86989c595d9c96c7d9b19123403f23b95d5fae2065f3177
stream1,404,wmt14_de_en,19,gate,APRIL|AR|DEL|LayerSkip,028720ad7bf5dcfcbe5ab00f944d5cd7ba2d6ffd5f379f22e8c7da911416ac25
stream1,405,wmt14_de_en,20,gate,AR|LayerSkip|APRIL|DEL,d8b2f275df43c144cbcf0fd0d5f79020f754fbb751061d294e58bc4e2c0a1301
stream1,406,wmt14_de_en,21,gate,LayerSkip|DEL|AR|APRIL,abef3042f2d9efe9b7eabd68375fb4ddae87bb9c5f2ed3279ab7e928caafe90f
stream1,407,wmt14_de_en,22,gate,DEL|APRIL|LayerSkip|AR,b3d3b3a0132fa3958e107dc3f2d1ca017d5120952fb787993ceba869fa648b07
stream1,408,wmt14_de_en,23,gate,APRIL|AR|DEL|LayerSkip,e9479d55cf6bf870fef335421087546bb0466523d03238ebcf8547d7c382892d
stream1,409,wmt14_de_en,24,gate,AR|LayerSkip|APRIL|DEL,15660f4e079d03d464bd606ad71b3fa2bad3621e533608fa208a19782699bf8b
stream1,410,wmt14_de_en,25,gate,LayerSkip|DEL|AR|APRIL,249cebe851df3a86dbf56b7b018a58cd3d2b498650cc7b433559089a578e447f
stream1,411,wmt14_de_en,26,gate,DEL|APRIL|LayerSkip|AR,41821bf136d37a046731367c906945bd490a459ce37b752e505acb77e9377263
stream1,412,wmt14_de_en,27,gate,APRIL|AR|DEL|LayerSkip,1b5cedacee650d902847674c303c66c78a5471ac02cb1a99937c5deda576a7e4
stream1,413,wmt14_de_en,28,gate,AR|LayerSkip|APRIL|DEL,0064dac5de4cd901f3041c0c516bab19e4d17c4a54ad35cd3178d98637127e64
stream1,414,wmt14_de_en,29,gate,LayerSkip|DEL|AR|APRIL,55a2051e3abba33702d5c917377eba4702804fec3b765bac22367ecb34ce4f18
stream1,415,wmt14_de_en,30,gate,DEL|APRIL|LayerSkip|AR,d1880d13ebfa785a19c51b17089d75599b92e7509d0cbc947f831008ee78f811
stream1,416,wmt14_de_en,31,gate,APRIL|AR|DEL|LayerSkip,12394ce21cc97ea468ee6a2f51b398bbb38b6fc2f9412addc8588b7a7d68fa30
stream1,417,wmt14_de_en,32,gate,AR|LayerSkip|APRIL|DEL,d5b21d41cdd4174e437320fff41a595700623d52c2607600f730c609226dceb9
stream1,418,wmt14_de_en,33,gate,LayerSkip|DEL|AR|APRIL,09b2ad2d366798adf43f4b7c79261d3bd515db11d6d621f5d299356c1d27a7e1
stream1,419,wmt14_de_en,34,gate,DEL|APRIL|LayerSkip|AR,5031d989f66a92d015089c9b73c650384fbcebb725c21de57b14179f5a936ad2
stream1,420,wmt14_de_en,35,gate,APRIL|AR|DEL|LayerSkip,607a716ef7cfbdc1100707ec97e769240e1558dd810ae961b8e4ba3a71e71fb2
stream1,421,wmt14_de_en,36,gate,AR|LayerSkip|APRIL|DEL,2ffda41a2157e7dd5d34b653f97176755c769d171ea8ddf90aeced87b8e4ce81
stream1,422,wmt14_de_en,37,gate,LayerSkip|DEL|AR|APRIL,031b37d1303a5f425402aaf7e29ef55f4522c8191a788e88ef3945646b8cd7fb
stream1,423,wmt14_de_en,38,gate,DEL|APRIL|LayerSkip|AR,b4ebd7f53205654ad8f05d20c200913f81b9af12f79644aeaa315954db3a2a13
stream1,424,wmt14_de_en,39,gate,APRIL|AR|DEL|LayerSkip,1d9e68f627c06cd7cfc0b3db3ffc553bb0b81b1a5100e84b42a8a274a091b0ac
stream1,425,wmt14_de_en,40,gate,AR|LayerSkip|APRIL|DEL,ab201138cb46162ac0204aa85e5989ca0d12d903cf31bdb9b5edfd4d38638641
stream1,426,wmt14_de_en,41,gate,LayerSkip|DEL|AR|APRIL,d08df6afd4e851194e192a7160af90adb8dea17d30712c1bc429b98af9371a04
stream1,427,wmt14_de_en,42,gate,DEL|APRIL|LayerSkip|AR,9fa203e0e3497a8604bb55b0f52a34a358d8697e03a7fd467c7756ac02e76ce4
stream1,428,wmt14_de_en,43,gate,APRIL|AR|DEL|LayerSkip,cf147a50086d2c9fe49d1e4e8c8465adcb9dcff16fd4d778d16e604a916c2247
stream1,429,wmt14_de_en,44,gate,AR|LayerSkip|APRIL|DEL,649e897d0edb6265b734c64870e4cc6c9fa258b84260e203b7b07d65624c267e
stream1,430,wmt14_de_en,45,gate,LayerSkip|DEL|AR|APRIL,c66da35edea2bda46aa0fe8d3885875d80b7bed655eb97c2137c6cd5f955d4b0
stream1,431,wmt14_de_en,46,gate,DEL|APRIL|LayerSkip|AR,8e0d96030d80a030c8dfc182f226a7fdeb2ae04f7c5000e71ef7f39c8f0427a4
stream1,432,wmt14_de_en,47,gate,APRIL|AR|DEL|LayerSkip,adcf5405d88a900655084ba84d6dbfc9ebf7edb76395efb80e249259219323e1
stream1,433,wmt14_de_en,48,gate,AR|LayerSkip|APRIL|DEL,98408140e133dda45c180006e5cff6719a7c7cd492f52fcdb588464354f69ef7
stream1,434,wmt14_de_en,49,gate,LayerSkip|DEL|AR|APRIL,13047b14465d19baea8c821c47949adb68f918be4456e29b00f1f7ebcd66eab3
stream1,435,wmt14_de_en,50,gate,DEL|APRIL|LayerSkip|AR,94ade6da958a07d0305fdde03dda856293cdb2b980987c816c0fe59cb4f1f705
stream1,436,wmt14_de_en,51,gate,APRIL|AR|DEL|LayerSkip,f3824a01f53d4749111dc795270e808dcb6965fc9fffd8c7efcad8658c158715
stream1,437,wmt14_de_en,52,gate,AR|LayerSkip|APRIL|DEL,9ec159ee3a0ee3b1a8fe84f3788b4f9273521533f0232049fbf9b529b7db9729
stream1,438,wmt14_de_en,53,gate,LayerSkip|DEL|AR|APRIL,216a16a9f3e931f59019de42624f370471c00c5b4ecf7d0644dec86399e7e73f
stream1,439,wmt14_de_en,54,gate,DEL|APRIL|LayerSkip|AR,4ee77f402901ac1207950cbfc2d59ea3d88e54a14b1d8a12e6ab92fdfb0fe5f6
stream1,440,wmt14_de_en,55,gate,APRIL|AR|DEL|LayerSkip,7d9e802ddd14f8e2c260196cd84af6e8328494ca1a74bb0085dcb53ca8a20772
stream1,441,wmt14_de_en,56,gate,AR|LayerSkip|APRIL|DEL,f9099e53eaf6b1755c8d8ecfbd54dda89c5c98b53e979fe57d37af8bdf50bc1e
stream1,442,wmt14_de_en,57,gate,LayerSkip|DEL|AR|APRIL,d495f4f3e2963b446eb86b6eea313bcd7871d8eaef06c29c31e56afc6a60c353
stream1,443,wmt14_de_en,58,gate,DEL|APRIL|LayerSkip|AR,af2fca70eb8c8c2380fcf8100828794c123a925882267dcdefc04ea58b2b0282
stream1,444,wmt14_de_en,59,gate,APRIL|AR|DEL|LayerSkip,5f28c5f20c4cd902ecebd1306cfe8fff899d66217aef8300aeebc1fd114714b7
stream1,445,wmt14_de_en,60,gate,AR|LayerSkip|APRIL|DEL,733be2d17c459473607244b076b93276c610bb0951d8a153e9b7ee23d6f9a56f
stream1,446,wmt14_de_en,61,gate,LayerSkip|DEL|AR|APRIL,d3f1f98d5cf976d739a5ba01a607ba36dee4fab858c216841984e5f4bd67ee3d
stream1,447,wmt14_de_en,62,gate,DEL|APRIL|LayerSkip|AR,48ad8cd7e2c678d37ae857526517a0f010fe7debc13b44be3703d4c6b3face57
stream1,448,wmt14_de_en,63,gate,APRIL|AR|DEL|LayerSkip,ba5d795daa0f008dc6bc6b846154cf2a08962b426c7e532ff4614cd5f401d3fd
stream1,449,wmt14_de_en,64,gate,AR|LayerSkip|APRIL|DEL,19c52103c6715365b3e73bd990110b5f70e28ec537a386595ccb4b7c6c4bbdc1
stream1,450,wmt14_de_en,65,gate,LayerSkip|DEL|AR|APRIL,5ebb7ca7e67bee53d4ea2c50b0f40b09217c1b17323f5162862719128099be64
stream1,451,wmt14_de_en,66,gate,DEL|APRIL|LayerSkip|AR,92ea5805a55d687a0cc995515cffb8e10b91e9c767760e1b7d32c54dd9ba83a3
stream1,452,wmt14_de_en,67,gate,APRIL|AR|DEL|LayerSkip,1efb0fd3fbaac20c255c1a0926c4a245f64bd4d91b390a196ed81fdf2c490aea
stream1,453,wmt14_de_en,68,gate,AR|LayerSkip|APRIL|DEL,0759fb1416fb4dfa9ca0a767b61f1fa748c937fa7972e107f6e1f46ef5d6e7ce
stream1,454,wmt14_de_en,69,gate,LayerSkip|DEL|AR|APRIL,75c5601acd42dd18f89e62a346290f35bba2b0fd9cefedc98763d8b5542e1bef
stream1,455,wmt14_de_en,70,gate,DEL|APRIL|LayerSkip|AR,3da297eada3459f65365e65443520ef60c6186f31dd7b82a5c4885ba9335a6a6
stream1,456,wmt14_de_en,71,gate,APRIL|AR|DEL|LayerSkip,463304af76650302159f05a3575839dd80eb9b021fa18f204224d4aff18314e8
stream1,457,wmt14_de_en,72,gate,AR|LayerSkip|APRIL|DEL,e9312a28093c9b1b8e470ed9c5e509004a005513b24a6d12a60fa857070d5fe8
stream1,458,wmt14_de_en,73,gate,LayerSkip|DEL|AR|APRIL,50cf288f49bb74a1fa1eb7abfcf1aea36f263d18c6e52cac39f495ffc9345b2a
stream1,459,wmt14_de_en,74,gate,DEL|APRIL|LayerSkip|AR,4e3d995d235ac372c4d83d839db2eb33cf28020a507fd887320d6f859e42aecb
stream1,460,wmt14_de_en,75,gate,APRIL|AR|DEL|LayerSkip,5724fdef1d60bfd5b7eba228a1716e4ce13c875fdf1387d1d28e771e07d2db03
stream1,461,wmt14_de_en,76,gate,AR|LayerSkip|APRIL|DEL,94f018dc130fbb919e535a98eccbc8b5b83dd627f20e92141e6398b47b455f06
stream1,462,wmt14_de_en,77,gate,LayerSkip|DEL|AR|APRIL,2d4005b753686afe3d156f0f37b32d6c369fe77f064815cb1a4b68539a96e628
stream1,463,wmt14_de_en,78,gate,DEL|APRIL|LayerSkip|AR,39024d7ca512f679c2d532d5d0a99ccdc4521ea44fd5b837752f1774e7f85857
stream1,464,wmt14_de_en,79,gate,APRIL|AR|DEL|LayerSkip,41a5539effbb0b73f0c37df9230ab501965675634b6436179cac16723db85233
stream1,465,wmt14_de_en,80,gate,AR|LayerSkip|APRIL|DEL,62ddcf768f743c35abddc1d0aaa44866b74351b8b1844ce2e734d2c9aa76d30b
stream1,466,wmt14_de_en,81,gate,LayerSkip|DEL|AR|APRIL,6bf17233dbdc4aebae2103b960fc920edd4529461809837e4841376724be809e
stream1,467,wmt14_de_en,82,gate,DEL|APRIL|LayerSkip|AR,a6be26f84a71f25a6d35237356bb0666cc67e4dee4528b67b42e22161056a422
stream1,468,wmt14_de_en,83,gate,APRIL|AR|DEL|LayerSkip,0838e4521f09e908c03fc4a2108ecc9b54bf827a5f68fa47359decdfe2b14047
stream1,469,wmt14_de_en,84,gate,AR|LayerSkip|APRIL|DEL,9d42c04202c641d9bc64ccdaadf87e4ae7816ec6f1abec972b45685a3aef4360
stream1,470,wmt14_de_en,85,gate,LayerSkip|DEL|AR|APRIL,c014ff2ab832ce4da7a945248de36fe0458ab7fd20e14e98f6e3625b3da8d9cd
stream1,471,wmt14_de_en,86,gate,DEL|APRIL|LayerSkip|AR,e639f1d3428685a345115658d5684d921e59804394ba90455cd5aae15b6c09ce
stream1,472,wmt14_de_en,87,gate,APRIL|AR|DEL|LayerSkip,46c0d2657e38979a3a946293f0873a4472e547b3c761b3a40a762a9363a3705b
stream1,473,wmt14_de_en,88,gate,AR|LayerSkip|APRIL|DEL,eb6cd1db2116a6db8a1d88088fdcfafa3ebd2ea35b9272758e9a620ddc7e7b0b
stream1,474,wmt14_de_en,89,gate,LayerSkip|DEL|AR|APRIL,fdef2aff3c4d8bbd48699d2b7cde891c2582f55378dc9b5e7076a12a79b5a6b5
stream1,475,wmt14_de_en,90,gate,DEL|APRIL|LayerSkip|AR,3218160f425e5013d762e176a70418da74d40959e7f51eec54e909317ce322ba
stream1,476,wmt14_de_en,91,gate,APRIL|AR|DEL|LayerSkip,53df8bd5608f9e6bad2903b290df79379c21ec743ac8e15c961d3d82c00c8256
stream1,477,wmt14_de_en,92,gate,AR|LayerSkip|APRIL|DEL,0214c0024a22552ef31a0465af42a4e79847138fcbd6b5ef60ef42b1deb86381
stream1,478,wmt14_de_en,93,gate,LayerSkip|DEL|AR|APRIL,1d0f8ac2c6f2aa3980456df1cd3e68c44102554805408acf06ab2a768e63d6b6
stream1,479,wmt14_de_en,94,gate,DEL|APRIL|LayerSkip|AR,0dd88c576ea277f3c7b5d6d2896f810029a9f0656754a388f4d304074df8c788
stream1,480,wmt14_de_en,95,gate,APRIL|AR|DEL|LayerSkip,ada94d17d0691de1f461aff5a52e51ff229273e4ff3915bf4a30548656129ce7
stream1,481,wmt14_de_en,96,gate,AR|LayerSkip|APRIL|DEL,291f8d62a0a1c9082b38712920ade92d6be2ac2371b41e1c2cfc95ab59f637b7
stream1,482,wmt14_de_en,97,gate,LayerSkip|DEL|AR|APRIL,deb278dfe4d6c3ad2b9061c0ac5b59b6d87abd376891381a24db7795025ab69c
stream1,483,wmt14_de_en,98,gate,DEL|APRIL|LayerSkip|AR,c04faa460d532a18cb452b3082f05af26172ade8059cb65ffe733f3646242e89
stream1,484,wmt14_de_en,99,gate,APRIL|AR|DEL|LayerSkip,a777820ad1661d90a01da5dbf329f3668e86177a92a87f080093d093ec7e94e7
stream1,485,wmt14_de_en,100,gate,AR|LayerSkip|APRIL|DEL,fb78398a0137382fa369fc7217d5a86d893b6f92999b891a00014cf32d3f8878
stream1,486,wmt14_de_en,101,gate,LayerSkip|DEL|AR|APRIL,9f358b47fb6dcae65841131663bc14a7eeb169538625d09ac22af557b9585646
stream1,487,wmt14_de_en,102,gate,DEL|APRIL|LayerSkip|AR,7fa8acbac1cee93d1ffa8fdad013c4431bc5639570e29abf4a88009723a9d7c2
stream1,488,wmt14_de_en,103,gate,APRIL|AR|DEL|LayerSkip,db2010a9c5793ebe74c3db364b364e30a2f8d78559d2fa9b8ad2385ba18b5e18
stream1,489,wmt14_de_en,104,gate,AR|LayerSkip|APRIL|DEL,e48c4636f22b1d1eeb56388d82b78e44ed73098bc48d7ac23a1650ad9f75f505
stream1,490,wmt14_de_en,105,gate,LayerSkip|DEL|AR|APRIL,05185a8a97943c3027e55b52635366e7558bc503effb325405f8de3eb09adc99
stream1,491,wmt14_de_en,106,gate,DEL|APRIL|LayerSkip|AR,20aaa7d771cf8f55a21cefa39b4fb3223ac51b48495faf2d6285850a461041be
stream1,492,wmt14_de_en,107,gate,APRIL|AR|DEL|LayerSkip,877a09adbb4fbe229734fdaa29f4d843772e06705249a955e438fff50ed558fd
stream1,493,wmt14_de_en,108,gate,AR|LayerSkip|APRIL|DEL,ee8c6a1ed33be6649343146a7e36d56896bd0a44de4e296339e9187ce98b1d82
stream1,494,wmt14_de_en,109,gate,LayerSkip|DEL|AR|APRIL,9e4493de55d3cbab1be22848edd4630660967f6c0379c3a6b6608a12d95c3fe5
stream1,495,wmt14_de_en,110,gate,DEL|APRIL|LayerSkip|AR,375a9efb854bf95c5632ad6e929afc6ef0676c14a24e8688e2660b5cf8cc53b9
stream1,496,wmt14_de_en,111,gate,APRIL|AR|DEL|LayerSkip,0add9ffc98c07b60e5a07bee837c605a61c6490425c7a69948148922a1c433f8
stream1,497,wmt14_de_en,112,gate,AR|LayerSkip|APRIL|DEL,a1423b45d2947a2e2439f789cd4c223414dc56c83353a6d4c57f0642d37166f1
stream1,498,wmt14_de_en,113,gate,LayerSkip|DEL|AR|APRIL,6068e6d7809adc14db510aec7a72315deb8cd251c873a1d0ba1f6ba97885d1fe
stream1,499,wmt14_de_en,114,gate,DEL|APRIL|LayerSkip|AR,8b5b8d61105cbc06c6dce8d036ffaa776989886c994ddffb83e54fdca95b970c
stream1,500,wmt14_de_en,115,gate,APRIL|AR|DEL|LayerSkip,90a4771868d60292f79c10464cd0206915c15912dd973d826e814d2761714b82
stream1,501,wmt14_de_en,116,gate,AR|LayerSkip|APRIL|DEL,f80bc1397a745aa12c178cc4fd8967b20abd75c63805a24739c6bfddd08558d7
stream1,502,wmt14_de_en,117,gate,LayerSkip|DEL|AR|APRIL,9e76a41982543c86f774195a579d7a0f721332be5e0813e9cc203586b36edf07
stream1,503,wmt14_de_en,118,gate,DEL|APRIL|LayerSkip|AR,97ac3d0bf903dc6de4870641fb2fa8e2bee7172f84de325db492550a69a73e4f
stream1,504,wmt14_de_en,119,gate,APRIL|AR|DEL|LayerSkip,40188e2e3fb88a695a4d0933951ad2b6fdb23a294f885ca0e1299c465eb75d64
stream1,505,wmt14_de_en,120,gate,AR|LayerSkip|APRIL|DEL,82d7b71111f668e766c7d451b2e82631d6fef866dcec78737ec895eee4414289
stream1,506,wmt14_de_en,121,gate,LayerSkip|DEL|AR|APRIL,7e337fd91757236339f23a966f52d134ecfa55bbf35c0db8567b52dc54f69d96
stream1,507,wmt14_de_en,122,gate,DEL|APRIL|LayerSkip|AR,90eecd42e6fb247b6baef605a4ead25847534b6d294533e4a12e91c929d409c0
stream1,508,wmt14_de_en,123,gate,APRIL|AR|DEL|LayerSkip,00029ce959e65dc8182d48bc237cdbb49e231e4b08ec207a37050e55d5da4c74
stream1,509,wmt14_de_en,124,gate,AR|LayerSkip|APRIL|DEL,916f1aaefbd91f385c0e327dd811d1f78fbd8304e6f05f38976c0e4009f93e17
stream1,510,wmt14_de_en,125,gate,LayerSkip|DEL|AR|APRIL,09e9ab168789b85f8decdbf91b4d6061ee45d302775a6b4674f5d9db8d2f00ef
stream1,511,wmt14_de_en,126,gate,DEL|APRIL|LayerSkip|AR,0c0dce95a3153aa8531098a7a1b2007f8bad7bc8f262f24df7020fba53349132
stream1,512,wmt14_de_en,127,gate,APRIL|AR|DEL|LayerSkip,dc993c5dda846226658675f349f646852bb44e39ba9ba9e2325b163bc271e9fe
stream1,513,cnn_dm_summarization,128,full,AR|LayerSkip|APRIL|DEL,c5fb618c25a468f14f5e0442a3e0faf0dcf7207ac5acc94bc8cdcd865f4f52c6
stream1,514,cnn_dm_summarization,129,full,LayerSkip|DEL|AR|APRIL,ba43c7d0475400131a83fe054be78fc44d0c88a0dcfbeb44e07001d12af5223c
stream1,515,cnn_dm_summarization,130,full,DEL|APRIL|LayerSkip|AR,044cd54a8bd7cd77640f0acd3d07a7191d8b4c100dc38b94791808aefb515c0e
stream1,516,cnn_dm_summarization,131,full,APRIL|AR|DEL|LayerSkip,e9aa1fc60154f30e383d20b1e37504ad56fb36358850f15370d1e71bcb25f723
stream1,517,cnn_dm_summarization,132,full,AR|LayerSkip|APRIL|DEL,b8678f9e39705e9b3473cb90bbd5a15cbeea24cabd5f004384f92dc245b1bb31
stream1,518,cnn_dm_summarization,133,full,LayerSkip|DEL|AR|APRIL,029aecf51d3573b084a8849f8b766fc8f2c871942f4e0335ae1f8cc9d7efa1f5
stream1,519,cnn_dm_summarization,134,full,DEL|APRIL|LayerSkip|AR,2f78eb84935afbe5a6849cc0db802fa5502c76a16474e2a3e38fab5e1826e14e
stream1,520,cnn_dm_summarization,135,full,APRIL|AR|DEL|LayerSkip,418f6cf19eaf97cca69d78017cd20b640bc8e121af5e250b72a8cc9bae19f2a8
stream1,521,cnn_dm_summarization,136,full,AR|LayerSkip|APRIL|DEL,11a27a9027d843b22d8b9854d59513b82fb0813e0bd6307903e7aa93dcc0057e
stream1,522,cnn_dm_summarization,137,full,LayerSkip|DEL|AR|APRIL,9d17f3992fb99f5408f4069dd48319347b6242004a6c4e619713741c91bd0ae7
stream1,523,cnn_dm_summarization,138,full,DEL|APRIL|LayerSkip|AR,2824194c434e9787a2ba2d2405e0782c0b324a928530a4f64ddcf7f4f044217c
stream1,524,cnn_dm_summarization,139,full,APRIL|AR|DEL|LayerSkip,60d49b192e38183f6874ab1e1276200309871568d1857e255f4b51d2c5922a2c
stream1,525,cnn_dm_summarization,140,full,AR|LayerSkip|APRIL|DEL,f3188509afa14e2266ae48d41e90d8e0dabc9c87c575d73be53429c1533691db
stream1,526,cnn_dm_summarization,141,full,LayerSkip|DEL|AR|APRIL,c37580f99bbc55fd73e32f2f643c16c72841da2a26a5c4fbefd16cc3b435c129
stream1,527,cnn_dm_summarization,142,full,DEL|APRIL|LayerSkip|AR,7b9b15268d7c5d1c4932004e4bed13dcad08f66ca6f5b757c1f44d1d980cbddc
stream1,528,cnn_dm_summarization,143,full,APRIL|AR|DEL|LayerSkip,62e6b7d9d6a1fd91b704d729326b9511e3c7cca416acc9f1dd0a2104d690729a
stream1,529,cnn_dm_summarization,144,full,AR|LayerSkip|APRIL|DEL,47f35ca86d3e412ffb353879074640a82b97f9454e84ccadfd97f544906140b6
stream1,530,cnn_dm_summarization,145,full,LayerSkip|DEL|AR|APRIL,a636d499f4482acf150b4dbe49b70bcf5b2934db767d17dcc8fe0f91034bc948
stream1,531,cnn_dm_summarization,146,full,DEL|APRIL|LayerSkip|AR,f8ec210e87767a3d69b64f459ac1b9675384cf80f08ee09f03e2093f94e136e6
stream1,532,cnn_dm_summarization,147,full,APRIL|AR|DEL|LayerSkip,8d933b746f1818ee2aea40e23b4449747ae2c5f68655ae5e7265b56b50e22cbb
stream1,533,cnn_dm_summarization,148,full,AR|LayerSkip|APRIL|DEL,b785fb9edd1bd0fd354c3cb83e9a12407c33856c295c84edb7ed8e49f537555b
stream1,534,cnn_dm_summarization,149,full,LayerSkip|DEL|AR|APRIL,e6a18382f2596abda3793073cc41c0a1c9dfdfa725ea90d01f05acd1cfee3212
stream1,535,cnn_dm_summarization,150,full,DEL|APRIL|LayerSkip|AR,724a67a7ee15af8f464fa6d2e3781d203ba76ebb0413daffb582543a4c3c92f0
stream1,536,cnn_dm_summarization,151,full,APRIL|AR|DEL|LayerSkip,3a8a6c6b66ebdf26bbfc704a91c292456af5debb13babfe31752e95f7bfe650e
stream1,537,cnn_dm_summarization,152,full,AR|LayerSkip|APRIL|DEL,2ebf0e77828d0cc80dea3abac1f3e5f475338a87c3814612c0f4f7ed13d0a0d7
stream1,538,cnn_dm_summarization,153,full,LayerSkip|DEL|AR|APRIL,627ed1c0d0b306aedf13567d5dd28019d25450054f066b2f632a8c440778de75
stream1,539,cnn_dm_summarization,154,full,DEL|APRIL|LayerSkip|AR,a218b0196d7b19559e610a54b57a08624d159f0788281058b2c3fc08320d1700
stream1,540,cnn_dm_summarization,155,full,APRIL|AR|DEL|LayerSkip,78413270e6379d2248ecf74fac51b55a0656403a3f8395b324d9769408995343
stream1,541,cnn_dm_summarization,156,full,AR|LayerSkip|APRIL|DEL,fdb8bff0969d201440c10e6dec33a0738393af838de6a5440240e0fe505a1437
stream1,542,cnn_dm_summarization,157,full,LayerSkip|DEL|AR|APRIL,ae2d56b303574d29fca4821c8019ff7388cff29692c75fbf23786408a8dedd82
stream1,543,cnn_dm_summarization,158,full,DEL|APRIL|LayerSkip|AR,cea18420d010859f1eab3c58e11b0f4c25c33cfd6f6eebebf5316ffe34b8034d
stream1,544,cnn_dm_summarization,159,full,APRIL|AR|DEL|LayerSkip,fa89656b6404cdbf5f1d7e48966375500b651340ffc6b30eeb7ec0763af0e660
stream1,545,cnn_dm_summarization,160,full,AR|LayerSkip|APRIL|DEL,6fe07bf6bb0e654e5b39d5f7a4780a47f9b76d5fc8f9f8852678f94a280a4499
stream1,546,cnn_dm_summarization,161,full,LayerSkip|DEL|AR|APRIL,e651b1e2a6d85d7decb0882fd4bb7074c0d0c11e237ac731d7d7dd5b879c1838
stream1,547,cnn_dm_summarization,162,full,DEL|APRIL|LayerSkip|AR,e336889369e1429717b972e7dcd5afd70d986de5c9647500161d5bce68c5fc6c
stream1,548,cnn_dm_summarization,163,full,APRIL|AR|DEL|LayerSkip,7ca313feca4377412db0058f684789993ae17f560f71344e5c4ebff6e903f7c2
stream1,549,cnn_dm_summarization,164,full,AR|LayerSkip|APRIL|DEL,d33ca3648a950416b39120d24e2c076a9e497d7600a4d8a13e7907bf6249ece8
stream1,550,cnn_dm_summarization,165,full,LayerSkip|DEL|AR|APRIL,7fdaad35040d55ec71afc3bcbb016b7616db95ad41e82a93d73a670af6f1be0b
stream1,551,cnn_dm_summarization,166,full,DEL|APRIL|LayerSkip|AR,8545b57a456cfed8bc00525c759eab60c86098783d862a7d72b613772013e595
stream1,552,cnn_dm_summarization,167,full,APRIL|AR|DEL|LayerSkip,e34b5e05b8a18517f16ee98c354f631dd206ce90768e4c043aed8d59530d5cbc
stream1,553,cnn_dm_summarization,168,full,AR|LayerSkip|APRIL|DEL,3b7a7ae9d209d10e39877fee500e73a590f0f62d1bd44147b306e06482e3ce46
stream1,554,cnn_dm_summarization,169,full,LayerSkip|DEL|AR|APRIL,24c6a18c2124d9a78abe733007f89f7e0f5856d23e2ce07990e7fad43f2cd0aa
stream1,555,cnn_dm_summarization,170,full,DEL|APRIL|LayerSkip|AR,b1ac6a60dfe75c30c5f7091f61ba7539bdff877b655cf4e2d6884d6786738012
stream1,556,cnn_dm_summarization,171,full,APRIL|AR|DEL|LayerSkip,1f4f5075de10ad99fe9b19b93599f1283c43e8efa2a585c86b0a10a9be18c59b
stream1,557,cnn_dm_summarization,172,full,AR|LayerSkip|APRIL|DEL,9aa5d2d17b437c6cb464e0908e7aa2895bc50feb4fdb9443ffedb1defdebd811
stream1,558,cnn_dm_summarization,173,full,LayerSkip|DEL|AR|APRIL,1c1873fc18fed43f6f2d0453ba5bd5117e025ceeb09ee694a24ac3e6e6da8516
stream1,559,cnn_dm_summarization,174,full,DEL|APRIL|LayerSkip|AR,077674bc1471bf45d8bf48807f10994de0d023354c01f1b32a2b397778d03ca5
stream1,560,cnn_dm_summarization,175,full,APRIL|AR|DEL|LayerSkip,cbb6451cbd9098c065b01012dd8ecddfaa06b22a7539ec9d90e0596dc7d53842
stream1,561,cnn_dm_summarization,176,full,AR|LayerSkip|APRIL|DEL,9c070dffd26adb0ff78d57f4ea437e850a3fc63a54c157a68d6c87c51da05aab
stream1,562,cnn_dm_summarization,177,full,LayerSkip|DEL|AR|APRIL,e77972f7b305ec21be723b49461c26f685214afb7e2ec06ad22612b3048921c0
stream1,563,cnn_dm_summarization,178,full,DEL|APRIL|LayerSkip|AR,5c4043be1665c7a195287f87d6e2b6af2242d930dd9a7019e047ea350c4bdb91
stream1,564,cnn_dm_summarization,179,full,APRIL|AR|DEL|LayerSkip,e20b4eb3d922df14e277b891afac2aea0b421bb839200064f39912b45c8c6cb4
stream1,565,cnn_dm_summarization,180,full,AR|LayerSkip|APRIL|DEL,37300319b18d2804a01b095310050703826517efd00d8481abdd1b89307db478
stream1,566,cnn_dm_summarization,181,full,LayerSkip|DEL|AR|APRIL,b8bd5e0c887a45ac13b809417b79c199c2409f8f2080575c3b6c4b9e93f39b50
stream1,567,cnn_dm_summarization,182,full,DEL|APRIL|LayerSkip|AR,0568c544429e51b41fdab7cf5f7e93a67196175401b0f886a26231e3042010c9
stream1,568,cnn_dm_summarization,183,full,APRIL|AR|DEL|LayerSkip,c5c528cae5ea98643e62d1aeced47b1caf126df5f166e4c5b496042c34c10ac7
stream1,569,cnn_dm_summarization,184,full,AR|LayerSkip|APRIL|DEL,c76cb6bd4b7132d057c14e8b6847ab4f67f90baa1f190586f240de1372b680d8
stream1,570,cnn_dm_summarization,185,full,LayerSkip|DEL|AR|APRIL,49e1d367569dbc420ed08c212272a297a8d5b1290ea20870dbd2cbcffdcf649b
stream1,571,cnn_dm_summarization,186,full,DEL|APRIL|LayerSkip|AR,11239a4b1b015a7d1e4f8f0fd495cb8a221464ad8b30bc4c7eb89af371015c42
stream1,572,cnn_dm_summarization,187,full,APRIL|AR|DEL|LayerSkip,28e4e80177592a646717cad59812da83632133187770e5096a166d29d4d23bd2
stream1,573,cnn_dm_summarization,188,full,AR|LayerSkip|APRIL|DEL,f16fba89cb371b19448a80db4e0a544b78dbd288658ff20877a04b600b81671a
stream1,574,cnn_dm_summarization,189,full,LayerSkip|DEL|AR|APRIL,6a58ec1b47f0e76843cc2214846fcbbc43601722399af664d53745e35ea221dd
stream1,575,cnn_dm_summarization,190,full,DEL|APRIL|LayerSkip|AR,072a540cb34a3687f152afb4e9271ab74110b2b861cdbd4aacdc946304f8761c
stream1,576,cnn_dm_summarization,191,full,APRIL|AR|DEL|LayerSkip,b265568ea633dee7907445d6382d034fb3dd2de561d53639d791e2d443e196b1
stream1,577,cnn_dm_summarization,192,full,AR|LayerSkip|APRIL|DEL,a09b078dc2e71dca3a592703843dbcdf3030760de52ecd717ff2aea8be864fba
stream1,578,cnn_dm_summarization,193,full,LayerSkip|DEL|AR|APRIL,034bb941e2fe855f01122670d19b4c33aa7c5f32e079475c2207547d44b70e48
stream1,579,cnn_dm_summarization,194,full,DEL|APRIL|LayerSkip|AR,0f9877069f8ab378144079d048463c4cbf9a98d206268a3f6c727556b8f06b89
stream1,580,cnn_dm_summarization,195,full,APRIL|AR|DEL|LayerSkip,8e6249753cd35d71659f21353a317a4bc50aa0f5c7a87b79dd9aab45f3225d9e
stream1,581,cnn_dm_summarization,196,full,AR|LayerSkip|APRIL|DEL,c3a4f7ac92f22674821d2d6cf046b29b2f69b3a39f79ffbb57906bfe8d4d268f
stream1,582,cnn_dm_summarization,197,full,LayerSkip|DEL|AR|APRIL,bc48f6ff189204620c94a173c80a6bac1202be810a53c4e257da5243827c9629
stream1,583,cnn_dm_summarization,198,full,DEL|APRIL|LayerSkip|AR,9fa15314980ad7e983946f4551639cf3df90bea4da47dcff56e0a799a96a9996
stream1,584,cnn_dm_summarization,199,full,APRIL|AR|DEL|LayerSkip,dd606d3c95cb357262fa40b0c8f5f175a088ba65e18158ab8a48e29c28cb2f89
stream1,585,cnn_dm_summarization,200,full,AR|LayerSkip|APRIL|DEL,df316c0b1bae584fd9dc7d07951715b4bce763422b97f56c1a8dcb7088071d97
stream1,586,cnn_dm_summarization,201,full,LayerSkip|DEL|AR|APRIL,8ae38d71d95ddd6869524936e03e1d5f690a359a64cf7adb1f953442feb33375
stream1,587,cnn_dm_summarization,202,full,DEL|APRIL|LayerSkip|AR,934d7b7b8ac89aa29e90c9a4337c4dc338d4204a1c5868783a7598ecedc9039f
stream1,588,cnn_dm_summarization,203,full,APRIL|AR|DEL|LayerSkip,1621bd66c6c783599e96a17f751bebe813496745477a691b153e08a7f623bd2b
stream1,589,cnn_dm_summarization,204,full,AR|LayerSkip|APRIL|DEL,30bbdbf2f2691c9ecdb8b876f60d2088ef5e801515d3946c75b0b3cb7f614d93
stream1,590,cnn_dm_summarization,205,full,LayerSkip|DEL|AR|APRIL,72cd5308e6c821d9daf23e9400e38f6859e37c6b4bdec1878578679ffbb159dc
stream1,591,cnn_dm_summarization,206,full,DEL|APRIL|LayerSkip|AR,85eb980e92a2e74336f8346f87a2ff926ff6895f4d8e77af4bb98951f21585f5
stream1,592,cnn_dm_summarization,207,full,APRIL|AR|DEL|LayerSkip,1336e4f8594cf390cf55467d63e9e874b926cd1612e4853a81064415d7983ab9
stream1,593,cnn_dm_summarization,208,full,AR|LayerSkip|APRIL|DEL,50f59ce8a119b1b3123fbd694df26296ba9ffa335dd6e37d95d73a551149d2db
stream1,594,cnn_dm_summarization,209,full,LayerSkip|DEL|AR|APRIL,8d9bd5e2d4ccdc0900309d90d599e13e4c9c3b7ee7c7ba39d018fc58527f9221
stream1,595,cnn_dm_summarization,210,full,DEL|APRIL|LayerSkip|AR,52da4a633da23371d8e56b37276cb183cc9c65a6e9311883e2054d572031be69
stream1,596,cnn_dm_summarization,211,full,APRIL|AR|DEL|LayerSkip,6c79a8b6617b53ee650fb10b7663c085ff09dc21bd8dec9d7217439a4fb1745e
stream1,597,cnn_dm_summarization,212,full,AR|LayerSkip|APRIL|DEL,9da34fc62b45df3f18cdd174c9fdee1a6172bbc7de6200c735dfcf23a637e092
stream1,598,cnn_dm_summarization,213,full,LayerSkip|DEL|AR|APRIL,a3e6baade574dd832e9950daecad9e34973a9afd7584b51fcd364d5786ed7107
stream1,599,cnn_dm_summarization,214,full,DEL|APRIL|LayerSkip|AR,e10133fdf231d03e14474f960132d18e60dc7cb34b68ea9f203522c88fa3b9d6
stream1,600,cnn_dm_summarization,215,full,APRIL|AR|DEL|LayerSkip,39a01c6b5cefea21b658e3294aad83aac26214820c295e86553595a45b5d3e91
stream1,601,cnn_dm_summarization,216,full,AR|LayerSkip|APRIL|DEL,983b08854c39178e04936620214f52c40885a7d0526b63fe1226fc8f750fa3a9
stream1,602,cnn_dm_summarization,217,full,LayerSkip|DEL|AR|APRIL,69526d59ef7793af9217c45f8fba5fe4961e9760a36965c7670e315d3eae6402
stream1,603,cnn_dm_summarization,218,full,DEL|APRIL|LayerSkip|AR,f627c6770d4c038a55292f153d6585bf59c0082ae7e9cc1e04bfca33dff32bb8
stream1,604,cnn_dm_summarization,219,full,APRIL|AR|DEL|LayerSkip,1c4010553d813c5e16569b0aeba8d38ed25beaa7fa3001beccd479f2d3ddd7a2
stream1,605,cnn_dm_summarization,220,full,AR|LayerSkip|APRIL|DEL,e3666d211738d706d49c63c90c0c4a91655b97b3bc92fad74c4325eaa63a9160
stream1,606,cnn_dm_summarization,221,full,LayerSkip|DEL|AR|APRIL,22acb4ddf25385e8337cc268fbb21500d3b133dd7a555355f345e9597cfcd54a
stream1,607,cnn_dm_summarization,222,full,DEL|APRIL|LayerSkip|AR,654633e39a3880f992129c9121c098adb78c4b109151b097ed45416ce6f59bfe
stream1,608,cnn_dm_summarization,223,full,APRIL|AR|DEL|LayerSkip,e71503b8d675dd366f1b7df27fe479949b6e323108980d6fd687a221bb373c8e
stream1,609,cnn_dm_summarization,224,full,AR|LayerSkip|APRIL|DEL,08f405422c38d02ad6dd3097028f893913da82ecabb248ffffb489d6e87906d3
stream1,610,cnn_dm_summarization,225,full,LayerSkip|DEL|AR|APRIL,54614415487e133a75198d3616fb5962325924be1f790cbb8943fdd395e82728
stream1,611,cnn_dm_summarization,226,full,DEL|APRIL|LayerSkip|AR,dcb6a5a9908a7be68e33602944c75bcb75bbffba38b95af00c33947900575a2e
stream1,612,cnn_dm_summarization,227,full,APRIL|AR|DEL|LayerSkip,ee422648136745138aed76890e311725a419208989523aa4b37fb9dfc7ca97d3
stream1,613,cnn_dm_summarization,228,full,AR|LayerSkip|APRIL|DEL,2098aade93f8fa3cec16a22d0900948f150fe9ea98b7d9617a42319b432e37a6
stream1,614,cnn_dm_summarization,229,full,LayerSkip|DEL|AR|APRIL,76b04bc585a40a58fadf13e038190779b7283cb1ebc326905b866e19a3eb94b3
stream1,615,cnn_dm_summarization,230,full,DEL|APRIL|LayerSkip|AR,f6561b938fd80d595762c344303a442e9754e3e6c7cfa5330d8b81fb449a3a19
stream1,616,cnn_dm_summarization,231,full,APRIL|AR|DEL|LayerSkip,c921cd8496090c8f3b57612be07cfc42561df2d1a0a4a8c1b9cd66557d7c685d
stream1,617,cnn_dm_summarization,232,full,AR|LayerSkip|APRIL|DEL,e3a9da02ac131ee2b4afde1a98b57fd7d86fbdb563d2e317bab46706a918ab27
stream1,618,cnn_dm_summarization,233,full,LayerSkip|DEL|AR|APRIL,bdc4edf6457a89b035ce7f09fcf93301426660a91356fd45bfae7561a1ee06b0
stream1,619,cnn_dm_summarization,234,full,DEL|APRIL|LayerSkip|AR,858d302725ba29603185277d97da65c8fa0a477eccfc49821ae7db3ae184099d
stream1,620,cnn_dm_summarization,235,full,APRIL|AR|DEL|LayerSkip,5ff256fba9c191cd0630acad37534097347bceb9d362e335db2231ae9dbaeca0
stream1,621,cnn_dm_summarization,236,full,AR|LayerSkip|APRIL|DEL,5a8f87663d31390884159a6ae097f0015daf7bb28c39ec9e15beef4788fbff72
stream1,622,cnn_dm_summarization,237,full,LayerSkip|DEL|AR|APRIL,ac33f8039e83f6ded119fac40a113fe37bb8966eda47ee85d111eb90ae5b885c
stream1,623,cnn_dm_summarization,238,full,DEL|APRIL|LayerSkip|AR,153ff7533da85f9056aa427146c3df07cf231dee598dbe39583cf20b77a90806
stream1,624,cnn_dm_summarization,239,full,APRIL|AR|DEL|LayerSkip,3e07de46c41172346d0456cc87eecd2dc9b2a9b0099ec09400d86d0a607bd8de
stream1,625,cnn_dm_summarization,240,full,AR|LayerSkip|APRIL|DEL,6cfbf2509d36cb782f73c7de1c364f8f1a111b29a7591a1e45e85b39473a847d
stream1,626,cnn_dm_summarization,241,full,LayerSkip|DEL|AR|APRIL,7936ac6953c8b3b6be8c36bc343914e5006bdd9174c9904a72fec80ff27b3f93
stream1,627,cnn_dm_summarization,242,full,DEL|APRIL|LayerSkip|AR,89217ab50e8481a16e4dbc56ecc5d34fd4952933a399df6aff74029030593301
stream1,628,cnn_dm_summarization,243,full,APRIL|AR|DEL|LayerSkip,28a0ecd0cbf8a322cb7708437429699a44608b48e49a4913dfdb02957b647e58
stream1,629,cnn_dm_summarization,244,full,AR|LayerSkip|APRIL|DEL,0fc0448c78908ee5cdf6c7ce7537038ed4ae53b90278883463520c4bf8fe5fdc
stream1,630,cnn_dm_summarization,245,full,LayerSkip|DEL|AR|APRIL,6582484688f76fe92d9930a5c19b32e1eb001613c2f0dcfbf0d3c5fb563285dc
stream1,631,cnn_dm_summarization,246,full,DEL|APRIL|LayerSkip|AR,26878e2888b6fc07fd84bda680da22c3fc934f498d758c23c772e8852411cb87
stream1,632,cnn_dm_summarization,247,full,APRIL|AR|DEL|LayerSkip,ca200c2c0f3f48be3eea6521a7992086ee851848de0b40d957ce39aba94dc577
stream1,633,cnn_dm_summarization,248,full,AR|LayerSkip|APRIL|DEL,9fc15b84a782160ebcf72a6c9b79511f6a1c339411919db0da0aa701fee0a678
stream1,634,cnn_dm_summarization,249,full,LayerSkip|DEL|AR|APRIL,86e6f493eb85e0ad11bd61b3c34ba245fe48dbe1a2dd734a3355603016ca6e0d
stream1,635,cnn_dm_summarization,250,full,DEL|APRIL|LayerSkip|AR,505f0485abbfdc7353fd209c8e9161d451a66cc85fa7f195b5d25bf4cdac28ee
stream1,636,cnn_dm_summarization,251,full,APRIL|AR|DEL|LayerSkip,3b03063e78d26456797dd5b3c598f0dbc2d1470074d1b3ff5bad24df44291750
stream1,637,cnn_dm_summarization,252,full,AR|LayerSkip|APRIL|DEL,3715425e3d42b70519f6e397cf12bd8af7febb8267b6d5b811652ba18c00ded6
stream1,638,cnn_dm_summarization,253,full,LayerSkip|DEL|AR|APRIL,50921ee923163a3d9629afccb156b92aee6a7e6b8aada8d7fb159d1d6e23ba68
stream1,639,cnn_dm_summarization,254,full,DEL|APRIL|LayerSkip|AR,1430bdb2740343dae2ef5cded93e9eadb96d37e5dba501785760560ff520a51e
stream1,640,cnn_dm_summarization,255,full,APRIL|AR|DEL|LayerSkip,9540a1c88491436bdb70389c9735450530269461872f0019e984285d8c529969
stream1,641,cnn_dm_summarization,256,full,AR|LayerSkip|APRIL|DEL,d9bdb8802733b74c70b9cfdb6a6d341b1be058e0eda1ee7c7d6385bb735b21cb
stream1,642,cnn_dm_summarization,257,full,LayerSkip|DEL|AR|APRIL,1d7805b8c6f12883c411e6bae4a0e5becfeeef6c91542fa2002141dae8a99a5b
stream1,643,cnn_dm_summarization,258,full,DEL|APRIL|LayerSkip|AR,292054eb511dd76b549b7fcda17d727349d9aa25549f2161dfea5a8050596cb7
stream1,644,cnn_dm_summarization,259,full,APRIL|AR|DEL|LayerSkip,7f4ca65a5dc631f4759ac10f50ef64e9314e6e706733f94383bc639678ae030b
stream1,645,cnn_dm_summarization,260,full,AR|LayerSkip|APRIL|DEL,b81e615c1d3245c520b421798d7bec700af75cb722e76bdc1f91679396578929
stream1,646,cnn_dm_summarization,261,full,LayerSkip|DEL|AR|APRIL,f12a684ef9090442ae7ed707ba10d48fa2cf846f7171dce644653993216ecb28
stream1,647,cnn_dm_summarization,262,full,DEL|APRIL|LayerSkip|AR,a4c3ee03e977361c1d9e3ba345ba2780f77985a5f81d315aff5e49f5177dfab6
stream1,648,cnn_dm_summarization,263,full,APRIL|AR|DEL|LayerSkip,ff2cc3408457bdc1c743cbfe35dd36948174d5957668633010d6e5b73c37c01e
stream1,649,cnn_dm_summarization,264,full,AR|LayerSkip|APRIL|DEL,7f13b74286890988c73cacd351ab14094d2ce40c7b4ce7ae1067d190ada70c9e
stream1,650,cnn_dm_summarization,265,full,LayerSkip|DEL|AR|APRIL,fbd259748e6c8914cfee7c6d779a8fcffb27bc5407a1d85a4cf5107f97f6a347
stream1,651,cnn_dm_summarization,266,full,DEL|APRIL|LayerSkip|AR,d4e99368fa6625c81fa1c89fdbc6533de6efa812fab29ff908349f1270a83e83
stream1,652,cnn_dm_summarization,267,full,APRIL|AR|DEL|LayerSkip,32e558980330829bf703cd2b35803a92e6fc00206ba7c9d31ad723cc074a5b62
stream1,653,cnn_dm_summarization,268,full,AR|LayerSkip|APRIL|DEL,dc01bc9296f6fcd1b8baa138763cfb42b91c8112fa93c797332ff1a40ef8811f
stream1,654,cnn_dm_summarization,269,full,LayerSkip|DEL|AR|APRIL,7fbd431f0b746ea8495b775b94761ec630ecab5054d65eed3812819c50a49494
stream1,655,cnn_dm_summarization,270,full,DEL|APRIL|LayerSkip|AR,3146cf80d1da95d27c9573cb966e1e1ca11de0a8e389fdd546d942681f4cd51e
stream1,656,cnn_dm_summarization,271,full,APRIL|AR|DEL|LayerSkip,a79f648eb6bd60c559c77d18677013ac139d16d133c2d5e738b949df0aeddd19
stream1,657,cnn_dm_summarization,272,full,AR|LayerSkip|APRIL|DEL,1fa7aff76f9e8adeec4f7d028b73f557e24d71d145dc18207183cce027da9bce
stream1,658,cnn_dm_summarization,273,full,LayerSkip|DEL|AR|APRIL,b1d5cdf59d8c0d032115540f7e7924a4bd7376dca1c093924c5616ced4566274
stream1,659,cnn_dm_summarization,274,full,DEL|APRIL|LayerSkip|AR,3da932c445c0e7cc782093a0d94f00b96dfe5f3fd6dbe06193635e7dd7c39b6e
stream1,660,cnn_dm_summarization,275,full,APRIL|AR|DEL|LayerSkip,220b0398555ab9b1b0ad8dee058fdb764c77626e72007367ead63a95cf0990ed
stream1,661,cnn_dm_summarization,276,full,AR|LayerSkip|APRIL|DEL,5bb119e80d54f94641b21d18229ff5b317c4bdb47f3e4bf00f064324cefe3ee5
stream1,662,cnn_dm_summarization,277,full,LayerSkip|DEL|AR|APRIL,673cd4d7f9e838689c39770c153525c04cb63fb9b07b3735cc340506103a82fc
stream1,663,cnn_dm_summarization,278,full,DEL|APRIL|LayerSkip|AR,765125779b901bd5cc7c1c1e7f35307aea8ef364763c5c93d739258841a2b42b
stream1,664,cnn_dm_summarization,279,full,APRIL|AR|DEL|LayerSkip,b4259c1971247815ee85187c24d71ee4168766cf3cb8da7209809c22c724c37d
stream1,665,cnn_dm_summarization,280,full,AR|LayerSkip|APRIL|DEL,f55e33747a9d5969cf981620e1b4325b9121d12538f3df434494be3f8f8449d4
stream1,666,cnn_dm_summarization,281,full,LayerSkip|DEL|AR|APRIL,7349062a78d2f47320eaf33f8ed6132fe6b1a6c90702627dbb7d9190ce50040a
stream1,667,cnn_dm_summarization,282,full,DEL|APRIL|LayerSkip|AR,ba24537d3cefe88e09ed3703fa5baf728a54bfaea3b2f8e0a072caa2b14c241f
stream1,668,cnn_dm_summarization,283,full,APRIL|AR|DEL|LayerSkip,3ac06720b7a85daa1dceb675b685448d481f389f2b75ba1e5129b326b8dc2dd0
stream1,669,cnn_dm_summarization,284,full,AR|LayerSkip|APRIL|DEL,a39bc174e73133814593de997963475a2833cf733c95202e0523b4f656989e8e
stream1,670,cnn_dm_summarization,285,full,LayerSkip|DEL|AR|APRIL,f3d6899c18232a593af6e26ac64aae5640f34b2408490ddf76e6bd7742a252a9
stream1,671,cnn_dm_summarization,286,full,DEL|APRIL|LayerSkip|AR,da00d5c376315277b052b8a7baeeb0aa30bab05d09c5498726b36b838a480948
stream1,672,cnn_dm_summarization,287,full,APRIL|AR|DEL|LayerSkip,9cd189de9d2618ca862dcdd015635165c5d064cb53644b86cd8bc6e47912b6a8
stream1,673,cnn_dm_summarization,288,full,AR|LayerSkip|APRIL|DEL,ecf7412ae91a731c86a32b550b5c7c0d5086274fa63855cd3c4345588dd65741
stream1,674,cnn_dm_summarization,289,full,LayerSkip|DEL|AR|APRIL,b201e45a2753fc1f079608803a13a064bcbed357590ce76cc6cbcffd77815c89
stream1,675,cnn_dm_summarization,290,full,DEL|APRIL|LayerSkip|AR,40531ff7dbdbecd7980ba5f2081c8861fa3bffecadf3b0743a96938ec3a9807c
stream1,676,cnn_dm_summarization,291,full,APRIL|AR|DEL|LayerSkip,8275a719ec5210ea28d2f2d718da990f9f065def4ba8d51b0b12018ca1e87e10
stream1,677,cnn_dm_summarization,292,full,AR|LayerSkip|APRIL|DEL,f1d14c24b07d9581c27206369c169d13fceebdb29e87f7a85712691d54eb9ac8
stream1,678,cnn_dm_summarization,293,full,LayerSkip|DEL|AR|APRIL,9a8bee43e58b802d1fc1d28ae5ac0f4ea12bee84bde3a2ff76df8e2def8d9c4a
stream1,679,cnn_dm_summarization,294,full,DEL|APRIL|LayerSkip|AR,d9f4fd2eb7fb873d9c81f4dbb3504204738723dc8a33c5614e83ff7e004c6649
stream1,680,cnn_dm_summarization,295,full,APRIL|AR|DEL|LayerSkip,44fea3bcfdef547be68ab429acecb9e7412eba2e400f7e538b2ced56d2a12d92
stream1,681,cnn_dm_summarization,296,full,AR|LayerSkip|APRIL|DEL,65df982bf7831dcaf99d8bb504951960c93c0732577f4ddc6d6e7828833beaca
stream1,682,cnn_dm_summarization,297,full,LayerSkip|DEL|AR|APRIL,c0c614a06da760ebe4bc34bef2cdc28d178f7cc94be2a89c1fb88c5c9501bef8
stream1,683,cnn_dm_summarization,298,full,DEL|APRIL|LayerSkip|AR,919b513e49c5d8e141f9a5beecfb640b3f68b0febc9299814e29815b7f72e5bf
stream1,684,cnn_dm_summarization,299,full,APRIL|AR|DEL|LayerSkip,802cab3b76d9efde9c5c5d3753ed6d67feeac9936d8b71085353ccf6dff8b464
stream1,685,cnn_dm_summarization,300,full,AR|LayerSkip|APRIL|DEL,40f3aaa76d28824442f6706e6fa46d2c9c485af7975989550cc8dbc2530591b0
stream1,686,cnn_dm_summarization,301,full,LayerSkip|DEL|AR|APRIL,e4c14448f5a25a91b15c447ed5e4ed873da934dd5de1daabf261ebf09217b72c
stream1,687,cnn_dm_summarization,302,full,DEL|APRIL|LayerSkip|AR,ac654090b89654a76dc485ac0050fa1e5ae0b0807e8c4e3562c513b4235b240f
stream1,688,cnn_dm_summarization,303,full,APRIL|AR|DEL|LayerSkip,3bf85bf5f31deed58eabbe4353bdc61689578a43106b628383ccc0cb2f251d93
stream1,689,cnn_dm_summarization,304,full,AR|LayerSkip|APRIL|DEL,25b891fd4d0cbbcd1a2bba145963b189ccb489a55702b44735bdc85394088c82
stream1,690,cnn_dm_summarization,305,full,LayerSkip|DEL|AR|APRIL,c0b9b5a65115b492469b7204a90094dd929b01892036e28dbbe2ef27b896d44f
stream1,691,cnn_dm_summarization,306,full,DEL|APRIL|LayerSkip|AR,96b553ce2a799d8e7adbe7a626ebc2cc1e76ea217f46796fbd14691608891c5e
stream1,692,cnn_dm_summarization,307,full,APRIL|AR|DEL|LayerSkip,270aa995d56f90f58e290290ad9fe1e3969209d484030072b8fecc8f55b3c2b4
stream1,693,cnn_dm_summarization,308,full,AR|LayerSkip|APRIL|DEL,9222f650101ebf7ec928ee196ef96adac77f06ae9c5844b8cd48b8277f6bd7b4
stream1,694,cnn_dm_summarization,309,full,LayerSkip|DEL|AR|APRIL,25ff8cd862fe173447425fe90ad018872e8b90ede6a1fcb44a08d60381d85661
stream1,695,cnn_dm_summarization,310,full,DEL|APRIL|LayerSkip|AR,139eca5dba2356e7f2dd0747bfdc93b03b38588a9a3fe8c03fcef301de614e70
stream1,696,cnn_dm_summarization,311,full,APRIL|AR|DEL|LayerSkip,cb0277b7eca43f028276d977f38dfc21089604424ba5e30bdb648732fb824bcc
stream1,697,cnn_dm_summarization,312,full,AR|LayerSkip|APRIL|DEL,a0f5a599188c5c08ce797f52f501a23bf4694af317ce61ce2e8488439e769fd8
stream1,698,cnn_dm_summarization,313,full,LayerSkip|DEL|AR|APRIL,a1e5a047424e5ea756289ac5b30655a9873051d8dd5bb9bb1c710e79a90791c9
stream1,699,cnn_dm_summarization,314,full,DEL|APRIL|LayerSkip|AR,bbf52c8403786b7b2b26eb688135c8948a9cc48140bb2c264832581bdb911247
stream1,700,cnn_dm_summarization,315,full,APRIL|AR|DEL|LayerSkip,7a137fb530e69c5edec0a804730bab4b5bfbd2e67f75c1485df4ed0b709fa662
stream1,701,cnn_dm_summarization,316,full,AR|LayerSkip|APRIL|DEL,6c89e8023ef616618fd32a9bd15c97abfda294744d6730aa2480f94c2d0a67d2
stream1,702,cnn_dm_summarization,317,full,LayerSkip|DEL|AR|APRIL,b8bf3e1425b443b660abfa750bc2cb48ac585e8c468887fc8f3446afd2f88487
stream1,703,cnn_dm_summarization,318,full,DEL|APRIL|LayerSkip|AR,867b1c5de5850e2dbbccf5f68ac3610acb8a070b41e4bea0afe73077ec76a3d3
stream1,704,cnn_dm_summarization,319,full,APRIL|AR|DEL|LayerSkip,5abf3c83d90a3f344fcf439e9d5adab7d05d67f958f228b2172f400a305c247d
stream1,705,cnn_dm_summarization,320,full,AR|LayerSkip|APRIL|DEL,c046cc7fc06fa2d26a3338a1fc4f31b5702d2f5c9ac06d45c5d5e985e372c6a5
stream1,706,cnn_dm_summarization,321,full,LayerSkip|DEL|AR|APRIL,57cc240e69562099cafa96883cc4deecfb65a705a88d35ff961c1db0680efd9e
stream1,707,cnn_dm_summarization,322,full,DEL|APRIL|LayerSkip|AR,a7ad5389fd8967446b47e1f188fb9f0181758de9d0d090ab3b9fa4f3876d5fde
stream1,708,cnn_dm_summarization,323,full,APRIL|AR|DEL|LayerSkip,02aee15a3715825b0fd28b68f1e72169d201a0783731289f3f9ace2e6edac9df
stream1,709,cnn_dm_summarization,324,full,AR|LayerSkip|APRIL|DEL,ccf8ae4ee5db0ae10f917b822acc4e714a29d4c38d525925e18c29ee2dcaf42b
stream1,710,cnn_dm_summarization,325,full,LayerSkip|DEL|AR|APRIL,ef6913d43d4df9c6a6615b04083c6cc4ce51b389add30bcfe5baa625495fca1c
stream1,711,cnn_dm_summarization,326,full,DEL|APRIL|LayerSkip|AR,576c33a4193936b2f54fa5b7d76bd1c74849e6cf6c262410b8700c3365503a1a
stream1,712,cnn_dm_summarization,327,full,APRIL|AR|DEL|LayerSkip,1e824c4e4a256e0e2f34c449d88c9401ef7e1cd1c1ffc316a5b7f2a2a824bdb9
stream1,713,cnn_dm_summarization,328,full,AR|LayerSkip|APRIL|DEL,f9c64eff7faf65adfa1ae062d86e3accf5e42195f2856fb3920ba39301063569
stream1,714,cnn_dm_summarization,329,full,LayerSkip|DEL|AR|APRIL,f807314dc8f421752ddcb31f0f80447df95745e2e5d3cf66d1b3f1346dfd7139
stream1,715,cnn_dm_summarization,330,full,DEL|APRIL|LayerSkip|AR,817a71d350056a870b44a00ce63a6bdf71b89c0466daee2b42396b474acc38eb
stream1,716,cnn_dm_summarization,331,full,APRIL|AR|DEL|LayerSkip,0a5ad0fa41d8e2292dac5766159b6c000715ec068db58665e97fc616f1f08dda
stream1,717,cnn_dm_summarization,332,full,AR|LayerSkip|APRIL|DEL,06aced8c4e891437f6d59ee0f309125c125feb11edd33cf210f4f52bb05183cf
stream1,718,cnn_dm_summarization,333,full,LayerSkip|DEL|AR|APRIL,f9cb8c69308dbef31b4478ef9e6bf3bb64435fbab4cc6ad84990cce6fbeb34e6
stream1,719,cnn_dm_summarization,334,full,DEL|APRIL|LayerSkip|AR,b597afd8ca0727a146f6be9607563c42c165099746a520c9040d85b76ce48f72
stream1,720,cnn_dm_summarization,335,full,APRIL|AR|DEL|LayerSkip,a7153d9e31294a78cb4224aeed22335093f84b2bd4609c0e7a8e6411e715201a
stream1,721,cnn_dm_summarization,336,full,AR|LayerSkip|APRIL|DEL,9e1888e1bef03810337a37d0fc9ca97005c1295a803164c4095d09e4e6a846e0
stream1,722,cnn_dm_summarization,337,full,LayerSkip|DEL|AR|APRIL,bcd0ab2e9b8adba31c43df20be42d22544e5570a3871452c201d9fc46311fea9
stream1,723,cnn_dm_summarization,338,full,DEL|APRIL|LayerSkip|AR,60b42b6eaafbb3aee7274b285c1971a66579b18b9d971fe056fa1b3c1ef422c8
stream1,724,cnn_dm_summarization,339,full,APRIL|AR|DEL|LayerSkip,646f8a8f1a57d1d42de9f0765182f43e133884ecb0d6c08ec9a6d90bef600f15
stream1,725,cnn_dm_summarization,340,full,AR|LayerSkip|APRIL|DEL,c6d4a4429ae136aa29c6dc1ad87e7f1ca5c7c36990065a79dcf37c280a24baac
stream1,726,cnn_dm_summarization,341,full,LayerSkip|DEL|AR|APRIL,9d08ccf57f75b4f01fd9fd3ca87e5fd3d01fdede03e4684a21b6ba602c257734
stream1,727,cnn_dm_summarization,342,full,DEL|APRIL|LayerSkip|AR,6ffede848af637fa2aa5f312595e9242b83c378bdab370f4574873cff4eb61ca
stream1,728,cnn_dm_summarization,343,full,APRIL|AR|DEL|LayerSkip,cba5b3f32b191ec8ab53768596676e3c253fda892017cd930c3efb9ed287ee40
stream1,729,cnn_dm_summarization,344,full,AR|LayerSkip|APRIL|DEL,799f55a9714e12e315f8d2f54bd60f5e5ab2da655d1aaa4b0afeae70f6afe3a5
stream1,730,cnn_dm_summarization,345,full,LayerSkip|DEL|AR|APRIL,5e0f038201049a05af84f71d4522ab93eaaf947220aab1b7a7d299bc8dde8c7f
stream1,731,cnn_dm_summarization,346,full,DEL|APRIL|LayerSkip|AR,c289b1943de31155e71151c78857ce99b7b6aba57a8a98cde1e56a916a065b5f
stream1,732,cnn_dm_summarization,347,full,APRIL|AR|DEL|LayerSkip,48984d32c4ee66264258b65684a2f954a65a734c2ba8ccf5c2005314b8306f08
stream1,733,cnn_dm_summarization,348,full,AR|LayerSkip|APRIL|DEL,2089b89af61317b4ca5ce476f4b5f4d6128e8c90fdc3a9d3ead07a7633e23cfb
stream1,734,cnn_dm_summarization,349,full,LayerSkip|DEL|AR|APRIL,659ce22601f96617db167ce8da5c5eae1b15bcbf715b98572d178517c7f1b9e6
stream1,735,cnn_dm_summarization,350,full,DEL|APRIL|LayerSkip|AR,23f2ae2382a6fb1e8cac8e1b3115b57f1a4fe3a8ca76fd36f4f3a1e02cd1b988
stream1,736,cnn_dm_summarization,351,full,APRIL|AR|DEL|LayerSkip,200645fc71b152d0b725f2e438c4c4640b0d966f12b49db6a93d7309ebe28688
stream1,737,cnn_dm_summarization,352,full,AR|LayerSkip|APRIL|DEL,cf65f60db79c051b5e2f69d457862459962198dcd983cd516174f1b27f43f5dc
stream1,738,cnn_dm_summarization,353,full,LayerSkip|DEL|AR|APRIL,a1d465d3d0c7b3a27a407ddadf9a275f2ae112c6e5b6fdbed5901556273ef7a8
stream1,739,cnn_dm_summarization,354,full,DEL|APRIL|LayerSkip|AR,aeed2568cbc591c8598686d401aa2793ce50d6efc7b815beb11362d13bfc883f
stream1,740,cnn_dm_summarization,355,full,APRIL|AR|DEL|LayerSkip,473f5823929870ad8027f027ed514677b209fe7e6915c5219fb2b1ead39ac549
stream1,741,cnn_dm_summarization,356,full,AR|LayerSkip|APRIL|DEL,dff68211f8e867afd5fb77de63b2a42019d1d745f0d11839ae17501d78985ac2
stream1,742,cnn_dm_summarization,357,full,LayerSkip|DEL|AR|APRIL,fbda6c0fb17e4ef33601d17fe4c9aeaca7ba00b9a2059677458bae7a7c722faa
stream1,743,cnn_dm_summarization,358,full,DEL|APRIL|LayerSkip|AR,7315d150021c9c27ad53ef661311af78c43cfd7685b322552d8134b839d11122
stream1,744,cnn_dm_summarization,359,full,APRIL|AR|DEL|LayerSkip,b1855d0fe537f605bcfd9a2a08d6bf83a154e854c173d865ddd82ccf8b73c399
stream1,745,cnn_dm_summarization,360,full,AR|LayerSkip|APRIL|DEL,b1341b2972ab4c02d9605c08f138f658bf0fa54de53537f424f85d177fe9cb48
stream1,746,cnn_dm_summarization,361,full,LayerSkip|DEL|AR|APRIL,9b512ab644ad8a82acb3ec460f0f1e100079994414eed21140db139f027c5ec4
stream1,747,cnn_dm_summarization,362,full,DEL|APRIL|LayerSkip|AR,bbd6f77681e554990c5e36882bcb660fff1a75ac748bece919f456f3fc07e921
stream1,748,cnn_dm_summarization,363,full,APRIL|AR|DEL|LayerSkip,b5fabdd378a6855d8fee04773b815a7c159f69d1ef26815e975e11f55aba468b
stream1,749,cnn_dm_summarization,364,full,AR|LayerSkip|APRIL|DEL,47a7faba28f11cd0c161c93802c1b80b2fb3e14c0b374ca37ee02cd053de725b
stream1,750,cnn_dm_summarization,365,full,LayerSkip|DEL|AR|APRIL,723b559910d54aabd28b1c14dbe6195f3c33137b8d5de66524abb613258ccf12
stream1,751,cnn_dm_summarization,366,full,DEL|APRIL|LayerSkip|AR,8bd6bc04b95314c0110225b032c3e854818487a511ca653da4321f212640e071
stream1,752,cnn_dm_summarization,367,full,APRIL|AR|DEL|LayerSkip,a38edd5bbf6e868b9b0708ca719b854abe5d976fd96238820f50d3425e628896
stream1,753,cnn_dm_summarization,368,full,AR|LayerSkip|APRIL|DEL,53be7a9680585af895a8dd7c786363d5c914851528654411b2e021c48a05fe86
stream1,754,cnn_dm_summarization,369,full,LayerSkip|DEL|AR|APRIL,418cfff8f74ba2109e720baa9bf8fde63b34bed6cd1b7974174934deaff9d61b
stream1,755,cnn_dm_summarization,370,full,DEL|APRIL|LayerSkip|AR,fe9ede0ff83e84d115b663de37b8717bd607d1d191a9fb3aaec8822496ddafeb
stream1,756,cnn_dm_summarization,371,full,APRIL|AR|DEL|LayerSkip,da70fde28851f82caf1e9386463005a62cc7a31980c5e15d483a6d5e5ee9fc6c
stream1,757,cnn_dm_summarization,372,full,AR|LayerSkip|APRIL|DEL,0f7a583eccce727f4aae4182406e23b9f1327ef81813771f0783d57929019bfd
stream1,758,cnn_dm_summarization,373,full,LayerSkip|DEL|AR|APRIL,28ce93d68fe3185a922b44f817de23cc07270eaf0f792727efe4eadc21adc3b1
stream1,759,cnn_dm_summarization,374,full,DEL|APRIL|LayerSkip|AR,2fdd49e64cddcaa05c2cb953b1e5c75b0100ec17892dcee438ec0b978511a3bf
stream1,760,cnn_dm_summarization,375,full,APRIL|AR|DEL|LayerSkip,f219a6be548871ea2e23ad47404e34f27ebb99e0db213892fbe10afe0ccae9aa
stream1,761,cnn_dm_summarization,376,full,AR|LayerSkip|APRIL|DEL,b970a3766c07d147787d5482606f47cbeb2abb6a1cedae26d741a50e1ed8e999
stream1,762,cnn_dm_summarization,377,full,LayerSkip|DEL|AR|APRIL,e0340bc32cc335ab29faf778b768c1ebebbbf5a06eb3ec3e8803a186f3c0e8fb
stream1,763,cnn_dm_summarization,378,full,DEL|APRIL|LayerSkip|AR,2c781ad685fd67ed0a6aae16d57cfb98580b22090a9f25ddac0494658b14b237
stream1,764,cnn_dm_summarization,379,full,APRIL|AR|DEL|LayerSkip,33a5118ff83c572d06e4bb14cdd496809afe66b8aeb9dcfd815b57f731bbf84e
stream1,765,cnn_dm_summarization,380,full,AR|LayerSkip|APRIL|DEL,7bff6984401eaefe40d1c40cbd76ae46e4bd1fc94fb7c9d72e98f0013e000073
stream1,766,cnn_dm_summarization,381,full,LayerSkip|DEL|AR|APRIL,1bccdc0532f2d3c6fe23ec39309983c2a7b177873f28db7d38d95ff6be444d45
stream1,767,cnn_dm_summarization,382,full,DEL|APRIL|LayerSkip|AR,b0c89e4f85be88275de09cd260d0dd15307c922a981cc59db30863b266999323
stream1,768,cnn_dm_summarization,383,full,APRIL|AR|DEL|LayerSkip,688619d614fc26836364216fa036f75da133bf599dba4f9f27fd80f5e0320f00
stream1,769,cnn_dm_summarization,384,full,AR|LayerSkip|APRIL|DEL,274688afbf1777358793b4651ca6e47c4cb6aff2e80400353b4e5b48f37b4c6d
stream1,770,cnn_dm_summarization,385,full,LayerSkip|DEL|AR|APRIL,fa5555d8c6ab55954990b13b3ead36fbbde92de75186b98a626fa06b0fd9313d
stream1,771,cnn_dm_summarization,386,full,DEL|APRIL|LayerSkip|AR,c5c018a0e43daf921ed41631bb65f8759f4fbf74bf66b64b5d2cd8ece6bbadc8
stream1,772,cnn_dm_summarization,387,full,APRIL|AR|DEL|LayerSkip,34de681f2705bf83851682c342e280b3dcc910311f1bc9879e4d4ebe931c9569
stream1,773,cnn_dm_summarization,388,full,AR|LayerSkip|APRIL|DEL,e5f0d59df91f1d67d24d636ac1077c6348700bf1dffdee1b6ced1d3bf58b4774
stream1,774,cnn_dm_summarization,389,full,LayerSkip|DEL|AR|APRIL,db2325dcc6546586c073e842a73dd493cd212d99c595aeeb6b69cc9b16820d63
stream1,775,cnn_dm_summarization,390,full,DEL|APRIL|LayerSkip|AR,58a184e68454edb8891222499698575808ba15d40881a23d3951513aab46c4a7
stream1,776,cnn_dm_summarization,391,full,APRIL|AR|DEL|LayerSkip,dae1b7c7e35dc9b5dec7aba5be19abe1d9eb7c069fdf8200b15955fe4d4987e8
stream1,777,cnn_dm_summarization,392,full,AR|LayerSkip|APRIL|DEL,b3e2e670e258fe9cc98b58c5c3073bf8eb24eb127199a3eb8058cb6d1e72f9ef
stream1,778,cnn_dm_summarization,393,full,LayerSkip|DEL|AR|APRIL,f87f524e8c62ed2902b53d2f8892f21d8d8969e2ff11a24b6f79973f30180064
stream1,779,cnn_dm_summarization,394,full,DEL|APRIL|LayerSkip|AR,1264920e34cbeda94c0dd5c799cc89ef9e5c2ee0d1c8b8a41bb80fa8e87af544
stream1,780,cnn_dm_summarization,395,full,APRIL|AR|DEL|LayerSkip,cea5f567f128d4e03c3963f32146f5baab30563ff5164648d73b8e417362e696
stream1,781,cnn_dm_summarization,396,full,AR|LayerSkip|APRIL|DEL,ff378459e423289678b2886fc1ae22a0f7c4596a9f54f1c165abd0b1cfefe1d0
stream1,782,cnn_dm_summarization,397,full,LayerSkip|DEL|AR|APRIL,b70df631584108524ab7d3bc87c0d899c7eba52401c31cd08d519fbce97c93df
stream1,783,cnn_dm_summarization,398,full,DEL|APRIL|LayerSkip|AR,3bb1eb22de0f6097249435db6d31e0e172c3e880a10ddadb248e792f2aace2f3
stream1,784,cnn_dm_summarization,399,full,APRIL|AR|DEL|LayerSkip,e97d74a98092952bfacd04d802ff3a33a269254e6a84436da85cc4970f6f1c10
stream1,785,cnn_dm_summarization,400,full,AR|LayerSkip|APRIL|DEL,06131eae72a40c0dfe024b9138d11ecac873b3bc00f60565d12c4edfc07d9f46
stream1,786,cnn_dm_summarization,401,full,LayerSkip|DEL|AR|APRIL,bf40717a726b4503b3dcb460f08d3143a775f5118dd4111aa0a959d37aa95093
stream1,787,cnn_dm_summarization,402,full,DEL|APRIL|LayerSkip|AR,44167a1e2c33c2398b965163de8dc6aaa25e0ae02f621ca80ebe1098f5b47de5
stream1,788,cnn_dm_summarization,403,full,APRIL|AR|DEL|LayerSkip,4dc3d150e3a3a7cdd3cbc16945de959a0cf41a35c0bf797e3ed500f22cf8ea00
stream1,789,cnn_dm_summarization,404,full,AR|LayerSkip|APRIL|DEL,864b5d0d0c932d4a5517a22797b30522f929265ce0458915f5c6cc85bfe6a21e
stream1,790,cnn_dm_summarization,405,full,LayerSkip|DEL|AR|APRIL,9cd9a126abab69d78f501375705eaf87c81338e65d71ca6763d40f0b3f98bbfc
stream1,791,cnn_dm_summarization,406,full,DEL|APRIL|LayerSkip|AR,33d5781c33154d263083ff53a1bae65874c108d02c807b9a74e73d7d69ffb8a7
stream1,792,cnn_dm_summarization,407,full,APRIL|AR|DEL|LayerSkip,3e585e14ba417e7177e7e5d6675f424b65ca6ca8fb79ea90165917ffacddf575
stream1,793,cnn_dm_summarization,408,full,AR|LayerSkip|APRIL|DEL,06f8482fdeda38dadd28575f8ff0be9ff74eb77922a25844b7b883203ad17f3e
stream1,794,cnn_dm_summarization,409,full,LayerSkip|DEL|AR|APRIL,61e85283e43964f6d251da566aec2ba4b164d642b62fb3aedc17374aaa266994
stream1,795,cnn_dm_summarization,410,full,DEL|APRIL|LayerSkip|AR,0c9927160de9e7a0cf14b6c3f35c1f3fc701dc3d079193ca9b8c36caca9af3fa
stream1,796,cnn_dm_summarization,411,full,APRIL|AR|DEL|LayerSkip,dc5b2eb98b398c7be76808461214d82abd8ed7e5eba7fb3bc8c55a81c5d4fe0d
stream1,797,cnn_dm_summarization,412,full,AR|LayerSkip|APRIL|DEL,2e2ec0782026883c7fb60baf9cdea1c66a335ca1949c7ddffbbbf89158756217
stream1,798,cnn_dm_summarization,413,full,LayerSkip|DEL|AR|APRIL,c8d338fca39858cc5fea6be59e75feb579c88506c78338ee9d7db482d73d2066
stream1,799,cnn_dm_summarization,414,full,DEL|APRIL|LayerSkip|AR,d2651e611b6a4cf8b6eaa20ee75fca0b619f20b7805f3c5828dbcf2ebc8ca394
stream1,800,cnn_dm_summarization,415,full,APRIL|AR|DEL|LayerSkip,892267f3042a664ca086d1cb6cbec9a543623b938a5f56f85a6c42700197afaa
stream1,801,cnn_dm_summarization,416,full,AR|LayerSkip|APRIL|DEL,f7314111b99660d42db0af770eb8a874607096cb1a7f25e830976b26263dd229
stream1,802,cnn_dm_summarization,417,full,LayerSkip|DEL|AR|APRIL,0775e7826be99bcc0e36174a5d96d09ee217e751fa81c282837bae1a06bf9323
stream1,803,cnn_dm_summarization,418,full,DEL|APRIL|LayerSkip|AR,411a4d6d30e36612791bbb81665bfe6e38ddbd279bb44a5d5f037b974e733b14
stream1,804,cnn_dm_summarization,419,full,APRIL|AR|DEL|LayerSkip,efeb9c2a399f641b32320f27540a9de044cbfda694ba0fe05eef531ccfb0a76c
stream1,805,cnn_dm_summarization,420,full,AR|LayerSkip|APRIL|DEL,77e3b232b618f4947280919761abbdb26ff02d9163913141ece4f9048cb3421d
stream1,806,cnn_dm_summarization,421,full,LayerSkip|DEL|AR|APRIL,2afaa8d42e37cb8aa62e1508d801fae9ae4f27f2c7eeb7f581a9e44756fdb0aa
stream1,807,cnn_dm_summarization,422,full,DEL|APRIL|LayerSkip|AR,97e90a7f9e6ad8c4b43050dd9057829f9a2991ee5060882126cba4775732d787
stream1,808,cnn_dm_summarization,423,full,APRIL|AR|DEL|LayerSkip,8990ba8637c934088606d9a22b7c8a945ed4d5890a14c637fc166c782e33982b
stream1,809,cnn_dm_summarization,424,full,AR|LayerSkip|APRIL|DEL,a3cc293b90362f317284ecd39acf03ac6c598919f8f10aacff57ac15de33a7eb
stream1,810,cnn_dm_summarization,425,full,LayerSkip|DEL|AR|APRIL,365eec0c16e78a1c6b6e9e22baf260fb5a2aef415aafd1eebae19683c234529b
stream1,811,cnn_dm_summarization,426,full,DEL|APRIL|LayerSkip|AR,7a2db3aa9f9acd21a28162fa5532b7eb4a8accb1704d1a5204f458bc4988ad99
stream1,812,cnn_dm_summarization,427,full,APRIL|AR|DEL|LayerSkip,f4cd8b48a67d5ba3b3158f5bc47656e86b248f41fff61bfd0d2aeff6da19a766
stream1,813,cnn_dm_summarization,428,full,AR|LayerSkip|APRIL|DEL,a096087e975475fd09bf3e6d3aee9cc137f962c07840fc9f317f34e51519d0ed
stream1,814,cnn_dm_summarization,429,full,LayerSkip|DEL|AR|APRIL,4b45fd3c62c580285a622dbdc2c95d288eaa069af5d55866af589a2c0efb5ecd
stream1,815,cnn_dm_summarization,430,full,DEL|APRIL|LayerSkip|AR,02dd4fdd2aa80f7785ab1bc7f98eeda44666c40a938b166ddc0916e5e64e281a
stream1,816,cnn_dm_summarization,431,full,APRIL|AR|DEL|LayerSkip,e0a7ae55ba242ad266252b01646846b391c4a1ffa0364d10c572d5bb29e29059
stream1,817,cnn_dm_summarization,432,full,AR|LayerSkip|APRIL|DEL,b276d1213205a872c3c7e96d760811fe03ade3402a245ac5b7bd2b1db42b64e2
stream1,818,cnn_dm_summarization,433,full,LayerSkip|DEL|AR|APRIL,95f5e3bbc0833a6e1626ba4cb03208668ee123072c67e584c3032ef318aefc29
stream1,819,cnn_dm_summarization,434,full,DEL|APRIL|LayerSkip|AR,ca74ff8cacf253bf6c9a43c22a655c99688413a29b15be9b9c2e1f610be60d2a
stream1,820,cnn_dm_summarization,435,full,APRIL|AR|DEL|LayerSkip,9f48c838f08dfe56b06ed59c0091857f974c641415d8d964a82a6fe615793079
stream1,821,cnn_dm_summarization,436,full,AR|LayerSkip|APRIL|DEL,d6c1032349adaa848f5f77c8f919801626fc53dab4058e2d9c71cba5730b65f8
stream1,822,cnn_dm_summarization,437,full,LayerSkip|DEL|AR|APRIL,adf0c6872f29dccf2c7df07341ee30a2114e5acb2af35c44031156d1fb84d870
stream1,823,cnn_dm_summarization,438,full,DEL|APRIL|LayerSkip|AR,7d3da0bb8553dd4aee8cbff6c4053732bc6b19d6d4fd6174b52d91a0e930ff6c
stream1,824,cnn_dm_summarization,439,full,APRIL|AR|DEL|LayerSkip,a5c8787362a78b71b2a73dc24492ba4eecbd91e13556ae02694dcc2826f8978a
stream1,825,cnn_dm_summarization,440,full,AR|LayerSkip|APRIL|DEL,6671696ffcf3f76b01343d505f541fe5b60677a9d7ff6e830c7e8938118f7818
stream1,826,cnn_dm_summarization,441,full,LayerSkip|DEL|AR|APRIL,95237c42c9a9f8210077fe6db6ac85a7ab8eba2e56dab6d3e0e9b113c8aa3d19
stream1,827,cnn_dm_summarization,442,full,DEL|APRIL|LayerSkip|AR,3620621c835d6a80a9f0b1a85949e0ad0022b96edf84954a8741d42edff0640d
stream1,828,cnn_dm_summarization,443,full,APRIL|AR|DEL|LayerSkip,eded1cefd2446578ae4da1817d569c60b2f4b69c5c64a2344bff8e9ea555acf9
stream1,829,cnn_dm_summarization,444,full,AR|LayerSkip|APRIL|DEL,3fda0a282f6a843d3a53f3af9fa8e1284a22ee9c380400c4b0ecd4314b9dd95c
stream1,830,cnn_dm_summarization,445,full,LayerSkip|DEL|AR|APRIL,b1d8ff56c5fb7adc05f9ecbd9ef6cb6d87cd9c15865a537cdc11c09ceb97613a
stream1,831,cnn_dm_summarization,446,full,DEL|APRIL|LayerSkip|AR,678fdfe5bd137e17ae7d37b27b47c67171325090df1854d36aacf2b04246be1e
stream1,832,cnn_dm_summarization,447,full,APRIL|AR|DEL|LayerSkip,ecf7068d3777010c32308e7f69ed5eb73256fd40b5fc565f5447694225c9699c
stream1,833,cnn_dm_summarization,448,full,AR|LayerSkip|APRIL|DEL,3c4db9c314561839538e50e5a20ff78dd20521c469715d5597fa0a13a6539f30
stream1,834,cnn_dm_summarization,449,full,LayerSkip|DEL|AR|APRIL,125acf86f7ad23b87e4911c65ae352d6b8976e4854f6e69e4cd746620944699b
stream1,835,cnn_dm_summarization,450,full,DEL|APRIL|LayerSkip|AR,c48f10348ca2bb30d9278d7682ae6fb692ce04697115ddcb42e2a48178ab9b16
stream1,836,cnn_dm_summarization,451,full,APRIL|AR|DEL|LayerSkip,265454cfbee812593972504745c7c2259e2aacc0dc7f550c026a7ab23b445e8f
stream1,837,cnn_dm_summarization,452,full,AR|LayerSkip|APRIL|DEL,b7b0f799c98b8ee6d86a6a2f3403675bae0ae98097a5247f820436c166d7e323
stream1,838,cnn_dm_summarization,453,full,LayerSkip|DEL|AR|APRIL,92a1cf8834d45282a2bfd427dda0291d20d924450a97001d4bd5471dfdab09cb
stream1,839,cnn_dm_summarization,454,full,DEL|APRIL|LayerSkip|AR,0007717fc0a6d10f7b5b9ae03cbb691914c6bd6eb838a97a2db2961231de7c33
stream1,840,cnn_dm_summarization,455,full,APRIL|AR|DEL|LayerSkip,08949c6471e93b179b2e88aca2570a465cd68bd243146c654a7873242bbe2790
stream1,841,cnn_dm_summarization,456,full,AR|LayerSkip|APRIL|DEL,34e4b14ea0a9da12dd54be9ab3caa517ef02c02916a953a4de6992aa870a332a
stream1,842,cnn_dm_summarization,457,full,LayerSkip|DEL|AR|APRIL,d7c14bdb4f153acc6f5bee1049fe65c1a37c35d2075e07b993365c78fa7d28ce
stream1,843,cnn_dm_summarization,458,full,DEL|APRIL|LayerSkip|AR,82d5576497bbba4afa30030965ffbec9db2e6cb62bbc23fa03de5763c5442115
stream1,844,cnn_dm_summarization,459,full,APRIL|AR|DEL|LayerSkip,43b0266856a0403a4a8ef835f07ea12856d653b98a3a880ca6aa158c072fa39f
stream1,845,cnn_dm_summarization,460,full,AR|LayerSkip|APRIL|DEL,728253183011c5610489eff4a587ab1a213bb485971ff32f5380cb0662f72f35
stream1,846,cnn_dm_summarization,461,full,LayerSkip|DEL|AR|APRIL,e2700e71671b662b1bd1582b52b7e1415588fea66a20588010327c2264ca3d2a
stream1,847,cnn_dm_summarization,462,full,DEL|APRIL|LayerSkip|AR,0c09a3ac30c837e9cc6e272c28572a13b1e3d30dd98f6ad4554953d0ca8498b2
stream1,848,cnn_dm_summarization,463,full,APRIL|AR|DEL|LayerSkip,481a2f5d7a850a3e3d2fcdc4c4380e5f938af25e1e1af25b5562b00ba0de8ef9
stream1,849,cnn_dm_summarization,464,full,AR|LayerSkip|APRIL|DEL,2883f6ee5cc872ed0c8d646db5ff676bee66119c28e5bc72c9ddcef89adf52f6
stream1,850,cnn_dm_summarization,465,full,LayerSkip|DEL|AR|APRIL,3edba8c0b2af1bae74dae246637e4aead93a3ba0b884955ac41b42d0b40319f9
stream1,851,cnn_dm_summarization,466,full,DEL|APRIL|LayerSkip|AR,1b2eef288516470841534f8f24426baa9d0e1db28b0b98e125404a0e5420737f
stream1,852,cnn_dm_summarization,467,full,APRIL|AR|DEL|LayerSkip,ffaf1e75f1f81a6a11197c67ab661eddcc189ac5e7842b7512bea30cfba25f59
stream1,853,cnn_dm_summarization,468,full,AR|LayerSkip|APRIL|DEL,068f176cf1d03d338700b4d47bb3b2c2f66a80e20d9e91052116345d250ce612
stream1,854,cnn_dm_summarization,469,full,LayerSkip|DEL|AR|APRIL,9561939f646840d66c4896100f520fcb230e1f77a2a33e4337c7a8685c3818b9
stream1,855,cnn_dm_summarization,470,full,DEL|APRIL|LayerSkip|AR,5b26ea160e49c6f661a782d6134f3fe731b377a15b09d8b793716d280d11cd3c
stream1,856,cnn_dm_summarization,471,full,APRIL|AR|DEL|LayerSkip,00e56cb7f738020e1f3bc26b5ac7d195a57b703f971f4709253c82ce25f61db3
stream1,857,cnn_dm_summarization,472,full,AR|LayerSkip|APRIL|DEL,be36dea063281d3df5ae769af8ad58020dd97278de4a4d051d9859207975a9eb
stream1,858,cnn_dm_summarization,473,full,LayerSkip|DEL|AR|APRIL,c34d765b154bbd96ccc69832b7312e05067269a243e7675a46deb270cb65bffc
stream1,859,cnn_dm_summarization,474,full,DEL|APRIL|LayerSkip|AR,9f56ec6d8fc1675b0c0b9bb03fd55ff257e0e31b035ee1439c10abe0f82e9b97
stream1,860,cnn_dm_summarization,475,full,APRIL|AR|DEL|LayerSkip,226166f7ed029195c9e5545e520ee0a23995eb2188f5135b1a4b02b48c2e8b45
stream1,861,cnn_dm_summarization,476,full,AR|LayerSkip|APRIL|DEL,443037214c06961dd2ab916af3ef8d1e839efa695b140b9b4470ce725c3779cb
stream1,862,cnn_dm_summarization,477,full,LayerSkip|DEL|AR|APRIL,261c0282a291ed4b363851c4a9d76a3133946d083beef3cd57b2eb6091378c43
stream1,863,cnn_dm_summarization,478,full,DEL|APRIL|LayerSkip|AR,f70d34bce170ec731f31f67503aab273e15f9d9d606f2c8618901e113799db9f
stream1,864,cnn_dm_summarization,479,full,APRIL|AR|DEL|LayerSkip,d55be72e69986379caa1c9c57f2571e4d6c65b3bbb3930a8d0ba4ae3be88a5e2
stream1,865,cnn_dm_summarization,480,full,AR|LayerSkip|APRIL|DEL,25301b3281ed01b53db0c40a6c5195388362b99dd995a1179f31eee3253d5aa2
stream1,866,cnn_dm_summarization,481,full,LayerSkip|DEL|AR|APRIL,398dac733af0071799a39776756e3f8744973dda37270a80a3dec425fbf8b065
stream1,867,cnn_dm_summarization,482,full,DEL|APRIL|LayerSkip|AR,45e884b6ee886989dff1155558b3db20e126cce02a28b96c277cf4610effe156
stream1,868,cnn_dm_summarization,483,full,APRIL|AR|DEL|LayerSkip,67bd214fc847b3b60bc8327486d4e48570abd9da76076c5b477c9f873cf9d422
stream1,869,cnn_dm_summarization,484,full,AR|LayerSkip|APRIL|DEL,3ab2051f05cf3fed1800d66aff26119c92c34bbea6f26374303681a5a4330c52
stream1,870,cnn_dm_summarization,485,full,LayerSkip|DEL|AR|APRIL,ac45f65311394a7bb91315e65359951c8ee18c2758dfaab4f6a49f360cf30a92
stream1,871,cnn_dm_summarization,486,full,DEL|APRIL|LayerSkip|AR,c5c24128483f5accbfbca3b66a1c10a65c6e12621b59e954caf27da8558d4b86
stream1,872,cnn_dm_summarization,487,full,APRIL|AR|DEL|LayerSkip,e96baf85361265e721610b6cc9258494285489f5c8d1be9ec5c1aafff7108b74
stream1,873,cnn_dm_summarization,488,full,AR|LayerSkip|APRIL|DEL,a0831b16956beec564881360f267839eb21b0453c7c5f35fe332336dd20c992a
stream1,874,cnn_dm_summarization,489,full,LayerSkip|DEL|AR|APRIL,c0c774a4db6d7dfee9c678af3adf148234cfb02a0744db8e0b5f005ed3c461f4
stream1,875,cnn_dm_summarization,490,full,DEL|APRIL|LayerSkip|AR,e2051c0b3ab5b8fdf20d104f31142643c58190c2ea95720992046118a18021f6
stream1,876,cnn_dm_summarization,491,full,APRIL|AR|DEL|LayerSkip,452634ba8e9c62cfa889e90fc79631f6ad70c0ee5f3dc0d0b7d0aced379a63ad
stream1,877,cnn_dm_summarization,492,full,AR|LayerSkip|APRIL|DEL,84d1f2b384ba0c762bde600e822d9667ba23cbfc0781ab6b711212f783342c7f
stream1,878,cnn_dm_summarization,493,full,LayerSkip|DEL|AR|APRIL,721757c9bb7b70778dc27c57a1245ba9b0f8ebb642c29dcbbd5c4d0084f740e8
stream1,879,cnn_dm_summarization,494,full,DEL|APRIL|LayerSkip|AR,4e0eaadaf7b878d1b2df4d9cc0d85fb32b3859c1a2ffe385b1b07b544f13c475
stream1,880,cnn_dm_summarization,495,full,APRIL|AR|DEL|LayerSkip,2790dac60c9046b2103a5a1c8db4e5e1cf26465295040d277c200bacfcb2f2cc
stream1,881,cnn_dm_summarization,496,full,AR|LayerSkip|APRIL|DEL,47333651360f35246c101e3bdc9abe9212f055f65894519005cb548acdcf97fc
stream1,882,cnn_dm_summarization,497,full,LayerSkip|DEL|AR|APRIL,054dbdae241f2f92d9d68feb0221bec71ad264d63139000cc3fdf4a1ca07cbb1
stream1,883,cnn_dm_summarization,498,full,DEL|APRIL|LayerSkip|AR,23e040729ba990696a1ef1b5bd071500cb4cfa64afca26c454463e438be5e91f
stream1,884,cnn_dm_summarization,499,full,APRIL|AR|DEL|LayerSkip,95e326b54417989e363477660d4abb07ff2316f2689136e0eeffa4480acd935f
stream1,885,cnn_dm_summarization,500,full,AR|LayerSkip|APRIL|DEL,ec6445ef3ad94ea2966ff357c1123f0b294606754693c6d6c9cc5b02a17ec193
stream1,886,cnn_dm_summarization,501,full,LayerSkip|DEL|AR|APRIL,8aac4f021d3fd914db443ddad63fb9dbf0783e84a16eb228c3bcc7266e5c4f41
stream1,887,cnn_dm_summarization,502,full,DEL|APRIL|LayerSkip|AR,81de27790208b6f70042b648552da2219d6517fc0c4b86a523e0c5a290e842b6
stream1,888,cnn_dm_summarization,503,full,APRIL|AR|DEL|LayerSkip,0599c1ad33ec328cce70462381a64d083a345f2c1c1c66591acac8fea3a8eb31
stream1,889,cnn_dm_summarization,504,full,AR|LayerSkip|APRIL|DEL,9c130b7b0c6daa92aa1707607db0da51dc59b6c099fb226cd65cf5544124482e
stream1,890,cnn_dm_summarization,505,full,LayerSkip|DEL|AR|APRIL,5fdb3e4dcb3b9bb3362f2250543ef2ea2d3de4afd035fe0ecf3cda8db916c771
stream1,891,cnn_dm_summarization,506,full,DEL|APRIL|LayerSkip|AR,6ec5c73625d5d35f1c0dfdb692061a567564f19255eab6e87f7f7fea1213d9d6
stream1,892,cnn_dm_summarization,507,full,APRIL|AR|DEL|LayerSkip,687666c9927c902c0f109123bd1f98f1c2e0f547720a06b94f41d36e4cca304d
stream1,893,cnn_dm_summarization,508,full,AR|LayerSkip|APRIL|DEL,8a8cce38a8e9a039efbe9e922a032490ac207a9fe234413ce898ea5613027459
stream1,894,cnn_dm_summarization,509,full,LayerSkip|DEL|AR|APRIL,6242214ab5c3fe2f67b06a18365657410539246f4d433a6c5e5ca6b36943835a
stream1,895,cnn_dm_summarization,510,full,DEL|APRIL|LayerSkip|AR,a6de8e8b36f7f1277f005221dbfbab39ccf4902878ab992feefd534584881bad
stream1,896,cnn_dm_summarization,511,full,APRIL|AR|DEL|LayerSkip,6666c5fb0cea584d6d0588c0b163f31452295902bab7383519808cc2cf05a3f0
stream1,897,cnn_dm_summarization,512,full,AR|LayerSkip|APRIL|DEL,34716a4cabc1315e9a2d7d3f9eb518a742b732e6a340e974544a02701c91f603
stream1,898,cnn_dm_summarization,513,full,LayerSkip|DEL|AR|APRIL,e314a4ef5befc643cd53c7dfed9c82cb67596f011cf698930fc8a0fd47994b5c
stream1,899,cnn_dm_summarization,514,full,DEL|APRIL|LayerSkip|AR,dd5cf8eff8465033926c9f2b81a57c68eeb29e513606197a2d5b457155f3fa3f
stream1,900,cnn_dm_summarization,515,full,APRIL|AR|DEL|LayerSkip,a07f49f8c8c84a089ae0778a47b8dfdfabf9010adfc089c0e29a8a45ae9ce1a5
stream1,901,cnn_dm_summarization,516,full,AR|LayerSkip|APRIL|DEL,c4c96aa86249495a7da1f14d670fce63975c173c3b8763ce23bd4390229bdc5f
stream1,902,cnn_dm_summarization,517,full,LayerSkip|DEL|AR|APRIL,39126e364a0c7322c2391621ea8054175334fa9463ed3047af4ed92129dbee89
stream1,903,cnn_dm_summarization,518,full,DEL|APRIL|LayerSkip|AR,ae96d70234aeed3d8ef4f16f58aa8c6f578d6f7f5e2e660578f59a3f674773fe
stream1,904,cnn_dm_summarization,519,full,APRIL|AR|DEL|LayerSkip,c2ed751e5fde4e5974f7e8da6bb1551c8fe6dc7f9973d40aef292f7e1ba56776
stream1,905,cnn_dm_summarization,520,full,AR|LayerSkip|APRIL|DEL,4d8ee52496df35e2ec6f1d30607868034e2e3e19804acc2f7df866c25049a6fd
stream1,906,cnn_dm_summarization,521,full,LayerSkip|DEL|AR|APRIL,2b51f1c9213a33938c2c6f431189641149ae8232c016c6bcc090af30de5400fd
stream1,907,cnn_dm_summarization,522,full,DEL|APRIL|LayerSkip|AR,8aa1f864f172ac33f7d6652d5f6f0c352910a7450767d59573413b6efd2121bf
stream1,908,cnn_dm_summarization,523,full,APRIL|AR|DEL|LayerSkip,2ca7a2a9a2392b09e321ec711cfa01f9bf32fdd7246a26a28024e68f584effe5
stream1,909,cnn_dm_summarization,524,full,AR|LayerSkip|APRIL|DEL,23a4900d2aca80f525c9dc31a1b1d967f9108e60c1480c9246495b09920dd9b9
stream1,910,cnn_dm_summarization,525,full,LayerSkip|DEL|AR|APRIL,baeda79e9a69a0f3f38743c8df0068845e962ba0bc6bcb50901b903a57ea298e
stream1,911,cnn_dm_summarization,526,full,DEL|APRIL|LayerSkip|AR,20cd065dcc7e4051da45b0556a0db38ab5b8e641463d01c417c62a9ee38b2610
stream1,912,cnn_dm_summarization,527,full,APRIL|AR|DEL|LayerSkip,33ba11c8fc41f3852cc336307138c57f05ccfd8218c6e4e8e9edf0cf376a5320
stream1,913,cnn_dm_summarization,528,full,AR|LayerSkip|APRIL|DEL,87164a390ce805ef63c499f7dcdda36a6b94bcff900c7823c4f72e2772404b5d
stream1,914,cnn_dm_summarization,529,full,LayerSkip|DEL|AR|APRIL,fc383934981687412c4c561b0426af3dc76ce063d2120af14a6f2f5ae22bbf77
stream1,915,cnn_dm_summarization,530,full,DEL|APRIL|LayerSkip|AR,365703a57a61e786ebcb3b8e8a476d8b57e5b7c701ba84e49425a984d850fadc
stream1,916,cnn_dm_summarization,531,full,APRIL|AR|DEL|LayerSkip,a8226947a6668c210d936a98bafb2e01b4a8c63c68264792476efae3547d5535
stream1,917,cnn_dm_summarization,532,full,AR|LayerSkip|APRIL|DEL,922ab1c050de54c1b9907365e03032d96630c78278963b8bf2f80f9748e167d8
stream1,918,cnn_dm_summarization,533,full,LayerSkip|DEL|AR|APRIL,c7a8295eae3e1a0905e012776d3805987d3d28c6a5d8a3c89e432188c556269f
stream1,919,cnn_dm_summarization,534,full,DEL|APRIL|LayerSkip|AR,8d1bea4cccd0a8b8e099709a477365bd60385606eb359d8ef9ff35ca1a2cc184
stream1,920,cnn_dm_summarization,535,full,APRIL|AR|DEL|LayerSkip,90cb76f1d8e6cccf6a68289c43788a3a2b8574b5067fb1e64ae175694dd0d10a
stream1,921,cnn_dm_summarization,536,full,AR|LayerSkip|APRIL|DEL,8713a0a141e08d79097aca8b3dd24c6ab7f822af2c15dba13f18f96df58edbc6
stream1,922,cnn_dm_summarization,537,full,LayerSkip|DEL|AR|APRIL,9f199d1fa2ee5e92a694da1ad2a297638a94374c2e173c9eea04025fd4f18379
stream1,923,cnn_dm_summarization,538,full,DEL|APRIL|LayerSkip|AR,5509d39b6f61c0725c76073d73c19a917c9fab0ee5bfcbf556e95d363a62ee79
stream1,924,cnn_dm_summarization,539,full,APRIL|AR|DEL|LayerSkip,519cbac5fcd9fb04d723c668b0f01c125eb128ab37457234002d5de17c744e5e
stream1,925,cnn_dm_summarization,540,full,AR|LayerSkip|APRIL|DEL,f2b58e4bacd2bc749a158ec4059bb7ee18ff03af2f177dee476848ae79ab7c0a
stream1,926,cnn_dm_summarization,541,full,LayerSkip|DEL|AR|APRIL,ce7cddc0bf256ab5809c3b7d80dc53ed18b056e5e0cac9307795ebd1063d9ac7
stream1,927,cnn_dm_summarization,542,full,DEL|APRIL|LayerSkip|AR,e9204adc7300182de7f1368761bc0b32aca45a0946d6c559ccea91d3b15541fb
stream1,928,cnn_dm_summarization,543,full,APRIL|AR|DEL|LayerSkip,70af6f762aa988dd70ff1f5ce09f9182f6703e28b8a14e7004e680f42465bfa8
stream1,929,cnn_dm_summarization,544,full,AR|LayerSkip|APRIL|DEL,d69ae861c7cee34c2c327d96c4acb906767a97811da789b681149d81304be7c1
stream1,930,cnn_dm_summarization,545,full,LayerSkip|DEL|AR|APRIL,1ac5466ab5cb4e783118423b1c6983cac2639f670e97a16711511a0917984702
stream1,931,cnn_dm_summarization,546,full,DEL|APRIL|LayerSkip|AR,c2d8db92fe0013f7efada4e78bfcc31ce3622c8f0a48806889cda6fe76589913
stream1,932,cnn_dm_summarization,547,full,APRIL|AR|DEL|LayerSkip,34877d4385eacd09e21022bab19acbf932a223fa8f538381279a37394b2b704e
stream1,933,cnn_dm_summarization,548,full,AR|LayerSkip|APRIL|DEL,c3bd4592c6ec659321732b96ce343c64fc80602695c030eb45a5b1505173b1f3
stream1,934,cnn_dm_summarization,549,full,LayerSkip|DEL|AR|APRIL,0fbe2491a73cd7bd4b1b5a66b0412eeec1e62882435d1bd3aa3756e2498f7af2
stream1,935,cnn_dm_summarization,550,full,DEL|APRIL|LayerSkip|AR,18a8bfe0e8ee2794e3f61890ac98de5e02220b9de015d6d9da7b1fcafe6ccdac
stream1,936,cnn_dm_summarization,551,full,APRIL|AR|DEL|LayerSkip,1f6655b7ed5aaec525108a88b69ec566d1c14a57e3725467813a747611dc179f
stream1,937,cnn_dm_summarization,552,full,AR|LayerSkip|APRIL|DEL,612a3fd6fa5f4d54c3ea9d2052752391640f06bd0224f066e6aa88c1458217c9
stream1,938,cnn_dm_summarization,553,full,LayerSkip|DEL|AR|APRIL,7cf3461162cd20c82a02814cba02fadf983d140a98dfe7d0a0ad1ca036933c94
stream1,939,cnn_dm_summarization,554,full,DEL|APRIL|LayerSkip|AR,948101efe9788c025f6e49296add98fd2ffc3ab1c7e036f21bf7e5adbc7e9c55
stream1,940,cnn_dm_summarization,555,full,APRIL|AR|DEL|LayerSkip,fed2d75d5bcf0a177dae69850302c512dba0b718f43406dae91ccc8a29a5147a
stream1,941,cnn_dm_summarization,556,full,AR|LayerSkip|APRIL|DEL,eb56fb133cb1caa28ddca9d5e613b76d866dff2369669bacf6a4b146a2ce89e7
stream1,942,cnn_dm_summarization,557,full,LayerSkip|DEL|AR|APRIL,d8a85e4643f9c194350726a70bf254acb621e1c1c62b3b82f98fc065f70cfd82
stream1,943,cnn_dm_summarization,558,full,DEL|APRIL|LayerSkip|AR,e06a6e0c61d17290044a5984aecffc1b48b0a1c8c0f58a54b9fd8745b774e28d
stream1,944,cnn_dm_summarization,559,full,APRIL|AR|DEL|LayerSkip,9594a912a639665781331f82102c468172521ece81bddf3ed454687ad865a87d
stream1,945,cnn_dm_summarization,560,full,AR|LayerSkip|APRIL|DEL,1967648467fb5a1c1787d825451678f28b64ab071bed009e15c18ea0cca8cb0b
stream1,946,cnn_dm_summarization,561,full,LayerSkip|DEL|AR|APRIL,db9d55b3f5eaf985ba08d7b7dd0969da6b06d69a3811d9d7fc039f45125d10b9
stream1,947,cnn_dm_summarization,562,full,DEL|APRIL|LayerSkip|AR,28563ed56aaec9feff8e91c4bca70160ee30069b0d26867b7ec1b3f098b3d5eb
stream1,948,cnn_dm_summarization,563,full,APRIL|AR|DEL|LayerSkip,e09f273931f15c230c336af24d4574efc42a691dbb5572904523f4f6c37bceda
stream1,949,cnn_dm_summarization,564,full,AR|LayerSkip|APRIL|DEL,d019685ced53e9ea4bdd96c7a791cabc1fa8187251b3a5db239df54d6f1a5117
stream1,950,cnn_dm_summarization,565,full,LayerSkip|DEL|AR|APRIL,13b897b7397a5f310aa1d1b440a6264fe388c57f9a37b69b85b0e2c9f85de2f1
stream1,951,cnn_dm_summarization,566,full,DEL|APRIL|LayerSkip|AR,c09a3b18c2ff1efc6e50f2e8912784cc9fc2119673fd5a2b3c8f9d97e0002361
stream1,952,cnn_dm_summarization,567,full,APRIL|AR|DEL|LayerSkip,e66b7c986ef1f76bc633e8f263698f02af5dea6a2793e4ddba8295ed2da0853e
stream1,953,cnn_dm_summarization,568,full,AR|LayerSkip|APRIL|DEL,6ab79c9bce2a72bcead633450b5148e4dcd0d7eb2001175d82bb68b3570ccf0e
stream1,954,cnn_dm_summarization,569,full,LayerSkip|DEL|AR|APRIL,154e3d4f3ae335af7aaa0cbc3e36751a2b93fda55474f6c4cd7038352e0ace48
stream1,955,cnn_dm_summarization,570,full,DEL|APRIL|LayerSkip|AR,8187e198029f6fbbcf3dfa2575059815aad6dadb69e90951c0c38d4d354ca17f
stream1,956,cnn_dm_summarization,571,full,APRIL|AR|DEL|LayerSkip,0576958bd2d79bc2bd9f343de595d9abcbcdddc97e3fe127404accd0d9af56e0
stream1,957,cnn_dm_summarization,572,full,AR|LayerSkip|APRIL|DEL,2c8152e6cf10bb34ab505c51b4e6e3e4f1e9238aadfc5a63999802d5ee27b9fe
stream1,958,cnn_dm_summarization,573,full,LayerSkip|DEL|AR|APRIL,499b614db6286ba5a1267f307a2cb7ce30fc42fd4b0c3ab24c0c474175c355da
stream1,959,cnn_dm_summarization,574,full,DEL|APRIL|LayerSkip|AR,c696619b84e63d5d6991b082251e5c3d86262f9f945d762af18aa0362ab51e2c
stream1,960,cnn_dm_summarization,575,full,APRIL|AR|DEL|LayerSkip,2b888ebf974a8936512a35303ee1401691cf3a4f04106108096f42924077801f
stream1,961,cnn_dm_summarization,576,full,AR|LayerSkip|APRIL|DEL,0d295a5e4e0b41d59d23e51d58f4879007ec39f7b322ff25f3fdd3af3a17bbcc
stream1,962,cnn_dm_summarization,577,full,LayerSkip|DEL|AR|APRIL,b7fc407bf7f06347a53dd741ba9449d4a51a8b667697761544df18cd74bdfecc
stream1,963,cnn_dm_summarization,578,full,DEL|APRIL|LayerSkip|AR,0dae6546f52d36c52a057287defd49e1a9224efe76eeb825e1a35537e38bd29c
stream1,964,cnn_dm_summarization,579,full,APRIL|AR|DEL|LayerSkip,be0ebe76d61122c1e4b6c173fc24b2f54f9a5143130c946d525351d21d64ddbf
stream1,965,cnn_dm_summarization,580,full,AR|LayerSkip|APRIL|DEL,a3f7363776b700895e96c3ad42dedfbd5c65c4d0a1a18faf5fb2ca8d8b129fa2
stream1,966,cnn_dm_summarization,581,full,LayerSkip|DEL|AR|APRIL,1f5e77681d0690eee0788bbdb08a40e230ab1c348f0b15e19c4dc2946830297b
stream1,967,cnn_dm_summarization,582,full,DEL|APRIL|LayerSkip|AR,57d6db832256a77f75959e36456ecf396c2abb8cf5036d9625fcf1cf7429ebd9
stream1,968,cnn_dm_summarization,583,full,APRIL|AR|DEL|LayerSkip,67312d5a22af46c440d213dcb5dc87bd51a4e122bc7ca41224f433a28542e684
stream1,969,cnn_dm_summarization,584,full,AR|LayerSkip|APRIL|DEL,c837c80a86d23d253ac6d13e722e49b646938cb4935180551530f595cd420e23
stream1,970,cnn_dm_summarization,585,full,LayerSkip|DEL|AR|APRIL,bc4f42163c8471ccc1eb29e9ae65d7853caeceffa950d6071ef25a7226eda756
stream1,971,cnn_dm_summarization,586,full,DEL|APRIL|LayerSkip|AR,41ec966de38c55ab9fdd653303fa8f2d2be5572cba12939f6f1738ea8a33367b
stream1,972,cnn_dm_summarization,587,full,APRIL|AR|DEL|LayerSkip,0815c7ca0c3c1ca67cac4f575851f18350786e833bb62e2a808e2651aff84c42
stream1,973,cnn_dm_summarization,588,full,AR|LayerSkip|APRIL|DEL,ac9ca1d3dc8e1cd1e0b35ddbb8175a224a2234f0f1badb861c47f823777980aa
stream1,974,cnn_dm_summarization,589,full,LayerSkip|DEL|AR|APRIL,64672471f17001c189bad6c034414cb782885bd6d6016157c1db895cbbb07915
stream1,975,cnn_dm_summarization,590,full,DEL|APRIL|LayerSkip|AR,75d06e4de42952c1c5db46f1f1f446e36b9472c64944219930ff3836bb616d36
stream1,976,cnn_dm_summarization,591,full,APRIL|AR|DEL|LayerSkip,e090f342bd4d1346de5629dfe02ffc3877d054b5d70d0c4f9e606b5f1556f01a
stream1,977,cnn_dm_summarization,592,full,AR|LayerSkip|APRIL|DEL,94b4129458a15d000105d6f62be79b773d33348b6853df91668162085c68e374
stream1,978,cnn_dm_summarization,593,full,LayerSkip|DEL|AR|APRIL,529aabec6133069dc74ddbf26cd6fe2bb7f81e99556ae4f1d986a8fa85cb9dcf
stream1,979,cnn_dm_summarization,594,full,DEL|APRIL|LayerSkip|AR,c657e28d82602f5cfd6f8be0a47c07ad1c01517f8a530f056a05440945d3c73a
stream1,980,cnn_dm_summarization,595,full,APRIL|AR|DEL|LayerSkip,e54959a6796ac67ea00cbbfb2611986564171a8a7347a95a6e35dc80a6a124d2
stream1,981,cnn_dm_summarization,596,full,AR|LayerSkip|APRIL|DEL,5ffd3a400ea683f1db808b3cae0a24482d74288794f49b200ebf10bd63a62383
stream1,982,cnn_dm_summarization,597,full,LayerSkip|DEL|AR|APRIL,22cac9ae9d55c9d884de976c57c6f196f312450c50dd232f3ebdb1e85a7f54cb
stream1,983,cnn_dm_summarization,598,full,DEL|APRIL|LayerSkip|AR,8574425bbefa3d3501827b3cf3d77a0c5615e5aff423608adc760fb2205d2757
stream1,984,cnn_dm_summarization,599,full,APRIL|AR|DEL|LayerSkip,82e41742cf65517f34a2160668abeb4e9e1554de3c24284a1d58f57184a6342e
stream1,985,cnn_dm_summarization,600,full,AR|LayerSkip|APRIL|DEL,21cd8d9d7df06ec6fe759cad418f999376013dd8c02466a8932e424a9eda60e4
stream1,986,cnn_dm_summarization,601,full,LayerSkip|DEL|AR|APRIL,32429ab94a5e08d4d7c5554ed9ddac1455fe444bd088aa2ff38bcd31bd736423
stream1,987,cnn_dm_summarization,602,full,DEL|APRIL|LayerSkip|AR,6af4f4f40e2d188018c69b9d58aa57a15982ce32ce0e419bb62476e654858c8f
stream1,988,cnn_dm_summarization,603,full,APRIL|AR|DEL|LayerSkip,06b8bf6e44be100629c50af7b44044c14d02557ee47d94d36756c38bfd7d4c5e
stream1,989,cnn_dm_summarization,604,full,AR|LayerSkip|APRIL|DEL,341ee6fd370c12c8b7ba39773a292ecb4e0b7e3c16357bee7c56fb48fc9433d0
stream1,990,cnn_dm_summarization,605,full,LayerSkip|DEL|AR|APRIL,16ba0983469060698df7beed7ed5f373bb9979670612022aed8bdb784f308ec1
stream1,991,cnn_dm_summarization,606,full,DEL|APRIL|LayerSkip|AR,cc80d888acfc003e0b1b8df473c7da037d8b4415a0573ee3f1e26124ab1fc5d3
stream1,992,cnn_dm_summarization,607,full,APRIL|AR|DEL|LayerSkip,58dd6c55ac4c0f269bb28d0b01263efbc8549914722d5f6973d1671266545a5c
stream1,993,cnn_dm_summarization,608,full,AR|LayerSkip|APRIL|DEL,9dd5b144b0d4688f54163664f3e0a8c4cc8355d1a995f8a8a248ef397032b32b
stream1,994,cnn_dm_summarization,609,full,LayerSkip|DEL|AR|APRIL,fc4c62144d09ae6588e420204306e539a5a2aa62ea93c3152b5e6e26fa3f35a2
stream1,995,cnn_dm_summarization,610,full,DEL|APRIL|LayerSkip|AR,44c441fc03b805b263baddede8c68c37ebb54d95571aa424b95f7c7bf89b15de
stream1,996,cnn_dm_summarization,611,full,APRIL|AR|DEL|LayerSkip,29a5e2d8f953e3c9893f7f083b84986fd9aba25b05d61db064b579d17f6c581e
stream1,997,cnn_dm_summarization,612,full,AR|LayerSkip|APRIL|DEL,8b16b6d64c3bbc067ff0612d36856a561cf01a235e550e73a41bb86505e24b41
stream1,998,cnn_dm_summarization,613,full,LayerSkip|DEL|AR|APRIL,6be82fdb604756ca3a62d3102c5ff28f898a3a6b2cec642f16e88c57cb0cba72
stream1,999,cnn_dm_summarization,614,full,DEL|APRIL|LayerSkip|AR,b9b5c6d067754662d562b6a6e8cc020b251b90ded20900c473fd35aa4b54239c
stream1,1000,cnn_dm_summarization,615,full,APRIL|AR|DEL|LayerSkip,923384f59491e649583b88e2f8ac7e3b36b4d5e6250f5be300771bd92f567c71
stream1,1001,cnn_dm_summarization,616,full,AR|LayerSkip|APRIL|DEL,7d962448213a4dc6457ccef760460ae6d3e10fedc9c35f62af802778274c8d18
stream1,1002,cnn_dm_summarization,617,full,LayerSkip|DEL|AR|APRIL,3a5a3eb5b9d3b10b24b451aefbe7b6bc1976a7bc2f4e78feef4f795e13cd98f4
stream1,1003,cnn_dm_summarization,618,full,DEL|APRIL|LayerSkip|AR,8a75b4caa80a592312e6b75c2be15ebeffeea0f8b2a40cbe4c6bf13879f70329
stream1,1004,cnn_dm_summarization,619,full,APRIL|AR|DEL|LayerSkip,b451d96a4e0a47b518b08aba20795f43dccf8170ed96917a3ff0738729e89c46
stream1,1005,cnn_dm_summarization,620,full,AR|LayerSkip|APRIL|DEL,e19278dff2f6279f134676119098e16147fe6f5dca5ba52be189e8ccc8c17d71
stream1,1006,cnn_dm_summarization,621,full,LayerSkip|DEL|AR|APRIL,31f2279b6926e32f63b2cffd910ca8d991b1f55b2a28e333f0e4c8845e4c0e93
stream1,1007,cnn_dm_summarization,622,full,DEL|APRIL|LayerSkip|AR,2618529c818afe3e3b1be01c66f4e3303eb899fe7725a59297c6b9809f5aec30
stream1,1008,cnn_dm_summarization,623,full,APRIL|AR|DEL|LayerSkip,8eadc4d2c51cadb507f84bda2844a63608698235e5f29b57db06f2adc512ab55
stream1,1009,cnn_dm_summarization,624,full,AR|LayerSkip|APRIL|DEL,1582c565bb2691815da5863874626b6f62d36097896d43245e198c1a0d0f54c5
stream1,1010,cnn_dm_summarization,625,full,LayerSkip|DEL|AR|APRIL,b4a7941a10984daed4f94ab25c2f72d8d027c0d98bcc6c0ca7097c65cf54da5a
stream1,1011,cnn_dm_summarization,626,full,DEL|APRIL|LayerSkip|AR,939a95a4532f65c61ab4baf9067ddcbec7027ac6bb3b219281ac6f5b3ce6b6bd
stream1,1012,cnn_dm_summarization,627,full,APRIL|AR|DEL|LayerSkip,a9dce92646b5cef52b1378cbc78de1a678f00a95e69fe94980dd67c7423cb754
stream1,1013,cnn_dm_summarization,628,full,AR|LayerSkip|APRIL|DEL,24295b3f099c6d34e6644b13fe9d28919aa061ac50dcec4bf05248da21c5f6d8
stream1,1014,cnn_dm_summarization,629,full,LayerSkip|DEL|AR|APRIL,f852de6631059fe8f4dde5e047b3f39d919cb780950df7b945733347369bba0c
stream1,1015,cnn_dm_summarization,630,full,DEL|APRIL|LayerSkip|AR,e2a674522146be56ba0953913413edc7220022285528dd25ea0da9267c06b297
stream1,1016,cnn_dm_summarization,631,full,APRIL|AR|DEL|LayerSkip,2e70d6c7a4f0575ce079b58c466b78e1212d988e237af9691055cccb1358558a
stream1,1017,cnn_dm_summarization,632,full,AR|LayerSkip|APRIL|DEL,27a92d94deb2c6c8fc6dce52daec7ea66f0773d1396ff2963640b075d59f9537
stream1,1018,cnn_dm_summarization,633,full,LayerSkip|DEL|AR|APRIL,d2b986b61517cf7049640b88ab6cf57f60d3bfb3a3ef324cb0f5a229c066ea6a
stream1,1019,cnn_dm_summarization,634,full,DEL|APRIL|LayerSkip|AR,97e95f9fb40c5e0163dc8348a90c5767b333761cc7179db6146da0d12073f054
stream1,1020,cnn_dm_summarization,635,full,APRIL|AR|DEL|LayerSkip,008c19e8aae4e3c98b15fbe559e030a8aa857030a9725220d3dbc31dce043d03
stream1,1021,cnn_dm_summarization,636,full,AR|LayerSkip|APRIL|DEL,157d1f7fb71407ae07224c96bd94984ddabda86316ae7a999467a7318f8428d7
stream1,1022,cnn_dm_summarization,637,full,LayerSkip|DEL|AR|APRIL,6f5da7c927798a589e0d8b5f4c883d7cd62e55dabb86e10cc863c3bb405f4c87
stream1,1023,cnn_dm_summarization,638,full,DEL|APRIL|LayerSkip|AR,8f1cd50bf51ddd61182efa0788e846781337d6d3a02f6ac3156c226233737dc0
stream1,1024,cnn_dm_summarization,639,full,APRIL|AR|DEL|LayerSkip,274f511bf3d0029d59c5f10e642d3cc9561bb42ca4985cc66ce23ce449269f93
stream1,1025,cnn_dm_summarization,640,full,AR|LayerSkip|APRIL|DEL,6c19155608604348f0067e314e98256eb5b2f5e83d2022517a67d4b09083524d
stream1,1026,cnn_dm_summarization,641,full,LayerSkip|DEL|AR|APRIL,8c71659156c1a2fc9eda6b77883b882710a6e12464419f3b927e159ee06eadf6
stream1,1027,cnn_dm_summarization,642,full,DEL|APRIL|LayerSkip|AR,0eb1c909622fe2821d3150ef182f81c362dfc8c8e028e25873a643315eeb99c2
stream1,1028,cnn_dm_summarization,643,full,APRIL|AR|DEL|LayerSkip,08647ca083e2176d00bce3043bcf65cf9993d87daf7a07f9e42c2db9ae7f68d8
stream1,1029,cnn_dm_summarization,644,full,AR|LayerSkip|APRIL|DEL,0a8ce784ba644bb8c48deb1fb6fdaf98ac3e42eb14f2b5dd323df0a7c19ba6cc
stream1,1030,cnn_dm_summarization,645,full,LayerSkip|DEL|AR|APRIL,741a87d075ce780bee250536c1f7005ab16207c4d1c9c6783f71e053d313ccec
stream1,1031,cnn_dm_summarization,646,full,DEL|APRIL|LayerSkip|AR,775f2f05c1ff44a52ab42b5ace729654dba35dc1c1f6bdb1344184afa3d697c4
stream1,1032,cnn_dm_summarization,647,full,APRIL|AR|DEL|LayerSkip,07f86e890d7885fd6788e54a580619399811ee3288f1ec31932d271a01ec6143
stream1,1033,cnn_dm_summarization,648,full,AR|LayerSkip|APRIL|DEL,52d192cea205dfc285357474e4d70c85ec2bb69d343b888626aa5f60ed8748d4
stream1,1034,cnn_dm_summarization,649,full,LayerSkip|DEL|AR|APRIL,b9826703f89303cff178181d52f10f9be0823f7c185d257ec33c422c23b5b60f
stream1,1035,cnn_dm_summarization,650,full,DEL|APRIL|LayerSkip|AR,2b3390d65f6f5162b1881bb974eede77d0d7b715d7543c129f65dce5fd9fdef8
stream1,1036,cnn_dm_summarization,651,full,APRIL|AR|DEL|LayerSkip,c8da00d905868a9ebc08b91bfc89e6ce4bebe3595808cb91268ba525d32260b6
stream1,1037,cnn_dm_summarization,652,full,AR|LayerSkip|APRIL|DEL,98b6c1b819bab631689ec21cefb003f7dc1f11d9faf97548cc888e57d7f89ee8
stream1,1038,cnn_dm_summarization,653,full,LayerSkip|DEL|AR|APRIL,6838df8c9cc2f5af2292fa0b5b948f09190ef095b35d3e0058ebe6363355efa3
stream1,1039,cnn_dm_summarization,654,full,DEL|APRIL|LayerSkip|AR,f8f8cfe1ab2c97672247ae1b41e34515254dd025f8404239816885b0a7d6f59a
stream1,1040,cnn_dm_summarization,655,full,APRIL|AR|DEL|LayerSkip,eed811e7e5452855b54a728058e6d26061ce7a7ce17746e6bd4c956380bfe2b2
stream1,1041,cnn_dm_summarization,656,full,AR|LayerSkip|APRIL|DEL,13107be7e666225e73dd041e7bd3dd6d17e4d0b9c3d2d7b21eaa811c4f6b585d
stream1,1042,cnn_dm_summarization,657,full,LayerSkip|DEL|AR|APRIL,fa7b7b8856f5a5d6615515b8157387edfb908162d1535b64639d3ec31b15cb1f
stream1,1043,cnn_dm_summarization,658,full,DEL|APRIL|LayerSkip|AR,5f4b3e2e4bae8492b2bb632a90e2012a8902c6a8b21bf5b2ee12847b14527217
stream1,1044,cnn_dm_summarization,659,full,APRIL|AR|DEL|LayerSkip,01f0b2fc615d5cf6599653c9eaf0831d0c7d4bced4fd95e277016fe6d58864c3
stream1,1045,cnn_dm_summarization,660,full,AR|LayerSkip|APRIL|DEL,5f4d8b791b905c86297e05460f69133580797c05c0c44bee7f9a439590de7914
stream1,1046,cnn_dm_summarization,661,full,LayerSkip|DEL|AR|APRIL,5394716573a197be8aad02e7fd8b6b0efd3d115a2e62855f714aa3664dd7f651
stream1,1047,cnn_dm_summarization,662,full,DEL|APRIL|LayerSkip|AR,55765c9e87b102ecbfc196c3541c82b06f0887a084222a351876f7e9a2749b01
stream1,1048,cnn_dm_summarization,663,full,APRIL|AR|DEL|LayerSkip,680ec4d55a474c5a3a49a65ecb1c8d0518c3aa95e367f67022d9f3e18dd582ce
stream1,1049,cnn_dm_summarization,664,full,AR|LayerSkip|APRIL|DEL,2a98921a7d80ef92250372337b730a660a624b172f04d3e08f746b01984b2f57
stream1,1050,cnn_dm_summarization,665,full,LayerSkip|DEL|AR|APRIL,9060722aa9e1e6ccf3ae40d390cd2087cedf1759fe5f9fb9fe385ec33e67829c
stream1,1051,cnn_dm_summarization,666,full,DEL|APRIL|LayerSkip|AR,db349a0eb15a249d7888416d2c0bd5494d8c6dafafd5c95473099bc5e1c373fd
stream1,1052,cnn_dm_summarization,667,full,APRIL|AR|DEL|LayerSkip,62a3dacf6f469c7566cc8e75573c729380c55bebe7215996e6b0f06670312f1c
stream1,1053,cnn_dm_summarization,668,full,AR|LayerSkip|APRIL|DEL,69d9d1f7b431f5f195c4da688a165e414d0d53da3361a955cebf7f8bc549d93c
stream1,1054,cnn_dm_summarization,669,full,LayerSkip|DEL|AR|APRIL,66f5b4171f5fe81f68928398dadd3a3ba4460c7e5a2eadc955c348088847a63e
stream1,1055,cnn_dm_summarization,670,full,DEL|APRIL|LayerSkip|AR,8c416ed713b8e5e4b8fe0bf13c5de98b92f0fbfcca523ab59cc56cac2c665aa5
stream1,1056,cnn_dm_summarization,671,full,APRIL|AR|DEL|LayerSkip,aec5d29e35bf665d3bc8f8df347eafd8284dcdba1a128b9dd9593f88fbc0b41d
stream1,1057,cnn_dm_summarization,672,full,AR|LayerSkip|APRIL|DEL,216e01f40dc58a950367c9f9108c8af41fdcf671a2dfbe0d697603c18279bd74
stream1,1058,cnn_dm_summarization,673,full,LayerSkip|DEL|AR|APRIL,ad1a44ac4db7bd757285a684f4228a9ea64bbb8a979785c20eccfcfe2357a220
stream1,1059,cnn_dm_summarization,674,full,DEL|APRIL|LayerSkip|AR,498ee6f0c0e3c932e333408949d8dd1d67385a93ed441dd7ac0e345fc584f0b3
stream1,1060,cnn_dm_summarization,675,full,APRIL|AR|DEL|LayerSkip,57ecef2159d75e43312fa18e98b8436559ca100ff44d7b08860d2436dfe345fb
stream1,1061,cnn_dm_summarization,676,full,AR|LayerSkip|APRIL|DEL,e4ed069be1c6427b5105e3af7a8d8ecd23393d8499847c0998d98024d2bb43e8
stream1,1062,cnn_dm_summarization,677,full,LayerSkip|DEL|AR|APRIL,77cfae76e2393bbd9619913aaa05e81719afa6ff127b0103a28ded585ee82891
stream1,1063,cnn_dm_summarization,678,full,DEL|APRIL|LayerSkip|AR,6e66ce151027830d3b79ad64950a83fc50b0757665910d2d2ef34b53dbf97a72
stream1,1064,cnn_dm_summarization,679,full,APRIL|AR|DEL|LayerSkip,5461f300586c12ee25c249151fe397f23f0afd84eb07072b35285a43ccc2d061
stream1,1065,cnn_dm_summarization,680,full,AR|LayerSkip|APRIL|DEL,4bd55817df6b03b84d344a54c5b886a113e4780c92fce45bc9f2016a0bc4ec57
stream1,1066,cnn_dm_summarization,681,full,LayerSkip|DEL|AR|APRIL,6cad296ca184017264d4d407730946e3b012270fdbc1a8e6b7154bd3b5a987c2
stream1,1067,cnn_dm_summarization,682,full,DEL|APRIL|LayerSkip|AR,6bfaa2841eb2c17ae4f3f7cfee4cffea62ad8576736ca408359dff7805908a73
stream1,1068,cnn_dm_summarization,683,full,APRIL|AR|DEL|LayerSkip,cf4472e4cc150f9e4d181f7f350b00aacbe544f47310101b6760d9d0469ef4b6
stream1,1069,cnn_dm_summarization,684,full,AR|LayerSkip|APRIL|DEL,d2ee2fabbb59152e62b1336c294f712010d6c22e0f04a48debfe39b98c99e22b
stream1,1070,cnn_dm_summarization,685,full,LayerSkip|DEL|AR|APRIL,16da4aaa5586bd066c1caa33b25f13c484e19127a71f6ba6998daf16877f691f
stream1,1071,cnn_dm_summarization,686,full,DEL|APRIL|LayerSkip|AR,41a59a0e72d236224780898a103812f4d46da135d76b25247862584397fa368a
stream1,1072,cnn_dm_summarization,687,full,APRIL|AR|DEL|LayerSkip,e8e6863a174d2c5a62952cbed080f473457b6b31847f6f21e061964fc71aeffe
stream1,1073,cnn_dm_summarization,688,full,AR|LayerSkip|APRIL|DEL,769461ed916aa7835fecceebd65162139e950f1fa8f0f45822b243aea7a6fda7
stream1,1074,cnn_dm_summarization,689,full,LayerSkip|DEL|AR|APRIL,28c1fedc8d857c58b7c104f7d5caeb3197721075401ea080ba9ca3f4f4b48d14
stream1,1075,cnn_dm_summarization,690,full,DEL|APRIL|LayerSkip|AR,6ce183eea17fbbf8e3dfb5577b03b4497e7b30bd4d6dfc329823f54b4f2d96b9
stream1,1076,cnn_dm_summarization,691,full,APRIL|AR|DEL|LayerSkip,1bd2d6dbbbc9ef95ad40219ce0dee9778da55b109f8cd8c7552357e6403cd5f1
stream1,1077,cnn_dm_summarization,692,full,AR|LayerSkip|APRIL|DEL,8c960136aceb75b63ac054ff5193154e7e34701ef4999961f1195a6894dfae34
stream1,1078,cnn_dm_summarization,693,full,LayerSkip|DEL|AR|APRIL,aa5926ffd48621d34928690fd072953190c0735c7270c72c886de090722f4f6a
stream1,1079,cnn_dm_summarization,694,full,DEL|APRIL|LayerSkip|AR,d5d6b52e54447668cb004f4cf7b18a660a0c0360db1ed07b927674cf19078b1a
stream1,1080,cnn_dm_summarization,695,full,APRIL|AR|DEL|LayerSkip,8906b10a771dd9c416040a1a50f7fc8e7edce6174a9bd37d0afca57e2efb9d67
stream1,1081,cnn_dm_summarization,696,full,AR|LayerSkip|APRIL|DEL,d290709d0af850e9cb6eab23c11b6a98fb60576c28d549dfac3935aaf0b2b425
stream1,1082,cnn_dm_summarization,697,full,LayerSkip|DEL|AR|APRIL,0240ed269f181a8519e6635bcf0c81911c1977113f5f2eb00b743cd5a2e81495
stream1,1083,cnn_dm_summarization,698,full,DEL|APRIL|LayerSkip|AR,14c4b46c22f91fbf78cba32d681f05d63bdd106c36effb30995d59d87069015a
stream1,1084,cnn_dm_summarization,699,full,APRIL|AR|DEL|LayerSkip,8a8c86eef6c1841999dd2c74c1b464802401b0f8f816ca47f1f7f325ab75d397
stream1,1085,cnn_dm_summarization,700,full,AR|LayerSkip|APRIL|DEL,2313aabd8a38408aa7d992d240a2647d7deafcad14412a1bc864cc4b17e468f2
stream1,1086,cnn_dm_summarization,701,full,LayerSkip|DEL|AR|APRIL,3bb9b077e69b45760da17148fee80ee8d28005503a37b833c8efe3bbaa0e3d8e
stream1,1087,cnn_dm_summarization,702,full,DEL|APRIL|LayerSkip|AR,897386f9ee99bee4070f160ab0fd323f272c42423a163ba87fae1fd011d5f8a8
stream1,1088,cnn_dm_summarization,703,full,APRIL|AR|DEL|LayerSkip,28d85250bdf3ee5ee63874f7554f308d9fd5298fb37c03d9f43fae2b41f6476f
stream1,1089,cnn_dm_summarization,704,full,AR|LayerSkip|APRIL|DEL,83bd8f2b3d071aa51d71e9f87042a6064ff3df9775b4aef966033eed6b5e9283
stream1,1090,cnn_dm_summarization,705,full,LayerSkip|DEL|AR|APRIL,cdf8ad450760b3eab6d86ebd9d38d4a7b6101e42c0b38d9aa2fe857350060fea
stream1,1091,cnn_dm_summarization,706,full,DEL|APRIL|LayerSkip|AR,1bd59aa49d192c117f3915e35d77414d4e5ee0df5c79f5cac294afac9afcd252
stream1,1092,cnn_dm_summarization,707,full,APRIL|AR|DEL|LayerSkip,2f9133786803bf2e9035a84c198129d24fdcfc89eba973058b164aac9789aa34
stream1,1093,cnn_dm_summarization,708,full,AR|LayerSkip|APRIL|DEL,d2c7e289f393ba6a32c51230b0e76406422eb71ac60094dbc4efea22957ffa26
stream1,1094,cnn_dm_summarization,709,full,LayerSkip|DEL|AR|APRIL,d56a67441e0d97817c40d3004df0bf5357deaae65bf6ef5f2813698753513e44
stream1,1095,cnn_dm_summarization,710,full,DEL|APRIL|LayerSkip|AR,4942481a0f59fca7d18e445fe0c3927567c358c53f6f0f4977b1bb198b71615f
stream1,1096,cnn_dm_summarization,711,full,APRIL|AR|DEL|LayerSkip,91a4ab7281e9d28d9eaf4e19bde906e4d0158782b73a4b36917c9470abcf9969
stream1,1097,cnn_dm_summarization,712,full,AR|LayerSkip|APRIL|DEL,5f3ee8cf1ced42b42ab65437afa976f035115e198afe466700ba8fd8b4d15580
stream1,1098,cnn_dm_summarization,713,full,LayerSkip|DEL|AR|APRIL,3baa6e953f6f202a5b805d49dedec803532f72c9dc0e303a12afe6d0131f768a
stream1,1099,cnn_dm_summarization,714,full,DEL|APRIL|LayerSkip|AR,10bd1fb449da2e7e78d114882b248bf047656f7646f272d7a1cbaa146766407f
stream1,1100,cnn_dm_summarization,715,full,APRIL|AR|DEL|LayerSkip,ef9a6c9d84a87b33694e3095168c1b80c67eee9b8a6f627d656ee16a3befb6c2
stream1,1101,cnn_dm_summarization,716,full,AR|LayerSkip|APRIL|DEL,3348133f5c35149d36127e46328f52e080ae1226c68653ac66f77bd35d73df06
stream1,1102,cnn_dm_summarization,717,full,LayerSkip|DEL|AR|APRIL,a8ba729151b476c87d3f5693ba3ef569aed215b6db24b5fc84d6f99d3cab9500
stream1,1103,cnn_dm_summarization,718,full,DEL|APRIL|LayerSkip|AR,fafe3e07cc683736f47deedb4a28e20e1194f61bf2a6825cdcdf88603de64162
stream1,1104,cnn_dm_summarization,719,full,APRIL|AR|DEL|LayerSkip,cfd4597e9ca5c65e35bf1015413adb3b5ab0a75f91dd7bc14aaa92230213a836
stream1,1105,cnn_dm_summarization,720,full,AR|LayerSkip|APRIL|DEL,d3f74c5079b521395ea040b86382aef4b309d13430ce8cab3247a0f2949fb77c
stream1,1106,cnn_dm_summarization,721,full,LayerSkip|DEL|AR|APRIL,5b5db0fda3b4e40a64f0018ebc54ec414eb47dd6a6d411079af9fd580793d289
stream1,1107,cnn_dm_summarization,722,full,DEL|APRIL|LayerSkip|AR,351ef2cf3410990ee1858a187c5d484f5af469015ef85dae4cb00e609ec8ae1b
stream1,1108,cnn_dm_summarization,723,full,APRIL|AR|DEL|LayerSkip,8f0a3294cb7678b3d04bcac85d264b20098674d92cf386d00ba1d42b93956fa2
stream1,1109,cnn_dm_summarization,724,full,AR|LayerSkip|APRIL|DEL,cc2573021f48835c87617c970bff52568a93904972bc49bc7f532779017bfde4
stream1,1110,cnn_dm_summarization,725,full,LayerSkip|DEL|AR|APRIL,b1c87fd9bc8ecd473bde85c14979293fee5c32b0446b5bfe32e8f6bb8228c647
stream1,1111,cnn_dm_summarization,726,full,DEL|APRIL|LayerSkip|AR,a6743fb41295a690942f51d1d6df8b47f6e058a18aada98cc2376bdbaee34e3e
stream1,1112,cnn_dm_summarization,727,full,APRIL|AR|DEL|LayerSkip,2599699d6e74a9fb4bf7fae046a8471ffc035a42644fc598c8a797f764d75f02
stream1,1113,cnn_dm_summarization,728,full,AR|LayerSkip|APRIL|DEL,8ee5d9a2b0c73a3d394c916c4b0141a11610bbe4c530b450f971a90ec8153603
stream1,1114,cnn_dm_summarization,729,full,LayerSkip|DEL|AR|APRIL,77736d93b23a2e07b79ef9bae0954ac3e203f5fe91719bdc1a59176f1e3b8986
stream1,1115,cnn_dm_summarization,730,full,DEL|APRIL|LayerSkip|AR,731c6b8bd36c34bdf57cbff079e3279e38c835411cbaa746ce70184a5bfd16be
stream1,1116,cnn_dm_summarization,731,full,APRIL|AR|DEL|LayerSkip,41c8bcd04fc013df5cb1fe2e8764174dbadab70d5018c48ccfa9e939b2705090
stream1,1117,cnn_dm_summarization,732,full,AR|LayerSkip|APRIL|DEL,c703c74047ffba76f2a4a6ca1d3818917e34bc27ed63426fadc0342ff4362675
stream1,1118,cnn_dm_summarization,733,full,LayerSkip|DEL|AR|APRIL,25f4cd7fb2117a3fb3a09b8290f7345e099d75462d1ff9425e2da10f568077c7
stream1,1119,cnn_dm_summarization,734,full,DEL|APRIL|LayerSkip|AR,ce4b592925371f27bddcd9d47e92e4861306379c0a3ae57a1bc16da32c0ce109
stream1,1120,cnn_dm_summarization,735,full,APRIL|AR|DEL|LayerSkip,61986ad14fda5d56124caf847e90f8b5107f678fbc2c175ddd8889f858d1abdc
stream1,1121,cnn_dm_summarization,736,full,AR|LayerSkip|APRIL|DEL,02599d5c202ae8543337e55e1dad0e0a915cdd448fd2652c6a12d45440ff6bf2
stream1,1122,cnn_dm_summarization,737,full,LayerSkip|DEL|AR|APRIL,0c10b2e1507ed18b75976d130fb127a1d61a7c5c2943e26cb6c76bbf273979de
stream1,1123,cnn_dm_summarization,738,full,DEL|APRIL|LayerSkip|AR,6de8db299ce068a383936fa4e238f0e2ecc25ad11f1909aad2af30b60995fc40
stream1,1124,cnn_dm_summarization,739,full,APRIL|AR|DEL|LayerSkip,203029b965a337b3e26f5ede73331371c565c9c65f1fcd141a0a25bfda1cd60e
stream1,1125,cnn_dm_summarization,740,full,AR|LayerSkip|APRIL|DEL,c2ea116d29d30171b629d5f99362fe4577b25110133a639472b43aac5927ccf4
stream1,1126,cnn_dm_summarization,741,full,LayerSkip|DEL|AR|APRIL,9871f91c2270f6f93c3e348a2cd7bd40fc9716997b3c7b6cd2a200f68549971e
stream1,1127,cnn_dm_summarization,742,full,DEL|APRIL|LayerSkip|AR,4ebf3925f43a7103bee4c478bedf67045d78548d526ca50379d678850a945ba8
stream1,1128,cnn_dm_summarization,743,full,APRIL|AR|DEL|LayerSkip,8dee8e3426e199906ceef644636e0c8473de39473af8f04e92c785d48879af7e
stream1,1129,cnn_dm_summarization,744,full,AR|LayerSkip|APRIL|DEL,9620c9041fc3e6c5839a1640ceb682cabe6e877c06d3c9820c117e7d7708ce91
stream1,1130,cnn_dm_summarization,745,full,LayerSkip|DEL|AR|APRIL,6568c309e93bb8cf83c647266df97746b1522adb8f45f73f79e9ce60cc915ad9
stream1,1131,cnn_dm_summarization,746,full,DEL|APRIL|LayerSkip|AR,26faf0e8c9ebec1c99a2327f9384b7661306531a370c995cc430d62fdbb540d8
stream1,1132,cnn_dm_summarization,747,full,APRIL|AR|DEL|LayerSkip,b1d011a21c801a885554abfd7b14ab65b1578e6d020097a62a471195b5414f53
stream1,1133,cnn_dm_summarization,748,full,AR|LayerSkip|APRIL|DEL,6af6765cd8d8e2786c17c2d1a2d6e70f6093d06ae824a2092ca09b42f6ab158f
stream1,1134,cnn_dm_summarization,749,full,LayerSkip|DEL|AR|APRIL,85b1c43b1aee7af5e81834e2812b58de7ae0d4ed86cabb57756fa3d2742e08fc
stream1,1135,cnn_dm_summarization,750,full,DEL|APRIL|LayerSkip|AR,8727d6f6ee3664944774a9947529ede2436b2c0d48578857e7f162db7466e94b
stream1,1136,cnn_dm_summarization,751,full,APRIL|AR|DEL|LayerSkip,935d1bd25f8a3d01e4ad40d0346e7ee718996dab3fa3d181d169909475372788
stream1,1137,cnn_dm_summarization,752,full,AR|LayerSkip|APRIL|DEL,5ebac9e50aa060234e9c0d8547cee5c522699413b61c95365bdbc03588bce36c
stream1,1138,cnn_dm_summarization,753,full,LayerSkip|DEL|AR|APRIL,81a1402e8f5eb8d342ff23ee17b6edd91ed8d1ed566b94a56d9e832d4be14e50
stream1,1139,cnn_dm_summarization,754,full,DEL|APRIL|LayerSkip|AR,76f73301d9358df5e824be6fb8a735496bae2c417025191249f2f6b33e40565d
stream1,1140,cnn_dm_summarization,755,full,APRIL|AR|DEL|LayerSkip,12a064749a3c3eba15a4b12f6fc608f394880b4c51b79cee5f8e66fb4801274f
stream1,1141,cnn_dm_summarization,756,full,AR|LayerSkip|APRIL|DEL,e9b68e4660b793093cdcd23e4524392b370560c1a8fec26757330afc9b640a64
stream1,1142,cnn_dm_summarization,757,full,LayerSkip|DEL|AR|APRIL,f35cf6c7401db3fbe6e600b882ee073f1dae7c4e826894693018f9d738ac2301
stream1,1143,cnn_dm_summarization,758,full,DEL|APRIL|LayerSkip|AR,d56da9154113be208c5ea92126933f320b9dba512e9b324383e97716433c5d5e
stream1,1144,cnn_dm_summarization,759,full,APRIL|AR|DEL|LayerSkip,75d17d18d4d0bebfde184ddb414e843445539ba13e2c1ffd218b906282cfdc0b
stream1,1145,cnn_dm_summarization,760,full,AR|LayerSkip|APRIL|DEL,88dc8020a512c2ba58dbb25a3274bba1566ff0b1f173ff7ce4a7730b6bba3fb8
stream1,1146,cnn_dm_summarization,761,full,LayerSkip|DEL|AR|APRIL,bbfb7cc9ec659a134a8fca966a5c09182365ba9a1e567424c97bed2067af1b61
stream1,1147,cnn_dm_summarization,762,full,DEL|APRIL|LayerSkip|AR,fc51b536e5cb5884062d085e47ad4f7457f39e3f9d5870db65c27968c17e5105
stream1,1148,cnn_dm_summarization,763,full,APRIL|AR|DEL|LayerSkip,dfce089a6e1237ed8fd471db97efb0add517650244f37328c2bc717a93b3f994
stream1,1149,cnn_dm_summarization,764,full,AR|LayerSkip|APRIL|DEL,ee1f17990ff5a4c062b3616030283f65eaa2b82ae84bee7511e92389b008cf30
stream1,1150,cnn_dm_summarization,765,full,LayerSkip|DEL|AR|APRIL,2624b0c0d446c729b8cd5579bb641276f8e5d92d5d8e320db4fd74e35ea603bb
stream1,1151,cnn_dm_summarization,766,full,DEL|APRIL|LayerSkip|AR,af3acce766384a7f91d58854a39bb35ea8d512c1d9de3bef3b3089b05f605acb
stream1,1152,cnn_dm_summarization,767,full,APRIL|AR|DEL|LayerSkip,36b045a4d773ef912fdf7b1d144e19935eef1c07f12274f5f2b8022e335d33e1
stream1,1153,cnn_dm_summarization,768,full,AR|LayerSkip|APRIL|DEL,d928441611eb26d41129edc7b08a12cb1a69322173e44aa9f24156e6b6501035
stream1,1154,cnn_dm_summarization,769,full,LayerSkip|DEL|AR|APRIL,aeff0d58766b43b2f6195c50230ce50110fa737548cafe5fc8cf2845683d03b7
stream1,1155,cnn_dm_summarization,770,full,DEL|APRIL|LayerSkip|AR,9b1aa9f74120afbaec258acb00fb9d9f0a776d8b4a31af4e29543d0366cba59c
stream1,1156,cnn_dm_summarization,771,full,APRIL|AR|DEL|LayerSkip,19c97b8a8ddfa1c5f93c5db0b6b2c43f1387bcd229f734698f9238d83d3730b6
stream1,1157,cnn_dm_summarization,772,full,AR|LayerSkip|APRIL|DEL,e4a60ed346c040553503850f53dcca520882904d707308f5e9d386e10d167bc1
stream1,1158,cnn_dm_summarization,773,full,LayerSkip|DEL|AR|APRIL,3a0c7d96d85e3c455d2cbe690f819902251e5d726e496adf1d1fe8f4d0ea7def
stream1,1159,cnn_dm_summarization,774,full,DEL|APRIL|LayerSkip|AR,2938ff729d8b4927812c0053579dcb20d4dfc50538d01ca9b8215ed5cde3bfe9
stream1,1160,cnn_dm_summarization,775,full,APRIL|AR|DEL|LayerSkip,9ff0d184d09db97467e38ac478d704956ff97f146424635451bf75d15dac46e9
stream1,1161,cnn_dm_summarization,776,full,AR|LayerSkip|APRIL|DEL,6b3cbc713357618512bdcb55f831c430dfb1a33e624a2cc298cb0cb45181d93a
stream1,1162,cnn_dm_summarization,777,full,LayerSkip|DEL|AR|APRIL,f62ffd61e8a265d011abd81b2e537cc46c7a8d548d5f597d6d2391e6a6f01621
stream1,1163,cnn_dm_summarization,778,full,DEL|APRIL|LayerSkip|AR,a94edd74e4e29df6980e2e56f8a3c31ceb4769584e1da3151279f72efafa90ca
stream1,1164,cnn_dm_summarization,779,full,APRIL|AR|DEL|LayerSkip,8b94cc2d4fcdab3341bc12ecfa6a04da01fdef166850c4f8da3bbbf284d4a4b5
stream1,1165,cnn_dm_summarization,780,full,AR|LayerSkip|APRIL|DEL,3646d61ec80eabe36e1af462a78a6e76fe1737ac1b1ecb9f45a9504cca2fb647
stream1,1166,cnn_dm_summarization,781,full,LayerSkip|DEL|AR|APRIL,139cd4123dc78c70ef52dc2ced5a31b0a1ce101e497c76f46395ae94d7f950fa
stream1,1167,cnn_dm_summarization,782,full,DEL|APRIL|LayerSkip|AR,54574818ecddcbe041bb3b7bdf1c767efda058c069af13fd4b1674d28bbfa52e
stream1,1168,cnn_dm_summarization,783,full,APRIL|AR|DEL|LayerSkip,f84f967aa7bc743646b5f5072d63e583be7ff4c8cab9a4415bcda882fbb340a2
stream1,1169,cnn_dm_summarization,784,full,AR|LayerSkip|APRIL|DEL,b62514f32f84eef6357f435c84b62d93a6166050ccdc7af5c8b0d4f1d7debe85
stream1,1170,cnn_dm_summarization,785,full,LayerSkip|DEL|AR|APRIL,d65cfafb2d12b25e561d2eba2587a2afde941c9787766e67c1ae637028ab2f78
stream1,1171,cnn_dm_summarization,786,full,DEL|APRIL|LayerSkip|AR,a57df160979b5c729cad0fd06bb1663fc6f153f9053c621132e1bed101aa4086
stream1,1172,cnn_dm_summarization,787,full,APRIL|AR|DEL|LayerSkip,42d65d94e683f0fe58ac20ec5bf47c1a50200e49737d76ce86a52802351c1ed5
stream1,1173,cnn_dm_summarization,788,full,AR|LayerSkip|APRIL|DEL,b8f0f0d70244117e03fe78e76e39309be8ce841d77f7c0d8480590706ddcceb9
stream1,1174,cnn_dm_summarization,789,full,LayerSkip|DEL|AR|APRIL,f8af57a9cb7a0aee0986bc8fa30f1efb47fca3ea5f7f4e737588a95ac8dc4cf3
stream1,1175,cnn_dm_summarization,790,full,DEL|APRIL|LayerSkip|AR,f4e843d415449dcc76807710dde78a9ab1002598db3e4c27b9c37106c30273ed
stream1,1176,cnn_dm_summarization,791,full,APRIL|AR|DEL|LayerSkip,d0d4990bf7e1bf0236963bfc04a9c8499a926497b5a09465243b949f6f0dd34e
stream1,1177,cnn_dm_summarization,792,full,AR|LayerSkip|APRIL|DEL,bce8111aeac944bd794394f311e0d13544dc142af5c02e9d4f335209d0aa7844
stream1,1178,cnn_dm_summarization,793,full,LayerSkip|DEL|AR|APRIL,3a6306ec568ce277bb59bceb2829e6521a1237c216fd3a1fc5ae0caa67f46543
stream1,1179,cnn_dm_summarization,794,full,DEL|APRIL|LayerSkip|AR,c69b1cc5f84379fbcf90ac5fc4459e81ae6ba79cbcba57eb4f793d2b1bcc8955
stream1,1180,cnn_dm_summarization,795,full,APRIL|AR|DEL|LayerSkip,0ec3f0b6bbae5c0afdc0b941d4df13a7a63683f022ca31de7863c39827c9cfd2
stream1,1181,cnn_dm_summarization,796,full,AR|LayerSkip|APRIL|DEL,0271f799092d34034f0efe7b8fe74adbc320df708487b98a17b25f750c7bded6
stream1,1182,cnn_dm_summarization,797,full,LayerSkip|DEL|AR|APRIL,1f74b7e42e888d14fd1494bf890f3feaebda2bf3779f549a81028172a4237daa
stream1,1183,cnn_dm_summarization,798,full,DEL|APRIL|LayerSkip|AR,fd93095774ff7fb92d756e48eacf0436d74219bcc62fa3d7ae5e4c3677be4023
stream1,1184,cnn_dm_summarization,799,full,APRIL|AR|DEL|LayerSkip,d50484959f0a9be8580ab1460dadc33fb97e6a5ee90476df64daa25d0bbb4ba1
stream1,1185,cnn_dm_summarization,800,full,AR|LayerSkip|APRIL|DEL,329779b6c0fa516b02f0cafa095135bc42d8201b73581246ef5d2adb64b15fb3
stream1,1186,cnn_dm_summarization,801,full,LayerSkip|DEL|AR|APRIL,116da92bc8bb9a64e2cdd451b246d58c54278765c37f196c535b1296688edcc2
stream1,1187,cnn_dm_summarization,802,full,DEL|APRIL|LayerSkip|AR,7269cedc0fd54bde4e58c02d4c8c4f3a831634eb83abe5c8dc9fffc27d2bbb9e
stream1,1188,cnn_dm_summarization,803,full,APRIL|AR|DEL|LayerSkip,2e6bbfdfcd2503031c7c0f8aff627422b6be13767856216b372a16d70c136b71
stream1,1189,cnn_dm_summarization,804,full,AR|LayerSkip|APRIL|DEL,f98bb30904f8766ca4baf4f01a45d06f203554450b329d6d0e100486b8c9a3fd
stream1,1190,cnn_dm_summarization,805,full,LayerSkip|DEL|AR|APRIL,303c3847ac2249e09e688c39946ca9d0423f0726c1ad9ebdb958198364fa4178
stream1,1191,cnn_dm_summarization,806,full,DEL|APRIL|LayerSkip|AR,3e3c9e0b2a5ccffbbac00f0cd072adab233147a3a2aeca063e287d55bcc75e6d
stream1,1192,cnn_dm_summarization,807,full,APRIL|AR|DEL|LayerSkip,c93d202c9ebcc8a71cfc7277817634cebee7d25bb1b35ebc6e993a5ef8889cd7
stream1,1193,cnn_dm_summarization,808,full,AR|LayerSkip|APRIL|DEL,5e0d9603eb5b07b35b02f318c3c3366dbad50065664f6e8bbfd70c500932c78b
stream1,1194,cnn_dm_summarization,809,full,LayerSkip|DEL|AR|APRIL,a9be1d87c0144871bcc1f9fca33955ae48b0f159755b107f840375c2e72f58fe
stream1,1195,cnn_dm_summarization,810,full,DEL|APRIL|LayerSkip|AR,748ae3b793069fb94a8b195ea685b2c672adb2de8bc4eff7621fc2a8f7e08306
stream1,1196,cnn_dm_summarization,811,full,APRIL|AR|DEL|LayerSkip,65625fce7ba4c3e3115a15005e9501d635965f2e047b05b65dce0570d828a424
stream1,1197,cnn_dm_summarization,812,full,AR|LayerSkip|APRIL|DEL,0827312657973388f88e2c7bc90817bd29b5b951d86a8d61645e7373bd56e22b
stream1,1198,cnn_dm_summarization,813,full,LayerSkip|DEL|AR|APRIL,fad7f537d83a32cedec332a5798fce5d22359b843ade6be591d3588267354dea
stream1,1199,cnn_dm_summarization,814,full,DEL|APRIL|LayerSkip|AR,b6c345a42e7e3343fad1ef42e2c8507f9ef1666274febeb5ca863b045d781176
stream1,1200,cnn_dm_summarization,815,full,APRIL|AR|DEL|LayerSkip,6d89d67b28550eff546f21bc418e0c50bfa6fd2be2383f2187a44d3539707070
stream1,1201,cnn_dm_summarization,816,full,AR|LayerSkip|APRIL|DEL,254960663f24774f61712f73d94205b2252f5ced0a90d6b72593925cf57dbe0c
stream1,1202,cnn_dm_summarization,817,full,LayerSkip|DEL|AR|APRIL,3854210d27fe8917261d8dbf9942745572d174ed42729a25c67b54295df79d4b
stream1,1203,cnn_dm_summarization,818,full,DEL|APRIL|LayerSkip|AR,e3764b995952ea050c4262001d37e29db3e14a906e49eeb1e96f515082116395
stream1,1204,cnn_dm_summarization,819,full,APRIL|AR|DEL|LayerSkip,0e9a44234007d9b4ebb4a92be6eee012d5f3ccd31d72966ec9391497d2c0a1fe
stream1,1205,cnn_dm_summarization,820,full,AR|LayerSkip|APRIL|DEL,41a7414812aebf5e3fc6187fdaf70e8c354a32033ba588fb5baf1612e9755303
stream1,1206,cnn_dm_summarization,821,full,LayerSkip|DEL|AR|APRIL,40362f584934b9dd1cab175bb60cc0fbf97e47eea25c9dc4dea12d5c62ddfbfb
stream1,1207,cnn_dm_summarization,822,full,DEL|APRIL|LayerSkip|AR,255442c8fc3470cacba51adfc9606ea5c847decf729f704a53fa7a3c4d81e780
stream1,1208,cnn_dm_summarization,823,full,APRIL|AR|DEL|LayerSkip,61ece219f987c7960ab7e5226f832a06d8319018721165649fd7909d7da01bd5
stream1,1209,cnn_dm_summarization,824,full,AR|LayerSkip|APRIL|DEL,87d2b017cfffce8d7a2c8e8d7f67c3b83141627b4f9aed0c968b60ed5577d639
stream1,1210,cnn_dm_summarization,825,full,LayerSkip|DEL|AR|APRIL,d39e54c53fcc1163b0eabd0dd7a2b08f4765c31d9dc9bfc455fc0790bd5c9382
stream1,1211,cnn_dm_summarization,826,full,DEL|APRIL|LayerSkip|AR,55a5289b0c762847b7f8be87fdd1158f80160839d82bc11e5b4d1c0517f81805
stream1,1212,cnn_dm_summarization,827,full,APRIL|AR|DEL|LayerSkip,f943410c1ed5cb1bdb96516e599d95d7a66b28e94c86e6e07f5abf28e0c490c5
stream1,1213,cnn_dm_summarization,828,full,AR|LayerSkip|APRIL|DEL,f0b95e0879a727be31bd443435114de24acbc8e1e319ffa69a3711ba2691565b
stream1,1214,cnn_dm_summarization,829,full,LayerSkip|DEL|AR|APRIL,90940a78f5eac3fc00f54b6463003e572562fe851dce1304b61cc888d145b92a
stream1,1215,cnn_dm_summarization,830,full,DEL|APRIL|LayerSkip|AR,989c9f16a61837dc0dd324a3cbadad7d5d1972cc02cfa90a0ef8079066fab301
stream1,1216,cnn_dm_summarization,831,full,APRIL|AR|DEL|LayerSkip,e25d183a68bbd7b0fc9cfc773ebce1b1cdac14496dbd2a6c85603df8081e4c7f
stream1,1217,cnn_dm_summarization,832,full,AR|LayerSkip|APRIL|DEL,a7b6a49c5b38e6233a65e51a02329e4d3989a3f27415234cc35cacf5bee08f3e
stream1,1218,cnn_dm_summarization,833,full,LayerSkip|DEL|AR|APRIL,8ddf245c62c465e61f4f74ba70103ecb4f57ec2475d207e3794e7b42fdb8f058
stream1,1219,cnn_dm_summarization,834,full,DEL|APRIL|LayerSkip|AR,c81193fde9d4cab2aa2c17b4acafda2f31a6a0fb320449fe6e15612ddd1e0791
stream1,1220,cnn_dm_summarization,835,full,APRIL|AR|DEL|LayerSkip,99866d6ce6e318d1c4bba7ccab4bffdc067dfdf849c1e78f34e25fb7fea1de17
stream1,1221,cnn_dm_summarization,836,full,AR|LayerSkip|APRIL|DEL,3b785a6215dad9475d24072a7c2597b470ed644437cc33ce5232e3aaffd398f2
stream1,1222,cnn_dm_summarization,837,full,LayerSkip|DEL|AR|APRIL,a3d4b86bbf8b38e18dc7f8a4b1f030864ab7c7edfe353e74f34c97bb0b99bfc3
stream1,1223,cnn_dm_summarization,838,full,DEL|APRIL|LayerSkip|AR,9297083c099ad7420a123fbda704b70a5b561adcff67ec70dba9393d770d2e85
stream1,1224,cnn_dm_summarization,839,full,APRIL|AR|DEL|LayerSkip,16fba081670bca903f35e4717957b305033e2900c8a5db67afb50af7962626a7
stream1,1225,cnn_dm_summarization,840,full,AR|LayerSkip|APRIL|DEL,45c12a2fc0e16dd53d69be5db0fbe36dd7a978f96148351d7c32dce939305b3a
stream1,1226,cnn_dm_summarization,841,full,LayerSkip|DEL|AR|APRIL,bcf1fbf70d57096d9ef4b3a9ee92050d6990b21e6e2cd60836544d62f122c8b2
stream1,1227,cnn_dm_summarization,842,full,DEL|APRIL|LayerSkip|AR,142bf42d8db95b72c8b7b3ab4d8d829d9bb9e0a66754c023bb1214dc041fde62
stream1,1228,cnn_dm_summarization,843,full,APRIL|AR|DEL|LayerSkip,9c94abd2f38dcf15e7a3c1a7c14988a2ea21d4e93a477d6e3be2d5bc44c27701
stream1,1229,cnn_dm_summarization,844,full,AR|LayerSkip|APRIL|DEL,f5bcff5dceb5f6adc1288f1fd823a4343f91477bf06b7c74659ee2dd6c077599
stream1,1230,cnn_dm_summarization,845,full,LayerSkip|DEL|AR|APRIL,bf99ad58d0a3aa924ca528cb4d551e3b66c87f456f1fadb681e0cee00d3ad739
stream1,1231,cnn_dm_summarization,846,full,DEL|APRIL|LayerSkip|AR,689152f9937a10ccdd3381dd40fc2cfa4060f96102d05cae377318c869120c39
stream1,1232,cnn_dm_summarization,847,full,APRIL|AR|DEL|LayerSkip,d65f3d13467dc8e3056f7a5f243519e5376a9d4f9df3e25cb6f284e7cafc2eac
stream1,1233,cnn_dm_summarization,848,full,AR|LayerSkip|APRIL|DEL,6021cc7265dd77a0d65482cc6646af5a4269df2446e8fdf2f693ab7f201366cb
stream1,1234,cnn_dm_summarization,849,full,LayerSkip|DEL|AR|APRIL,61eb53c4db5d7dc38737c0d1553ac27c99ae4d255563d2f5eda0a902371e19ef
stream1,1235,cnn_dm_summarization,850,full,DEL|APRIL|LayerSkip|AR,ead2175b3416c3fe58a8fb0dcb0f6631868939e58ca965c677f3b8d4d0cb8b2d
stream1,1236,cnn_dm_summarization,851,full,APRIL|AR|DEL|LayerSkip,2b73f0af37e1bced9055059df05d2aa171576e322cbd278513a3e5fbfacee6a7
stream1,1237,cnn_dm_summarization,852,full,AR|LayerSkip|APRIL|DEL,217dd50faa88034ae3577a6d61f766da9e580b77e695294aaa9c73a2d38a7fe3
stream1,1238,cnn_dm_summarization,853,full,LayerSkip|DEL|AR|APRIL,014ef1204c7dd75a73a064ab79e57b206f94d5c77a76398b072822285aa38c41
stream1,1239,cnn_dm_summarization,854,full,DEL|APRIL|LayerSkip|AR,e551215132abc984e186c2c079bcb120aed7dd61e22fbd4d5de12a853f98b77c
stream1,1240,cnn_dm_summarization,855,full,APRIL|AR|DEL|LayerSkip,f2dcf1b2978def46f2ef1f85fb249f78ebc355c5e1a996e769a80505714bbdbd
stream1,1241,cnn_dm_summarization,856,full,AR|LayerSkip|APRIL|DEL,720d13d72ce846cf8b552d2c2216d81a7931460a12c8a9e614657364fa3f2c05
stream1,1242,cnn_dm_summarization,857,full,LayerSkip|DEL|AR|APRIL,25acfe9b5ce5e5f3be8f2d3e96d753869a23a328de6470297abbc0665ab6d94f
stream1,1243,cnn_dm_summarization,858,full,DEL|APRIL|LayerSkip|AR,051ed18a841f4020405f5ae26b13ccf03218ce0cfec52fa1b887fe7d06860b7f
stream1,1244,cnn_dm_summarization,859,full,APRIL|AR|DEL|LayerSkip,05c696a796f00387a321d9a7fca8a0eab825ff1177182aa0c1eaabcf86fd2971
stream1,1245,cnn_dm_summarization,860,full,AR|LayerSkip|APRIL|DEL,37edff7848a27f26e4dc7e07cdc26b345463ef50faa8f11074cfd7a8466c1738
stream1,1246,cnn_dm_summarization,861,full,LayerSkip|DEL|AR|APRIL,d7e50cd7e078f37deab637c5cc6f0a56669550b2097bec82094fa36129c99a96
stream1,1247,cnn_dm_summarization,862,full,DEL|APRIL|LayerSkip|AR,216cfb7faab24a8fc66ab6a9ab25ae4da5a3938f8bfbda65be49df5519c6ce6f
stream1,1248,cnn_dm_summarization,863,full,APRIL|AR|DEL|LayerSkip,68a26e02fd170bf30684338b101c7190306bd1d1e7adf279da1dbbb8d2397d54
stream1,1249,cnn_dm_summarization,864,full,AR|LayerSkip|APRIL|DEL,c2a15033a9c2160455b141175d6e55937c6fd2d6148ed88f5f7d0a9a10b3c4c7
stream1,1250,cnn_dm_summarization,865,full,LayerSkip|DEL|AR|APRIL,f0b1393431fcfcef8314a217eb8d725d5eea4dce36370010dc389efa32ce8f87
stream1,1251,cnn_dm_summarization,866,full,DEL|APRIL|LayerSkip|AR,f848ce5f3ade479b24fdeb8ab01d58cc3a63d77bc012a4cb496d8ede0566a98f
stream1,1252,cnn_dm_summarization,867,full,APRIL|AR|DEL|LayerSkip,1328f516b6492926df1ed09cf5d6ed221abef0e1c5af9cb21ce6ba08f38df28d
stream1,1253,cnn_dm_summarization,868,full,AR|LayerSkip|APRIL|DEL,f2a12a10db93a1f315400e1f4688a9b49b1501cf3034485af03a1bd7bece440e
stream1,1254,cnn_dm_summarization,869,full,LayerSkip|DEL|AR|APRIL,bae85acc8fbba1accd1ebb9d199e586aa6f381b1ca13bb06d03a8355e59dd4c5
stream1,1255,cnn_dm_summarization,870,full,DEL|APRIL|LayerSkip|AR,5e4be220a5c17f8136e8da17bea27157dca994d0189ffb857c6fc89546f01c17
stream1,1256,cnn_dm_summarization,871,full,APRIL|AR|DEL|LayerSkip,1c04f47d02035a815bdef7753832eab4788c837205a07fc66090ebd0e94d7e19
stream1,1257,cnn_dm_summarization,872,full,AR|LayerSkip|APRIL|DEL,dc00ead0f1dc034ffd3259885f81f2bedd4f948d94c99388062c23eaab061323
stream1,1258,cnn_dm_summarization,873,full,LayerSkip|DEL|AR|APRIL,0f9d861ad5c36cafa53071f84f5aa10d2459d732fefd729b84d0625d6668bb08
stream1,1259,cnn_dm_summarization,874,full,DEL|APRIL|LayerSkip|AR,07b72133d3ac7fde2f9f7fddc8c449ebc55a29dfe84218006e645192ade629e4
stream1,1260,cnn_dm_summarization,875,full,APRIL|AR|DEL|LayerSkip,cc3f8659eea4826c810b9546eb717901751a4d22b4868e1b7e3f9fb96e0e0f6b
stream1,1261,cnn_dm_summarization,876,full,AR|LayerSkip|APRIL|DEL,713021344553972cabdf04a9b19a40172b122f9bd3689cf592197fa820a6e088
stream1,1262,cnn_dm_summarization,877,full,LayerSkip|DEL|AR|APRIL,d5fd056374d9dc8b10a07282c63ab6c877c033ccf705ededc49118aca128c570
stream1,1263,cnn_dm_summarization,878,full,DEL|APRIL|LayerSkip|AR,47acddc995a90378e6e77d466c227aca4d6f555d047e8370a7bc9bb61d44b468
stream1,1264,cnn_dm_summarization,879,full,APRIL|AR|DEL|LayerSkip,9810bc5cc977ce17e696f54f0fcf1b2e243dfbe755d29edcdb9a854b193da0ee
stream1,1265,cnn_dm_summarization,880,full,AR|LayerSkip|APRIL|DEL,57751ac84f97e3d3b400fcb52f6c76a953de3e8bd6b20f1b1f9fa246d0b56777
stream1,1266,cnn_dm_summarization,881,full,LayerSkip|DEL|AR|APRIL,2471e073d2a82f98e695c233fc3d9b034e1e7fa3d247b7a4a4218a18f6158bd0
stream1,1267,cnn_dm_summarization,882,full,DEL|APRIL|LayerSkip|AR,985194aadec49da0f9bad09013cbc0b3c81d9db9f76c8ebfaa80254a0f550e81
stream1,1268,cnn_dm_summarization,883,full,APRIL|AR|DEL|LayerSkip,0091de35c7ff3fd151fb968d3b60357015520b20e01273c600d469532a3bd782
stream1,1269,cnn_dm_summarization,884,full,AR|LayerSkip|APRIL|DEL,08c0e26d215e0fcf67f2429e84b88b999c5cf93524000e91c163052ef7f6b1fd
stream1,1270,cnn_dm_summarization,885,full,LayerSkip|DEL|AR|APRIL,af018623f8f006752e28fbe68f5b130edd495b377763b52c310ff21e8c103092
stream1,1271,cnn_dm_summarization,886,full,DEL|APRIL|LayerSkip|AR,b64b94d108907e7613f9794efc9f8e10622b731b7250240de94b5851fcfd9874
stream1,1272,cnn_dm_summarization,887,full,APRIL|AR|DEL|LayerSkip,8ad9c0ee42ee3d91c98ff241ac4f2e2d771f738121480b00d8c733a17b334b6a
stream1,1273,cnn_dm_summarization,888,full,AR|LayerSkip|APRIL|DEL,3537e6ce15f75726e50420b64c59714a71c351f8555b1ee49bc1586f80310d18
stream1,1274,cnn_dm_summarization,889,full,LayerSkip|DEL|AR|APRIL,b55ae3ecba3c17de273009aa2d97eee226794a9338278b296f1e3a2b735d36b3
stream1,1275,cnn_dm_summarization,890,full,DEL|APRIL|LayerSkip|AR,a28d6bc0841c34207ae0fe4ad6079bff93f78bce8b945fb1ed2ecbf826f7d1f5
stream1,1276,cnn_dm_summarization,891,full,APRIL|AR|DEL|LayerSkip,4fb4c4882c086891eb85635d36c865bb198e084bf3ad44d7014b9be9f042ffb3
stream1,1277,cnn_dm_summarization,892,full,AR|LayerSkip|APRIL|DEL,c6e5669edfc14c38ab13f9bcc87d3de4dc2740cb92d82f2eca5a9336900f49c6
stream1,1278,cnn_dm_summarization,893,full,LayerSkip|DEL|AR|APRIL,a00e84a564e803bde4398f68946bcdc03ab607bf16f985a5f6d04c89f6f3e502
stream1,1279,cnn_dm_summarization,894,full,DEL|APRIL|LayerSkip|AR,56d5197508ce885837697ca29f21fb9c11ea368b2a5cf997fbaf196ea5d0cb03
stream1,1280,cnn_dm_summarization,895,full,APRIL|AR|DEL|LayerSkip,abfc6b97cb93c246c0173819ac7ed1dce542c63cd6b7cef0d6ae4fe0723589a2
stream1,1281,cnn_dm_summarization,896,full,AR|LayerSkip|APRIL|DEL,0133c4e5d03d7cae35cef085dd71a492a3644d1b5348a9f5288c5d651490a1cc
stream1,1282,cnn_dm_summarization,897,full,LayerSkip|DEL|AR|APRIL,6dbc5779b4cdabade0da32fb71990f4bd678f74e430ed31c3365bad6606719e9
stream1,1283,cnn_dm_summarization,898,full,DEL|APRIL|LayerSkip|AR,ea80d5b24f5bc0a4614541e876ccb75d8a0b184469adec043cba50bd8a3096e9
stream1,1284,cnn_dm_summarization,899,full,APRIL|AR|DEL|LayerSkip,9604cd9c20830ef7f24120c364a63fa52d1dabdfa3603fa00a23a3abf1f32c66
stream1,1285,cnn_dm_summarization,900,full,AR|LayerSkip|APRIL|DEL,3e069a24769f89eaba5a970b993c22a38a5003c9be9724054509c3623db2fc15
stream1,1286,cnn_dm_summarization,901,full,LayerSkip|DEL|AR|APRIL,4b6035bc548c1fcd88e1d3971e8e38322c488da3a1d83c40b45e19c0731a090b
stream1,1287,cnn_dm_summarization,902,full,DEL|APRIL|LayerSkip|AR,96c32632816d0d5a21e54b49543c957ce550674bd24bfa9472bb07ccc6d7c41a
stream1,1288,cnn_dm_summarization,903,full,APRIL|AR|DEL|LayerSkip,eaa67d7e88b224e0967e20cf78d5b69b1b72ce05108d51e8a49e1804d194d299
stream1,1289,cnn_dm_summarization,904,full,AR|LayerSkip|APRIL|DEL,08421c0415d6af8ea4e3704c1fad8b92106fbae52bfbaf2f87b32228a09189c1
stream1,1290,cnn_dm_summarization,905,full,LayerSkip|DEL|AR|APRIL,091e4fd2d6586dec3597790bf9021cc69ab0feaa20acd205f60d4b560845eb25
stream1,1291,cnn_dm_summarization,906,full,DEL|APRIL|LayerSkip|AR,779aa98bf33821fd1b9e320c0e3bdc7667cf629b6b6ca6e1db01c101d6de7168
stream1,1292,cnn_dm_summarization,907,full,APRIL|AR|DEL|LayerSkip,09df6c42666c2419425097372d7e0c704052ccce8fe81c9597ed456ec00e9f98
stream1,1293,cnn_dm_summarization,908,full,AR|LayerSkip|APRIL|DEL,6716ffd0441e3fedc6c1c0381dece9a72d626e2bf2ad6fc069fffccb28d3847f
stream1,1294,cnn_dm_summarization,909,full,LayerSkip|DEL|AR|APRIL,2f68753645a15088fe2049cd488dedee543893a765a2364d63c883fe65ac8607
stream1,1295,cnn_dm_summarization,910,full,DEL|APRIL|LayerSkip|AR,85386206c085f4f061d96cc57a4249f16920725b52a8e07f237eaca09081992b
stream1,1296,cnn_dm_summarization,911,full,APRIL|AR|DEL|LayerSkip,5bc8a4f69fd8ef321d16839d6326ff2252d66710b6a204f2bce224ef85a9b944
stream1,1297,cnn_dm_summarization,912,full,AR|LayerSkip|APRIL|DEL,72207e2344cc0871cedef34d7a3cc96bb6f450e755d91c81be2db43b40b54fd6
stream1,1298,cnn_dm_summarization,913,full,LayerSkip|DEL|AR|APRIL,69e4c5ea0204211d3d8a182a285ec4ac7a75273bf35511922681285cd2bc8de4
stream1,1299,cnn_dm_summarization,914,full,DEL|APRIL|LayerSkip|AR,7aa9e36385f08ba27711000fec59ae9e6c7d018bcaa13e115c0f8a9f57ba4942
stream1,1300,cnn_dm_summarization,915,full,APRIL|AR|DEL|LayerSkip,02b224184693ca0eed4dc2e262542e32f1643ad0998b5596980b4e9e687e26df
stream1,1301,cnn_dm_summarization,916,full,AR|LayerSkip|APRIL|DEL,2b6a530e8a77867866896a80c0039c2db9e668e654ec0f81fa467fe7f15375d3
stream1,1302,cnn_dm_summarization,917,full,LayerSkip|DEL|AR|APRIL,892b98cfa7673847e3d41a35cc699c63102f86342a8456370b7da4c02cb128ae
stream1,1303,cnn_dm_summarization,918,full,DEL|APRIL|LayerSkip|AR,f949fdc449ffeb8399c9e59cc69b061a871e232058303b01b56aa82b8209008f
stream1,1304,cnn_dm_summarization,919,full,APRIL|AR|DEL|LayerSkip,e4dcaa8db352c1723c4757c63ed365a782a645b69ebcd1270e6aa0ace55ea8a2
stream1,1305,cnn_dm_summarization,920,full,AR|LayerSkip|APRIL|DEL,42fa7f42674336bc41724afa6fbd361a0ed9de0d8ea23daaf1deb485fc2347ed
stream1,1306,cnn_dm_summarization,921,full,LayerSkip|DEL|AR|APRIL,2c7d38299924ebac35e386ee20b98d9e711d4c121f6874f86f6356072b369e97
stream1,1307,cnn_dm_summarization,922,full,DEL|APRIL|LayerSkip|AR,14f26112b2203632a07038bcd45883f43ac4cac6c58679d386add97c53c5cc5e
stream1,1308,cnn_dm_summarization,923,full,APRIL|AR|DEL|LayerSkip,5e3ef4d52a3b136cf80dbc5dd66dd3aeb5f14ceb0963e568051458fe9a42705c
stream1,1309,cnn_dm_summarization,924,full,AR|LayerSkip|APRIL|DEL,e2827bcb0b176a8a8ca20f18020c994e0339b526f71949905a4b56a323babe84
stream1,1310,cnn_dm_summarization,925,full,LayerSkip|DEL|AR|APRIL,83e738ba1c28a554d0c5a813492d7b4cb4614f3d51d508e22852a3e827be4dab
stream1,1311,cnn_dm_summarization,926,full,DEL|APRIL|LayerSkip|AR,a1932bc010364c3c3ee77d634e4a173500f1c364347ce2e4c677ee4e18673704
stream1,1312,cnn_dm_summarization,927,full,APRIL|AR|DEL|LayerSkip,a5d9921cc6f8846e34312dbde2ad9b1add025c53c5f0c3146d7eb1778486804e
stream1,1313,cnn_dm_summarization,928,full,AR|LayerSkip|APRIL|DEL,ac2926ab9457a3c3b4544bb7b567ca2c5c9d4d9f4257d640b6b97436335a65ca
stream1,1314,cnn_dm_summarization,929,full,LayerSkip|DEL|AR|APRIL,3e3803b3d2dda925a818afb05914518759943e799e3f1e6cc9dc60aa25c579bd
stream1,1315,cnn_dm_summarization,930,full,DEL|APRIL|LayerSkip|AR,383ff60da950dd63eafbbdc6108782b2c2534f5fad317e1aa75d3bcc565c60ed
stream1,1316,cnn_dm_summarization,931,full,APRIL|AR|DEL|LayerSkip,2d4ca8a143d8943ef8dd261abafeb9ca77786a255bea429f224b30fa0c20883c
stream1,1317,cnn_dm_summarization,932,full,AR|LayerSkip|APRIL|DEL,27369c67f4d9e9151a55ebfbf7d9bb725024a444f4f50a0405390eb51d2232ef
stream1,1318,cnn_dm_summarization,933,full,LayerSkip|DEL|AR|APRIL,d90924a92dff8b3ddc5f69aaffeec86e4550a346b0c7e411159616a831503bad
stream1,1319,cnn_dm_summarization,934,full,DEL|APRIL|LayerSkip|AR,d78aea392638963675343a1bca616e7e8bc9e3f802c50d93f28502957f3c2f92
stream1,1320,cnn_dm_summarization,935,full,APRIL|AR|DEL|LayerSkip,8b2eec96df6019813e59415708b5065d8c25a891076b623e27532b1fc0e249c7
stream1,1321,cnn_dm_summarization,936,full,AR|LayerSkip|APRIL|DEL,2df0cbc58de2b6b9e7693701eb42a1debf3a182a8ad94ed277bf66ec49f7db2d
stream1,1322,cnn_dm_summarization,937,full,LayerSkip|DEL|AR|APRIL,4095b84d1830a599b12cbaa3f75f2125b9fc06a500c8405673b103e083c6929c
stream1,1323,cnn_dm_summarization,938,full,DEL|APRIL|LayerSkip|AR,3cd698a40d3f68577fede9f1a8e7e5f5ad4edb33f8952f1d2a7cbb56013035bf
stream1,1324,cnn_dm_summarization,939,full,APRIL|AR|DEL|LayerSkip,380be0d334ef2aa852d3448756668392abb58dacfa06b9046d47814b8661504d
stream1,1325,cnn_dm_summarization,940,full,AR|LayerSkip|APRIL|DEL,c64f4feefcddf2c3ec9486e170c47c227dd87bf07200aab02b98749a4126ff1f
stream1,1326,cnn_dm_summarization,941,full,LayerSkip|DEL|AR|APRIL,7b55172e75fc0a9d5051c0fa06d7d22ecdebfb15165fa14d4cbc9106354f537d
stream1,1327,cnn_dm_summarization,942,full,DEL|APRIL|LayerSkip|AR,bc5e06290dc3eca58806adb39cbf341b4e7aea9e5b54886c155940ff2985d575
stream1,1328,cnn_dm_summarization,943,full,APRIL|AR|DEL|LayerSkip,1a08f52bf0234f7e29b0b15d1b405954b09f3a03bfb896ad6d3082a3506e29f7
stream1,1329,cnn_dm_summarization,944,full,AR|LayerSkip|APRIL|DEL,f14a78c29d16b4d65832a77ad8607f21e15328ea5cbe84ecc595a9eae29dc002
stream1,1330,cnn_dm_summarization,945,full,LayerSkip|DEL|AR|APRIL,ccbc883a4d62f2df9dfac5b13b808e50f40098c407028c99751b222e1b90fd78
stream1,1331,cnn_dm_summarization,946,full,DEL|APRIL|LayerSkip|AR,cd4fb15434e9e2d12781ade9055477971ff0a6add4c353b3132d9e2cb4ace143
stream1,1332,cnn_dm_summarization,947,full,APRIL|AR|DEL|LayerSkip,63f4ca4c3fce037e7f1bbdccc77a455fc50283e8e28a58e02d74fb7cab0c23d2
stream1,1333,cnn_dm_summarization,948,full,AR|LayerSkip|APRIL|DEL,30099fb3295a1ba6bce806aa22eace8c6d20c39388c825f9627554229bcbd896
stream1,1334,cnn_dm_summarization,949,full,LayerSkip|DEL|AR|APRIL,8c2737de3bfb2323c8c4d9f55b19be1a1c616bf48210f4a71adde6b175e9838b
stream1,1335,cnn_dm_summarization,950,full,DEL|APRIL|LayerSkip|AR,3f06850944d7ebb36f597feb3db4903f920f8395cf8e80750dacb87baec17c1c
stream1,1336,cnn_dm_summarization,951,full,APRIL|AR|DEL|LayerSkip,5c4d8bb6a249010ca5f81c12af2f842674a5678f695f9bce756ca96651fc49fe
stream1,1337,cnn_dm_summarization,952,full,AR|LayerSkip|APRIL|DEL,578b423b81617c449abb2d3bff3719403056dd72884fd58e0f2fdbcbec147a60
stream1,1338,cnn_dm_summarization,953,full,LayerSkip|DEL|AR|APRIL,0a8b8e43f1524b5006f68da828c36fde7dd87c0e548df44183be8e57026c3fc0
stream1,1339,cnn_dm_summarization,954,full,DEL|APRIL|LayerSkip|AR,affcd05548d67b4a2460f69cbc433c534010ec216f15f6e445adab2d1ebc1861
stream1,1340,cnn_dm_summarization,955,full,APRIL|AR|DEL|LayerSkip,503cb561b7e503071d1b6aa3ead1265f0a0ffbb2882ef59dbbdbc51ea3ee4e0f
stream1,1341,cnn_dm_summarization,956,full,AR|LayerSkip|APRIL|DEL,9195c46c5e6a6906811b3f1e47efc8bde8d2f80cd25ea2c80df55b0935f6b1b7
stream1,1342,cnn_dm_summarization,957,full,LayerSkip|DEL|AR|APRIL,b82258d363ecb336367e76caa45435ade82521d5dbd23fb08b05c1eeefbc924c
stream1,1343,cnn_dm_summarization,958,full,DEL|APRIL|LayerSkip|AR,79ec48cb491da2ca11f548d36cfeb8fc101e2ad8e27ec111241d47f2968a4e62
stream1,1344,cnn_dm_summarization,959,full,APRIL|AR|DEL|LayerSkip,b8145f4c3f81c03ba7e2f7c26a0ebb016fa2c24b95370f28a98bebf440814bde
stream1,1345,cnn_dm_summarization,960,full,AR|LayerSkip|APRIL|DEL,8b639689040419163b52fa8f2bc4f75c74da081a0b79a5f0905e6d6a01789525
stream1,1346,cnn_dm_summarization,961,full,LayerSkip|DEL|AR|APRIL,158de59818bd53a23f8ff46a490d6d2f4f4c3b4ac45f5330c041725d8bda3826
stream1,1347,cnn_dm_summarization,962,full,DEL|APRIL|LayerSkip|AR,f00b26f4325222a3ceaacbf6dd1981a3e5a6ba533c19b0e6629a56949e02e361
stream1,1348,cnn_dm_summarization,963,full,APRIL|AR|DEL|LayerSkip,e8602e271b8c8149280633dbc69015904882f07fcb23c1f85e403d4751ebcef0
stream1,1349,cnn_dm_summarization,964,full,AR|LayerSkip|APRIL|DEL,069ef311cc7485917ee860d81a8f603d600b0d45618bbd3a0c306473342b63af
stream1,1350,cnn_dm_summarization,965,full,LayerSkip|DEL|AR|APRIL,16dccdd190040430a798944a9e74d54b76d665d83376197cca334e980221d14c
stream1,1351,cnn_dm_summarization,966,full,DEL|APRIL|LayerSkip|AR,952865fd00fdb72e20a7dde6d1153aff0b2cee5e1287d5212757aa147750f6bb
stream1,1352,cnn_dm_summarization,967,full,APRIL|AR|DEL|LayerSkip,c47fb91613b258997bd1272faef27a729466277385360c4532ca577a94e5a739
stream1,1353,cnn_dm_summarization,968,full,AR|LayerSkip|APRIL|DEL,2407d0db6a40145a8007280117d17801e676644eee72d8cf808b46d8edea0a90
stream1,1354,cnn_dm_summarization,969,full,LayerSkip|DEL|AR|APRIL,0124864f19b9d02ac0ef317b407648935863f3764c641c27946f371900a1b435
stream1,1355,cnn_dm_summarization,970,full,DEL|APRIL|LayerSkip|AR,8a6a7234d199aa121a6e82f2c0cf8f68518d2aa3c053a18930eff622e5f04e5a
stream1,1356,cnn_dm_summarization,971,full,APRIL|AR|DEL|LayerSkip,5242f16bac2d692f304c404b7ef4320495b9faee702dd6a1aad57a29397cabc6
stream1,1357,cnn_dm_summarization,972,full,AR|LayerSkip|APRIL|DEL,9953c2bac07a14820cc74a1b38437bfbf76262731fe960427dbfa41bde54e312
stream1,1358,cnn_dm_summarization,973,full,LayerSkip|DEL|AR|APRIL,33c2011ab9c1f7f383a18773a5740ab3793135c7ab5b6c0e1e197fbbd90320b4
stream1,1359,cnn_dm_summarization,974,full,DEL|APRIL|LayerSkip|AR,efeef3fd9355b1f5d5ac0d86230bc8735ed71dd5f99e1e358518716d3dbef205
stream1,1360,cnn_dm_summarization,975,full,APRIL|AR|DEL|LayerSkip,68ef286c564282abd599e28fcf02149b4f4a3c267495c34fbe8a42b46e6dfdfd
stream1,1361,cnn_dm_summarization,976,full,AR|LayerSkip|APRIL|DEL,ac850fe1818404a1e77b93208637dc550123459284dc623a85d7e04de09a4016
stream1,1362,cnn_dm_summarization,977,full,LayerSkip|DEL|AR|APRIL,664a9f73e9fb137c2565a804a613fdd3053ae469561b872cef035a66629559da
stream1,1363,cnn_dm_summarization,978,full,DEL|APRIL|LayerSkip|AR,92cad72b194ff6ea334858ed461590e167b25bab533e8607cee38daefdc4d28c
stream1,1364,cnn_dm_summarization,979,full,APRIL|AR|DEL|LayerSkip,bb5b15099f39948b743a83767b5a00d281d0884768abdafebba01fd3c008e966
stream1,1365,cnn_dm_summarization,980,full,AR|LayerSkip|APRIL|DEL,6ca5e4230e96900940dc95688c3c0b3dae62a9e6f7c78c6017b4b8172495b9c4
stream1,1366,cnn_dm_summarization,981,full,LayerSkip|DEL|AR|APRIL,ebbddf11e610d18811d5737ef08360e8a3171dd085e7384a9b9dcdaf4e8d5dd3
stream1,1367,cnn_dm_summarization,982,full,DEL|APRIL|LayerSkip|AR,a0c48efe833df3394ad37d370c956f7c0d4284ef08c4d40f09992f357c0722c3
stream1,1368,cnn_dm_summarization,983,full,APRIL|AR|DEL|LayerSkip,11e9b873045e2b7aa22e481ad451eb418c50e1beb94fe586b94e8bd4a006f1ea
stream1,1369,cnn_dm_summarization,984,full,AR|LayerSkip|APRIL|DEL,a3cb984fa2f4a7d76001354e7715fe54dc85f6abc546b32d3f4518fb8c20d3d1
stream1,1370,cnn_dm_summarization,985,full,LayerSkip|DEL|AR|APRIL,8413b1dfdc8fffc9180600b5ea80ff37a4c533254b249b87891aca48b0ca737f
stream1,1371,cnn_dm_summarization,986,full,DEL|APRIL|LayerSkip|AR,49a6a164b1ce8f16c9d31b7fa1cf2c77fadd4087055cc33a0d4cf79620527e35
stream1,1372,cnn_dm_summarization,987,full,APRIL|AR|DEL|LayerSkip,4354173e7c7ce6111be695bb08155dceb2d1bb29d2f2b1ce402bf25eb02cab96
stream1,1373,cnn_dm_summarization,988,full,AR|LayerSkip|APRIL|DEL,4354173e7c7ce6111be695bb08155dceb2d1bb29d2f2b1ce402bf25eb02cab96
stream1,1374,cnn_dm_summarization,989,full,LayerSkip|DEL|AR|APRIL,13bc1862ad56d45ffb4238a9a629f1f825bb13dd03cf8cfb29f5ec8ccfa58972
stream1,1375,cnn_dm_summarization,990,full,DEL|APRIL|LayerSkip|AR,3b7f77401ae978299defed3bc2fdf81c31ba34502ae94039acdc3e2ecc5395c0
stream1,1376,cnn_dm_summarization,991,full,APRIL|AR|DEL|LayerSkip,5b5fda3b3d0db4689bcf6a7bb51da24baf2f67f49d030bc1b5a988be7c3bd389
stream1,1377,cnn_dm_summarization,992,full,AR|LayerSkip|APRIL|DEL,8eab0f6dd00649028e472295d7a86af87ead92063671c05ae3a9d0fd5a04f0e0
stream1,1378,cnn_dm_summarization,993,full,LayerSkip|DEL|AR|APRIL,059a5695117f19b3a6494a80bb54aff34e311059d19337b7b7dedbb2f968c299
stream1,1379,cnn_dm_summarization,994,full,DEL|APRIL|LayerSkip|AR,dc51f6095060fa64493109abec0f38de9858935ad838b04fc1ceef1b2f5a072a
stream1,1380,cnn_dm_summarization,995,full,APRIL|AR|DEL|LayerSkip,a1bcb2fc4e52459dc666692930689541e99e162b62b26a28ff8dddebc3707a4f
stream1,1381,cnn_dm_summarization,996,full,AR|LayerSkip|APRIL|DEL,44737ecd62b53920c0ae27cedc7caf7345428d6f7ab2980d8e040d89f5486c55
stream1,1382,cnn_dm_summarization,997,full,LayerSkip|DEL|AR|APRIL,6a1e3eb19233b7278377420a5f72e5d10e4eb36e2e72aba23eb938465f207141
stream1,1383,cnn_dm_summarization,998,full,DEL|APRIL|LayerSkip|AR,934fef0e8a8697bd31906a93c25cbc6d289037631d3802774f9f8339d952eb6e
stream1,1384,cnn_dm_summarization,999,full,APRIL|AR|DEL|LayerSkip,8da7172da36d61577b78a2032f50e02b018d66d90f39955189d7ef8bdf45fed3
stream1,1385,xsum_summarization,128,full,AR|LayerSkip|APRIL|DEL,6bbb050ff00ca61dc20d1d335b144169745504091b871a725954dbb6014001fa
stream1,1386,xsum_summarization,129,full,LayerSkip|DEL|AR|APRIL,a65c41d4d7511ac9397d17ae33cca9f9cb09d3cda277237ad74952f74816c600
stream1,1387,xsum_summarization,130,full,DEL|APRIL|LayerSkip|AR,479b06f99e985773eea7c69e9b637b26d54646cde7c40c6ab51bb6872342d549
stream1,1388,xsum_summarization,131,full,APRIL|AR|DEL|LayerSkip,fe68ea238dcf9089fedfe32f85afbb602a8542f964896f426cec97dc3fafaa82
stream1,1389,xsum_summarization,132,full,AR|LayerSkip|APRIL|DEL,64fca0944fbac4c875d7f84a0ac448be9ea62080f42b5a13ee516e7762d0563d
stream1,1390,xsum_summarization,133,full,LayerSkip|DEL|AR|APRIL,7299cc477f3c928f9c8a22076fcfb14771563c183fa0b6855f9934a78d5cf7cf
stream1,1391,xsum_summarization,134,full,DEL|APRIL|LayerSkip|AR,2e989b08133d11365d100f7b8f1ae2d2f7ff05db60335a3a088dbffdefd4f993
stream1,1392,xsum_summarization,135,full,APRIL|AR|DEL|LayerSkip,536d037545fcadea864c2637cd7a1ea920e5bda930902eaaed5e0a720a05cb61
stream1,1393,xsum_summarization,136,full,AR|LayerSkip|APRIL|DEL,2cae2006b68d8a727a685f56a913d03da4843b8b7f8ab2096b1d117d3bf120c6
stream1,1394,xsum_summarization,137,full,LayerSkip|DEL|AR|APRIL,1b59d5985e750456f9f24718c06a20ed030fef1d321089fd7adb4b6197922834
stream1,1395,xsum_summarization,138,full,DEL|APRIL|LayerSkip|AR,f5e640e40e13c849032efba5b81595196575ccffe0eb05dfbdc4d06d2ec17ed1
stream1,1396,xsum_summarization,139,full,APRIL|AR|DEL|LayerSkip,13a8841ebec09cc96272c8fa0ffdf5db8c8316c5c7fc2df561e0483379f1c8fd
stream1,1397,xsum_summarization,140,full,AR|LayerSkip|APRIL|DEL,29d9059e66d8454534dc9a60bbb0654a3c5752a843dbdfc763c7cdb7566ab32d
stream1,1398,xsum_summarization,141,full,LayerSkip|DEL|AR|APRIL,434fddd07f4dd2e7b166ff0cad2148672754674ab08415820d7ad7bdc8072fcb
stream1,1399,xsum_summarization,142,full,DEL|APRIL|LayerSkip|AR,90bc3a3888f1303458ff4863a7c4857ce52c09e3bd4d1915ccb8e99b68f9cd56
stream1,1400,xsum_summarization,143,full,APRIL|AR|DEL|LayerSkip,729ba2e53b5ebfc82fcb62ec676c8a2a714363ca803d46be8a541d8111a42f88
stream1,1401,xsum_summarization,144,full,AR|LayerSkip|APRIL|DEL,3be93efc94cd2dede8ca05ab609c5d00332143c61e149124269c13e20d90c74c
stream1,1402,xsum_summarization,145,full,LayerSkip|DEL|AR|APRIL,9e3f2618ccbc5687e608146780bbaacf6084038172fc0db75834103464b62ee6
stream1,1403,xsum_summarization,146,full,DEL|APRIL|LayerSkip|AR,119ed81c0e317e9bf1286a63cb34c654ab3c9ee8827b096d1132431aff97b76a
stream1,1404,xsum_summarization,147,full,APRIL|AR|DEL|LayerSkip,bb2216b6b9bd21b8fc0318c9ba5c615a3bf4109d8e80c5792b35d489975dda38
stream1,1405,xsum_summarization,148,full,AR|LayerSkip|APRIL|DEL,b22fc1ca3f5f897c5618db743a4e29dc4b4f293365baccf57db340f73cff6f98
stream1,1406,xsum_summarization,149,full,LayerSkip|DEL|AR|APRIL,23af7fdf73e57749ad4af040a94c47b4b89b95f12571b128ab43659e2bc6f148
stream1,1407,xsum_summarization,150,full,DEL|APRIL|LayerSkip|AR,280652ee05f97a3be4010c35cd90b95b1d34ea797a280075098285e96af14b4b
stream1,1408,xsum_summarization,151,full,APRIL|AR|DEL|LayerSkip,2a6fa2003a18f179dfc723b3b51b65b3bf64e9012d0619bddf349bb4bec1fd05
stream1,1409,xsum_summarization,152,full,AR|LayerSkip|APRIL|DEL,65c00d407df38411063d94a1f4afe8499ac614ba308d78b9bbdd85856155bce9
stream1,1410,xsum_summarization,153,full,LayerSkip|DEL|AR|APRIL,50760da430605515d16dbeceb6f4bc75ce31df362e08e177720916b35803b5fd
stream1,1411,xsum_summarization,154,full,DEL|APRIL|LayerSkip|AR,f4af143abc8406653f24000a3a00fad2bf597d4d95a97ebfbc664c75001e41ef
stream1,1412,xsum_summarization,155,full,APRIL|AR|DEL|LayerSkip,178381aafd3495086726008349c47bdbbf141671237ff2c4cefe72b3be03657c
stream1,1413,xsum_summarization,156,full,AR|LayerSkip|APRIL|DEL,10664c5c752ac0a38ebdcf1e612362d23d75413da8d9850fddc6d4f98be31811
stream1,1414,xsum_summarization,157,full,LayerSkip|DEL|AR|APRIL,6f9fa9a82640307210734c3cf45cbbd85169e12af89199113f291c578e55bfdd
stream1,1415,xsum_summarization,158,full,DEL|APRIL|LayerSkip|AR,7a4f05b4055262ab6777eff1401a2677999b96a66623a33c448a3f814947474f
stream1,1416,xsum_summarization,159,full,APRIL|AR|DEL|LayerSkip,270d1aab463836c0c4d1e449d04a9035bd7ea5b5476c3ae564fc334eed3de17a
stream1,1417,xsum_summarization,160,full,AR|LayerSkip|APRIL|DEL,8eac02532eaa267f34e95d1cffc9ef6bc86ebc4af13fdcd1ff87ef87b2fd7e75
stream1,1418,xsum_summarization,161,full,LayerSkip|DEL|AR|APRIL,7be4c0cf6785eb5ef645116d8e31ee957f234843b226313ba3f8d44c1f4ffe21
stream1,1419,xsum_summarization,162,full,DEL|APRIL|LayerSkip|AR,98c3367fa297da657d4499bc136805b6c1dbd4417f0b5b956769ba3d5e03bb58
stream1,1420,xsum_summarization,163,full,APRIL|AR|DEL|LayerSkip,39696d293093a4d780aea3bcac7743d336975ed20d9c2ff72b51ae0ace7b7e18
stream1,1421,xsum_summarization,164,full,AR|LayerSkip|APRIL|DEL,630fc3d4f9630dd55db35b6704c5852c17acd6c31dd8ffba52ac70671229d7db
stream1,1422,xsum_summarization,165,full,LayerSkip|DEL|AR|APRIL,8b067dc494cb04cc5445fcc0a0f22715985314ea705ecf67795892e0bf4c93b9
stream1,1423,xsum_summarization,166,full,DEL|APRIL|LayerSkip|AR,6cf582363c321bb6bfe975da108ed66d44f79e916766630d8649120d6940ad20
stream1,1424,xsum_summarization,167,full,APRIL|AR|DEL|LayerSkip,71fc27f859c0002b6016d58ca376f4c8c57c4d0e9d9b33867f7497cfb63f28d7
stream1,1425,xsum_summarization,168,full,AR|LayerSkip|APRIL|DEL,5eb41793645432c50e410406e4af86ccf536ce0d05872b7ec318369f3d426836
stream1,1426,xsum_summarization,169,full,LayerSkip|DEL|AR|APRIL,e65bd9938bca188124dbd4aca16650dfb79726c81c965bdc7e93ea27c6cc3051
stream1,1427,xsum_summarization,170,full,DEL|APRIL|LayerSkip|AR,ac562327b4cc82d4614b68dce8a22894f49658bd6c2ded1627bf2034a44f5dd3
stream1,1428,xsum_summarization,171,full,APRIL|AR|DEL|LayerSkip,97f60afbf75eea20e51422d6eaeb72d44c32234dff8e736220f4eab692cdac36
stream1,1429,xsum_summarization,172,full,AR|LayerSkip|APRIL|DEL,94ef1399792e33c66c27975d80a63d362dc2745785fb301933ec8c8759c859d1
stream1,1430,xsum_summarization,173,full,LayerSkip|DEL|AR|APRIL,584ba66a89c09fa99bc0f2d4641c4ad7527ccaad735453e85ec24418c3dbc71e
stream1,1431,xsum_summarization,174,full,DEL|APRIL|LayerSkip|AR,c45341a134281e713bc6ab89969ad8515bacbbcffa840292317824dc1fe60ba9
stream1,1432,xsum_summarization,175,full,APRIL|AR|DEL|LayerSkip,a49991f7f70b630a127653bbc54fbbcd248b1bc45eaa73a9d6cacf18a8948985
stream1,1433,xsum_summarization,176,full,AR|LayerSkip|APRIL|DEL,f63229d814543e17c11de520bac3a39d8fd00655c757887ec74a80f4856d79d7
stream1,1434,xsum_summarization,177,full,LayerSkip|DEL|AR|APRIL,55e980437b8c00111e583b4f40dc2d6f9490eb0c1513a40e4593af5047b54f6a
stream1,1435,xsum_summarization,178,full,DEL|APRIL|LayerSkip|AR,a8d1971d86a39e28d484302a44f04ed7f7ed8488b30bb94b0482bde02624ae60
stream1,1436,xsum_summarization,179,full,APRIL|AR|DEL|LayerSkip,9a9febe411da77c2b902cded7b4b59c8be995cf8f6a9683a2f2ad6e0422b9749
stream1,1437,xsum_summarization,180,full,AR|LayerSkip|APRIL|DEL,544d3886c4181c165a99db2cd3f7c193a3b6ac69d4ee4dcb3c52e85feb2ae077
stream1,1438,xsum_summarization,181,full,LayerSkip|DEL|AR|APRIL,117b4cfa0fcc51f3e5ea70668d0851d87d4d9b722647914af5619cfa9b5b7a36
stream1,1439,xsum_summarization,182,full,DEL|APRIL|LayerSkip|AR,59b3ee7cc8823c7a269e0129da691706ce58598cc04be3a3d183b59b0830eb04
stream1,1440,xsum_summarization,183,full,APRIL|AR|DEL|LayerSkip,a5152fc89c68d0b5a6732c10c0b6c986cd2765c12c1326d8bfb82eae98c2a2ba
stream1,1441,xsum_summarization,184,full,AR|LayerSkip|APRIL|DEL,0d9dcec145fb2909aaafce04f03ac2b15497fd8f84cb193689ee4809a76e5f16
stream1,1442,xsum_summarization,185,full,LayerSkip|DEL|AR|APRIL,f9617ccc2a01fb7f44c2b2fb7c3b1672da7e68b343ffddddea8660d9cf907f49
stream1,1443,xsum_summarization,186,full,DEL|APRIL|LayerSkip|AR,669413aa91161441be17d7b32ce19b3dbd6e1e95616680d57f857f4688cc3d1c
stream1,1444,xsum_summarization,187,full,APRIL|AR|DEL|LayerSkip,228dc2136208eea19c1855713c4bfb8451fec258861422feb1e272a77283c8d4
stream1,1445,xsum_summarization,188,full,AR|LayerSkip|APRIL|DEL,013790cf94a74c374da432fc93660dd95811e5d6b01829f172d6f9ab64c4ecbf
stream1,1446,xsum_summarization,189,full,LayerSkip|DEL|AR|APRIL,fb05d369fe0e8fc90f5c8b4308398308902f82edf2974076b954c96d73b3d4b2
stream1,1447,xsum_summarization,190,full,DEL|APRIL|LayerSkip|AR,630b9ae6f58b3632d03c4f7b80e5476c9be6fd1bffc8661571f398ca93504e6a
stream1,1448,xsum_summarization,191,full,APRIL|AR|DEL|LayerSkip,c20030b50e4100deb812087afa3f13cf0c0836b7df4cc9df8d45560c1f5ba528
stream1,1449,xsum_summarization,192,full,AR|LayerSkip|APRIL|DEL,bb3c52997a7534621cb1154e1d3958116c66a502e0b82adb9511005c251dc728
stream1,1450,xsum_summarization,193,full,LayerSkip|DEL|AR|APRIL,85e6c795003ba04df436d66b3ebcf1c33f457dbb1b39017ff75d773ea8bcf9dc
stream1,1451,xsum_summarization,194,full,DEL|APRIL|LayerSkip|AR,523259af152f7ec827fadbbb6a5206e82764b42ec03226dbac959c61d535f460
stream1,1452,xsum_summarization,195,full,APRIL|AR|DEL|LayerSkip,ab738a209735c3a29bc0227cb46e3f238352588c35263adcd20d6cf2126516b6
stream1,1453,xsum_summarization,196,full,AR|LayerSkip|APRIL|DEL,b0a9a184e0334e87e2c2b00ef5d5483665545c4f2cc50b2f832e6d8f21ca9371
stream1,1454,xsum_summarization,197,full,LayerSkip|DEL|AR|APRIL,f255d1aa7faa1708ce4e6af484437feb56a041982577167641b9f3513e73515e
stream1,1455,xsum_summarization,198,full,DEL|APRIL|LayerSkip|AR,d67d22c23d4bdef7e36247b275810e3dc167398f9653861a8df151c61e086a37
stream1,1456,xsum_summarization,199,full,APRIL|AR|DEL|LayerSkip,44a4461ec7ef3e0c23f76cc1642c36806eba3a1a4a8124d37271c5289a5c1a1a
stream1,1457,xsum_summarization,200,full,AR|LayerSkip|APRIL|DEL,f4d68a9cd1d9ea6a3e82dc5382aad5d959c959001d270d0863f075e61a9a1216
stream1,1458,xsum_summarization,201,full,LayerSkip|DEL|AR|APRIL,c7f9f998934ce356b5add738b020fa6d6f52b89898556d7a5999995466f6c51e
stream1,1459,xsum_summarization,202,full,DEL|APRIL|LayerSkip|AR,debcde19bb1a5161171589218b458db6692de832faeefcce1cd0a798c8d188fc
stream1,1460,xsum_summarization,203,full,APRIL|AR|DEL|LayerSkip,7b5f5ea2632dbf22cf6f207ee4c35e65be7eff2795a4597a7822fbd28fb3902b
stream1,1461,xsum_summarization,204,full,AR|LayerSkip|APRIL|DEL,5c4b5706a11fda1426fb778b88486f1fc06ec749beb5560e1146c908e0ccf280
stream1,1462,xsum_summarization,205,full,LayerSkip|DEL|AR|APRIL,6afe717cd87aca9e7ddf900bb86af7fc4740d399165a89166a10a050206e83c8
stream1,1463,xsum_summarization,206,full,DEL|APRIL|LayerSkip|AR,0e1f03478f942f88d1f16eaf94b45a0703c7454b373aef2906d8c3cf9f93f2a0
stream1,1464,xsum_summarization,207,full,APRIL|AR|DEL|LayerSkip,ceb48946752829de174a065455288c1a839d71d64e83df46e6873fdaa5838fc3
stream1,1465,xsum_summarization,208,full,AR|LayerSkip|APRIL|DEL,42f714ba9b2d94a6cb1d917acce39f55d5fe67f13dbeca1e3a4aa749f3224f1a
stream1,1466,xsum_summarization,209,full,LayerSkip|DEL|AR|APRIL,4d80d9c63a1c6687d6d3dcdef42b04862dedf00326bc799c1af415013b6d22fe
stream1,1467,xsum_summarization,210,full,DEL|APRIL|LayerSkip|AR,8bd7bfa387429ade9db8209938b48850eb1fa081b9c003e6f689a79038b9ed85
stream1,1468,xsum_summarization,211,full,APRIL|AR|DEL|LayerSkip,0d87006bada2081ece79062f026b8e3f6ec334828f598cf981e8259eaa9f95df
stream1,1469,xsum_summarization,212,full,AR|LayerSkip|APRIL|DEL,c2a17cfe014ba16005686bb156817a8810335e4a22fd7296a388e64a1b6848ee
stream1,1470,xsum_summarization,213,full,LayerSkip|DEL|AR|APRIL,ff4db63be6e07f3c78a026ff8d804f7b26a3c229b010c198de2493e5ad55d5bf
stream1,1471,xsum_summarization,214,full,DEL|APRIL|LayerSkip|AR,28bb301127dc55b1297a8eecf7c9553a0e8e578a037fdf6297296b4918f2ce69
stream1,1472,xsum_summarization,215,full,APRIL|AR|DEL|LayerSkip,79a2cb27cdf930347965f01c63264d57b7f7a2f0c9d8b33d2df046c7460faa19
stream1,1473,xsum_summarization,216,full,AR|LayerSkip|APRIL|DEL,e2976c12a0b3059311f4247c1eb15bfa6e350572c48d9a3123e6487410943798
stream1,1474,xsum_summarization,217,full,LayerSkip|DEL|AR|APRIL,81688956f873a244a43932b0262e393d74845dde9fe12f9b8ef8f9e4cc2759db
stream1,1475,xsum_summarization,218,full,DEL|APRIL|LayerSkip|AR,13a2a5f43a8b0d77a59ba87e47d940cc6fa0f5374dab34dd6223836928d024d7
stream1,1476,xsum_summarization,219,full,APRIL|AR|DEL|LayerSkip,f2c7cd8c093aca5981a50f55d07b97e44cf721abb03ac44f96471b4b6bb96443
stream1,1477,xsum_summarization,220,full,AR|LayerSkip|APRIL|DEL,852332a3eae6aabce65a47b84add488cc6f1395840ff1fbee4e492a735c41868
stream1,1478,xsum_summarization,221,full,LayerSkip|DEL|AR|APRIL,443aa9c19512c9fc75534f6c56de8b0a514921d71832529d3ca871dff83f8597
stream1,1479,xsum_summarization,222,full,DEL|APRIL|LayerSkip|AR,e792650bb7c020f9c2cb5d2fe184afa0d453749252ad5c0c1191228e86e3a614
stream1,1480,xsum_summarization,223,full,APRIL|AR|DEL|LayerSkip,8a606977a1b7e3a5b84c8c582467302fdb6aaef399af1bce1f6e5d6326d91554
stream1,1481,xsum_summarization,224,full,AR|LayerSkip|APRIL|DEL,e5a846ac39d192db93b4f76a630f815b36acd58018ef6390d0783ff857ca3154
stream1,1482,xsum_summarization,225,full,LayerSkip|DEL|AR|APRIL,9e0b4352afced86b17486e2910ebc50f6ef8eb3900d227b4700c13ad723f62f4
stream1,1483,xsum_summarization,226,full,DEL|APRIL|LayerSkip|AR,f50897ffcda3522936d420ba23cd4a09b897cfd75f6c3d6ee2108df9bd48e2cc
stream1,1484,xsum_summarization,227,full,APRIL|AR|DEL|LayerSkip,2d2061ef5e5884a8fd9ef7aff40756ef8d8e69eacd2acfe275018ce86d682a52
stream1,1485,xsum_summarization,228,full,AR|LayerSkip|APRIL|DEL,8e2e9daf02b40f615bdac425c9310a5725e903e62009f4035029c73a9206e2f8
stream1,1486,xsum_summarization,229,full,LayerSkip|DEL|AR|APRIL,2662b7bf9cc1419012eb408f8a61b94abdc8044488ee4b25292c2ff863c127ba
stream1,1487,xsum_summarization,230,full,DEL|APRIL|LayerSkip|AR,4750e4615adb0c8bb37e59cb044fa7e3e3c6f42dd245a3c5d77fc45e290fed0e
stream1,1488,xsum_summarization,231,full,APRIL|AR|DEL|LayerSkip,3ffe8a771307042fdd129b78e269bee93896917153762e08342bbc410675399f
stream1,1489,xsum_summarization,232,full,AR|LayerSkip|APRIL|DEL,536eb2bf326656488589957d90d4909a3f4816a24cddbc76b28f32ff788901a0
stream1,1490,xsum_summarization,233,full,LayerSkip|DEL|AR|APRIL,088faf9a7379bfd3b8e736d081217c323d7399a9563eb432d4fd76c18da73f72
stream1,1491,xsum_summarization,234,full,DEL|APRIL|LayerSkip|AR,1f218852e0f3abb43f9c9ab32d9e995ac0e8140a961dff143ca5d755b5990474
stream1,1492,xsum_summarization,235,full,APRIL|AR|DEL|LayerSkip,9475a2fa092cb9d63a6204a03c1fea7c51939ab545b1d15fda2c0af5b6f25188
stream1,1493,xsum_summarization,236,full,AR|LayerSkip|APRIL|DEL,38dc20232610a033ba33830f7520aeb967b3430320bb1a49a2d1053c679d6fcc
stream1,1494,xsum_summarization,237,full,LayerSkip|DEL|AR|APRIL,29b9c7011ec09d0e76752c6a15b24f4327de017c5d036d2ed9b6c40d58163a84
stream1,1495,xsum_summarization,238,full,DEL|APRIL|LayerSkip|AR,bf8c17375ab6d288f2289d1b3ab84b61ef5d68558213a9fad152bac265f714a1
stream1,1496,xsum_summarization,239,full,APRIL|AR|DEL|LayerSkip,691712a5143f3405acdb198047c1079e71d256dded45c6040ac01832f2d89456
stream1,1497,xsum_summarization,240,full,AR|LayerSkip|APRIL|DEL,900060ea9b68276618126447a8bd2de1604992f7fcf9bfc6333adb2d2831c52a
stream1,1498,xsum_summarization,241,full,LayerSkip|DEL|AR|APRIL,f3d0bd37fa07fb7045e2ffa8c6d317a56a981e024d3070945d2c592afc8ad147
stream1,1499,xsum_summarization,242,full,DEL|APRIL|LayerSkip|AR,42c05568023500e306301bcd84b507d1a7fcec2dc33c28e7e601b7a288ae5261
stream1,1500,xsum_summarization,243,full,APRIL|AR|DEL|LayerSkip,e45d7908948d34dbb7518b9c4cc64739e8492de8c58c0ecd9cefadfc95726c50
stream1,1501,xsum_summarization,244,full,AR|LayerSkip|APRIL|DEL,b8196c115c7b9c5c5664fc5b4d9aaced6f3704ecca62bd9ddcc6c3c5b324226d
stream1,1502,xsum_summarization,245,full,LayerSkip|DEL|AR|APRIL,e4ad8eabf27c2940aa28dd999cdca20c42c68c8cf59b5b5bd4c2c3ae6c6736d6
stream1,1503,xsum_summarization,246,full,DEL|APRIL|LayerSkip|AR,5547a03083815844d6d940d5a79bc82d1c66b1f1c396ede141ff2e0debc5e181
stream1,1504,xsum_summarization,247,full,APRIL|AR|DEL|LayerSkip,c9b5fa9c1c6a18c0e691f1c3c34eed0704430c1b77bc42c6dd851937879e244d
stream1,1505,xsum_summarization,248,full,AR|LayerSkip|APRIL|DEL,47f857aeed34b78430588a43505f58c698cb8abe79252dd5be26010b89b1ef8f
stream1,1506,xsum_summarization,249,full,LayerSkip|DEL|AR|APRIL,43d1384215427b82e4cbdff4ec8f14a16716ed8fc52a7021303be7ed725eb1cc
stream1,1507,xsum_summarization,250,full,DEL|APRIL|LayerSkip|AR,95eb00dbb9750e2fad05fa3e3834e0eb6b87d5d2d6dc51e34f0b06d90096bf99
stream1,1508,xsum_summarization,251,full,APRIL|AR|DEL|LayerSkip,0e065392ad71be56b24b6fce85a4bc0e8b6034bd0a47ac044ec27617ced1f555
stream1,1509,xsum_summarization,252,full,AR|LayerSkip|APRIL|DEL,e58bf53f240aacb74087379f1dbd72aa343e394fe00e38a2cadb59b4f788c2cc
stream1,1510,xsum_summarization,253,full,LayerSkip|DEL|AR|APRIL,1ad6ab52604bf78a9a8e180242023832e1b6b55d2a347531384506b484f94f2c
stream1,1511,xsum_summarization,254,full,DEL|APRIL|LayerSkip|AR,87ee1cf43efed605e7e29aece5c9697b45e344ba9ccb6cf67d53bd4b66cd43d8
stream1,1512,xsum_summarization,255,full,APRIL|AR|DEL|LayerSkip,12ceb2dfff8b2800bf93fb189944337e96f93751c2f0017d1f08e93585bb8833
stream1,1513,xsum_summarization,256,full,AR|LayerSkip|APRIL|DEL,8fec64c486ed1bf41921d44212c769ab8ab4aefb09b997033c2fc025358a87b1
stream1,1514,xsum_summarization,257,full,LayerSkip|DEL|AR|APRIL,31ff272408339751a46d446b988f89a0531b37c3b92a39699e777177ebf33aad
stream1,1515,xsum_summarization,258,full,DEL|APRIL|LayerSkip|AR,92f232331adfc667fbc6db44038cc4773e627a50e9c1bedfba5375188796d3b3
stream1,1516,xsum_summarization,259,full,APRIL|AR|DEL|LayerSkip,1e7598b404debb4e03425a82dc1314ee073ead8e4107c77dfe73f90304ab9178
stream1,1517,xsum_summarization,260,full,AR|LayerSkip|APRIL|DEL,5dfd5cc8989fba8e885be874c6c5514384be1dab95b2cc9aa3203003da9efe2f
stream1,1518,xsum_summarization,261,full,LayerSkip|DEL|AR|APRIL,b7fac55d5fa854c307954c8f15b23bdec25c27c9a05fa2e5e07267dbe04a0c84
stream1,1519,xsum_summarization,262,full,DEL|APRIL|LayerSkip|AR,8e668e4cd657af76c7018a0c687e0398caad8f4a4940412d3156f1d7bb4929fd
stream1,1520,xsum_summarization,263,full,APRIL|AR|DEL|LayerSkip,33f8908a072c8f8c547225691c694444d5f84642fbf33d3b98358faf3fe3b9c0
stream1,1521,xsum_summarization,264,full,AR|LayerSkip|APRIL|DEL,245e427b54e751542f19a7473f42da6591b35840be0ee231618a85d816dd643e
stream1,1522,xsum_summarization,265,full,LayerSkip|DEL|AR|APRIL,998331bb4e42015febdddb094b5264e630236a84f0ce9fc094832764d7cb00a3
stream1,1523,xsum_summarization,266,full,DEL|APRIL|LayerSkip|AR,106d0bae6380f1cf17884ea6fff2b3c21ac29162677d5bef61bbcb72ce55860d
stream1,1524,xsum_summarization,267,full,APRIL|AR|DEL|LayerSkip,64d0469e28a380028dc0362ae230a041ba855def94513af9ef0f26de8e32aa31
stream1,1525,xsum_summarization,268,full,AR|LayerSkip|APRIL|DEL,ae78ea4a6f7f21ec18b92d6ec035cee7d500e9cc838a3b9d5baca0a023981c55
stream1,1526,xsum_summarization,269,full,LayerSkip|DEL|AR|APRIL,5c59f83f470d5a2addf778ae8c9d5e3746a9003f710ba4894ae111f931455d3a
stream1,1527,xsum_summarization,270,full,DEL|APRIL|LayerSkip|AR,7ad3dcc48171df368a528d08d949f8d476bdf001bc92398248494d3b555daacb
stream1,1528,xsum_summarization,271,full,APRIL|AR|DEL|LayerSkip,4e8de00f29e61750e0b3c6054617cb2bb0b94aa691f14d862f70d82b64c4fc29
stream1,1529,xsum_summarization,272,full,AR|LayerSkip|APRIL|DEL,36d3083b0c0397240a64d75bdffa371f154d041e35d5026359d802bde26c65bf
stream1,1530,xsum_summarization,273,full,LayerSkip|DEL|AR|APRIL,4f1828581b767c887b59b2d3144555f930d3c90b0cc63664e4449edb432dd039
stream1,1531,xsum_summarization,274,full,DEL|APRIL|LayerSkip|AR,bf8c66b998e1053a15a95b03193a10e084d379b89a1451a8c008673d01aba8eb
stream1,1532,xsum_summarization,275,full,APRIL|AR|DEL|LayerSkip,9f09ac2ef20d0154b67a44d77772f627b4b7e49052c22c5a089314ea1794f588
stream1,1533,xsum_summarization,276,full,AR|LayerSkip|APRIL|DEL,f83847f1e0619a401988853cb9b672589875a3a94321a602d0898277791275ef
stream1,1534,xsum_summarization,277,full,LayerSkip|DEL|AR|APRIL,03bd9de25e8244cf224a98209eea6bdfe52d57c159017aa7c99dc5c9c4d5c57c
stream1,1535,xsum_summarization,278,full,DEL|APRIL|LayerSkip|AR,d3b8db5e70389a76688c241b56c326656639b188702573d17e29ac004fb66603
stream1,1536,xsum_summarization,279,full,APRIL|AR|DEL|LayerSkip,e124d10b1dd5c812595cb1a99830660498477a426cbc7edeec0dffce69a9e4f7
stream1,1537,xsum_summarization,280,full,AR|LayerSkip|APRIL|DEL,48ae609336152f552760122761e63c25636958e6f41bf1e763a7043355154408
stream1,1538,xsum_summarization,281,full,LayerSkip|DEL|AR|APRIL,906d46b7a2573d55dec44684313e2d0ed27b7c365128095e7837cac71d8b406e
stream1,1539,xsum_summarization,282,full,DEL|APRIL|LayerSkip|AR,4ef015c4cf1cb211b26e91fd6323fc8baf6fe9eb383ecc49c7a9ed98c32d4815
stream1,1540,xsum_summarization,283,full,APRIL|AR|DEL|LayerSkip,375f3f0627597b253358817f0fa3e805e093725863fc0227305c90d167a93913
stream1,1541,xsum_summarization,284,full,AR|LayerSkip|APRIL|DEL,a0578799e47b7eb91a5e4af039b10a184b41ebbfbf1fb1e9325c0a21bea21beb
stream1,1542,xsum_summarization,285,full,LayerSkip|DEL|AR|APRIL,eb3e588fec8ffb0a858e0f3d74246a5aea8d9076c04cad9a48a8e2191ef9eed4
stream1,1543,xsum_summarization,286,full,DEL|APRIL|LayerSkip|AR,d8b6a2b12ad9d1bbce4cc0a5b6d0cd456bafe9abd21ef664a15fe5ee137ff5be
stream1,1544,xsum_summarization,287,full,APRIL|AR|DEL|LayerSkip,2ae7206b48cd6bd0750e230309dfca01eb166479e939d5c3a0888d082c4d25e5
stream1,1545,xsum_summarization,288,full,AR|LayerSkip|APRIL|DEL,78325ba5be72b436547e937f4ba828f735745dc98d20a5e64e633f0933f79311
stream1,1546,xsum_summarization,289,full,LayerSkip|DEL|AR|APRIL,a589f5b4803e075a01b58f309e49542186be791ec37a4d16bbcb6b5ea1c00e8e
stream1,1547,xsum_summarization,290,full,DEL|APRIL|LayerSkip|AR,4ffc9d18522b90b2a95cf2014ea98ca813549716a15c6d87ad8b7e119d226a0a
stream1,1548,xsum_summarization,291,full,APRIL|AR|DEL|LayerSkip,695c00734c44295aa2045fa1bbec61516347f971bafd9b8e2d86001e6d304f7d
stream1,1549,xsum_summarization,292,full,AR|LayerSkip|APRIL|DEL,a5b9dbd12429ff4f8f115bd8f926ac6a6cd243adece3875d49996d6385ca97f2
stream1,1550,xsum_summarization,293,full,LayerSkip|DEL|AR|APRIL,0d327a49f772560957ba1d06b59bfe9b14c4f2a01afbaffb1d57e6da195c182c
stream1,1551,xsum_summarization,294,full,DEL|APRIL|LayerSkip|AR,b0ba42be8e2e3578c2f7638b6423040330d1a492ad4a1c4a79ccc18105f52e32
stream1,1552,xsum_summarization,295,full,APRIL|AR|DEL|LayerSkip,2ad22a9c346ff422d2bc5cc15513fb96f6f1e400382a879d9c3da2ab35a87e88
stream1,1553,xsum_summarization,296,full,AR|LayerSkip|APRIL|DEL,630006c27ab5e56e663cd25c0d003401ce71a505980863f023e22a6347baf906
stream1,1554,xsum_summarization,297,full,LayerSkip|DEL|AR|APRIL,c2be0947ab445928e579e5c72c9a3787980f6fd52268542e87ae64e940824955
stream1,1555,xsum_summarization,298,full,DEL|APRIL|LayerSkip|AR,7ddb73e5163025d783ec2eb7adb023a44f327c1afabacd30639df3cd6d0f0b98
stream1,1556,xsum_summarization,299,full,APRIL|AR|DEL|LayerSkip,14ab0e26b39d2474378972f830e0f690d92162da397f391ce76e12dbd9ab3ba0
stream1,1557,xsum_summarization,300,full,AR|LayerSkip|APRIL|DEL,718fb1772bc49ba0260ecb52f0699759d2397a16080f7cfd21fc2776cd3c70aa
stream1,1558,xsum_summarization,301,full,LayerSkip|DEL|AR|APRIL,0ffb31779f6a82113fc4cac610acf7bba55b2ca1cbc230ff6f184d5eb3d8b20a
stream1,1559,xsum_summarization,302,full,DEL|APRIL|LayerSkip|AR,5a74db42946d126091bf54e5ba9e7725739ec03d2e3587f5be0f38e096fd2b7f
stream1,1560,xsum_summarization,303,full,APRIL|AR|DEL|LayerSkip,0c9b1086b17a1ad7f3c9ab4f13a4c17ac1570d2b153641956f8b7ee842a74fe4
stream1,1561,xsum_summarization,304,full,AR|LayerSkip|APRIL|DEL,2a2a5fe538d74205f101e3ea64862ae6e926c9ff1d4d28f0c2a701662ccc036a
stream1,1562,xsum_summarization,305,full,LayerSkip|DEL|AR|APRIL,8ce67ae5fda4c2a258b9bce54461370ca7ef6443e40775163ac89b4baae5690c
stream1,1563,xsum_summarization,306,full,DEL|APRIL|LayerSkip|AR,90ffebafb32337ff88b0f0e9cd68b7c1c20276577f8d947fa55d4b7724daa561
stream1,1564,xsum_summarization,307,full,APRIL|AR|DEL|LayerSkip,50f125aa4c8a52311c058a1210fe4cd8f6aa157e23ccef2e2f168de62f81a596
stream1,1565,xsum_summarization,308,full,AR|LayerSkip|APRIL|DEL,c8d2d1dd1c073d993a871133d492596582c05b23dfe66678c7bee4a5db05ffa3
stream1,1566,xsum_summarization,309,full,LayerSkip|DEL|AR|APRIL,7b85dffa4010df7b2f3876c107d2fbd9160f62f48b9cccbd3defefd527aa922c
stream1,1567,xsum_summarization,310,full,DEL|APRIL|LayerSkip|AR,9f66c6fbd524fcb638b20a71284e2dc7f150e85e600c92be7c0d6b2fd8952ca0
stream1,1568,xsum_summarization,311,full,APRIL|AR|DEL|LayerSkip,38e081b9e7777bca3777d4329d62723010151a9dd1b5ac75f15f18f58549b78b
stream1,1569,xsum_summarization,312,full,AR|LayerSkip|APRIL|DEL,c8f4abb0de666934e6ca3bf3d4ea8e6edaeb6e283768e11e5c8bd8b046a70f10
stream1,1570,xsum_summarization,313,full,LayerSkip|DEL|AR|APRIL,a9176780a3cdd1a2534c4f6d0898616967d2a722353f380f4c2edad5bae8e6fb
stream1,1571,xsum_summarization,314,full,DEL|APRIL|LayerSkip|AR,cf45550377ab296b233915de6f814862a6fa08837f2866d87b3cde595dfcc536
stream1,1572,xsum_summarization,315,full,APRIL|AR|DEL|LayerSkip,00a7f3bd26986f0ee604ee06a784cdaaa3b81765e29e05ed5c694156573f16cd
stream1,1573,xsum_summarization,316,full,AR|LayerSkip|APRIL|DEL,36e9803b82b246a60fe97290324118f7a3ca11272909da80c1445f245532d5f8
stream1,1574,xsum_summarization,317,full,LayerSkip|DEL|AR|APRIL,274909c7677bd9b2e1bc37f0a1b5dbe32dcab60b4ddb23cf290a7a70dcb64327
stream1,1575,xsum_summarization,318,full,DEL|APRIL|LayerSkip|AR,c70a773cb6f3f8ccc34005cd28ef6ad00c0fe3bf8956f27987d8ef15973a90a0
stream1,1576,xsum_summarization,319,full,APRIL|AR|DEL|LayerSkip,06583c29728236d920eea13a846678bade4cc8433b74e961f17488d2a1bf8430
stream1,1577,xsum_summarization,320,full,AR|LayerSkip|APRIL|DEL,5fbee2ab136b8aef157540bd022ab2fdaf1b1c517aae5b248b878dadeb214998
stream1,1578,xsum_summarization,321,full,LayerSkip|DEL|AR|APRIL,6037dcccafebc6f740d8b05f6d324bdca481216c3d3ea4910f25c7663813bf86
stream1,1579,xsum_summarization,322,full,DEL|APRIL|LayerSkip|AR,77c2454100e31f462b1b9d4028e68af2ab7c308c08064a0d176127c720151e14
stream1,1580,xsum_summarization,323,full,APRIL|AR|DEL|LayerSkip,2f77509bbc21d485b60e08d78f020159f3296220cb1726be4b33d977ed835e4b
stream1,1581,xsum_summarization,324,full,AR|LayerSkip|APRIL|DEL,32cfe7c73a394a5c8a9492b2bf9ed2e48b1ce0e158897f55c0e3ac7053c64499
stream1,1582,xsum_summarization,325,full,LayerSkip|DEL|AR|APRIL,ca6e384556c161af50508f36b3939e660fd31dc15587ef764bf9b958a34fc7ad
stream1,1583,xsum_summarization,326,full,DEL|APRIL|LayerSkip|AR,fe2eb03dce2ba8aabf60c059eef8c9869668195ee6af440e97be9adf0caebbc5
stream1,1584,xsum_summarization,327,full,APRIL|AR|DEL|LayerSkip,b02b990624d06384b528161303f6df3c4341d1b366fdc295427e006961f1328a
stream1,1585,xsum_summarization,328,full,AR|LayerSkip|APRIL|DEL,71baa948d70b7540b381254243d97c55ea84df746d2fa4dfc3f2a2fb857e1978
stream1,1586,xsum_summarization,329,full,LayerSkip|DEL|AR|APRIL,5b5e9f1c5739b69b2ea28c6dc217c1e8d1d63eea7e5876272ecf97b4ad2e3484
stream1,1587,xsum_summarization,330,full,DEL|APRIL|LayerSkip|AR,b6277a7fc1ad6b67485a75da4a4c8346d019ac12c82d87e191520001191e7377
stream1,1588,xsum_summarization,331,full,APRIL|AR|DEL|LayerSkip,454d73e85b3c2d43b1b1a71c687b69c284e2f721971cc8812b974924396fd767
stream1,1589,xsum_summarization,332,full,AR|LayerSkip|APRIL|DEL,ebf44a049fd3c3f6b962ea5865ace0e0fb6eed8c432a3def6854efc9b94903bf
stream1,1590,xsum_summarization,333,full,LayerSkip|DEL|AR|APRIL,5ef49de1072abf2701fab6d8efc89eb5f07c17f5905d43dc2fe118bec4318f62
stream1,1591,xsum_summarization,334,full,DEL|APRIL|LayerSkip|AR,93d7afce3a8b0a28e64ca7698d29c93542c40165debcaa1898b2133f8e7c3725
stream1,1592,xsum_summarization,335,full,APRIL|AR|DEL|LayerSkip,eb3635ffbcbcfb41273e11762769d96757ca53dfc121053b0582bfc8e56fd836
stream1,1593,xsum_summarization,336,full,AR|LayerSkip|APRIL|DEL,a15737bfad49f9170118ebb4eca21ebe80fb2284e4689ad4fd406d3bed1c8d57
stream1,1594,xsum_summarization,337,full,LayerSkip|DEL|AR|APRIL,4ab01e5037df3dc1c299b08d9c2cbf2e0226bc10b254cd0abfea0f5c181740f0
stream1,1595,xsum_summarization,338,full,DEL|APRIL|LayerSkip|AR,b6d0cad3cb3077f0680709ec54c84ec7cff0b1822e673125e732b059f072dcd0
stream1,1596,xsum_summarization,339,full,APRIL|AR|DEL|LayerSkip,64e2c0685a36cc96a6277956eebf0dde5d624dfd91d8f0011b78a2a418bf79ae
stream1,1597,xsum_summarization,340,full,AR|LayerSkip|APRIL|DEL,6b892c0b6fd80dbcadfc91b0d86fe30105a2b2d079b91c38b10024610e4de9d8
stream1,1598,xsum_summarization,341,full,LayerSkip|DEL|AR|APRIL,4812c3bc53128c4650df307adb9162888288274da108d6e5d29b43485a2495ca
stream1,1599,xsum_summarization,342,full,DEL|APRIL|LayerSkip|AR,db2436b9de80d82848d669c04c99a1ecc9cc72b13cefe37ac0e5f61f3a33b7d9
stream1,1600,xsum_summarization,343,full,APRIL|AR|DEL|LayerSkip,3a033c0ba6c0c7e24d0659055535b54a6fb997f482347d75ef9903995adbb585
stream1,1601,xsum_summarization,344,full,AR|LayerSkip|APRIL|DEL,3944a2f4ecc2ff1ec6c25217f91b54b383b65ce8c9d3c33d396d140efe03ed25
stream1,1602,xsum_summarization,345,full,LayerSkip|DEL|AR|APRIL,c01748363d760f526489756c6b2d7ddc79a54370a7fa64fb2aef766687840cfd
stream1,1603,xsum_summarization,346,full,DEL|APRIL|LayerSkip|AR,a9ab8c533bfad7edf883b499f880e25ad46aa776bda801102c84c871d80d631d
stream1,1604,xsum_summarization,347,full,APRIL|AR|DEL|LayerSkip,5ed493ba617cafcbdbf9af07cd1262b8933a22c25ab2f7da1db5c4ec02b010fc
stream1,1605,xsum_summarization,348,full,AR|LayerSkip|APRIL|DEL,bac44823652375b0cf3077b79e0ad0668da8a99a9aa03a65c38107b8d71a3a8d
stream1,1606,xsum_summarization,349,full,LayerSkip|DEL|AR|APRIL,5b85b407558d614be5463f8a1d706b7bf0b5275b2ea87925c1384de97547d4eb
stream1,1607,xsum_summarization,350,full,DEL|APRIL|LayerSkip|AR,7ed35450f0f65ad710cf563becd806e98f6d1e040342d128267802e88aa210a2
stream1,1608,xsum_summarization,351,full,APRIL|AR|DEL|LayerSkip,291d450b5acb8736e53b5621ea983a73d2709b5eff2be797ffe1596780e6fc46
stream1,1609,xsum_summarization,352,full,AR|LayerSkip|APRIL|DEL,e039798e0277d5f0ee2f0d9de7cdcbdadbe2914bf5797db6d9ca2451d8939fa7
stream1,1610,xsum_summarization,353,full,LayerSkip|DEL|AR|APRIL,41797b479d260a3701860b372649ae8564e828a852a8b9d3a0c711983cd83e4a
stream1,1611,xsum_summarization,354,full,DEL|APRIL|LayerSkip|AR,b11c451c7ff1125a1a98838108232070c6268b0592d38e6377678b71f646d09c
stream1,1612,xsum_summarization,355,full,APRIL|AR|DEL|LayerSkip,e557e43fe89f4a1df917c1f5eb6e36852940910b8b7f7ba817f857e82523ff05
stream1,1613,xsum_summarization,356,full,AR|LayerSkip|APRIL|DEL,dc5c6dd91b91d10629aa76199e5e06d65296127432087c51411e09b8628cf353
stream1,1614,xsum_summarization,357,full,LayerSkip|DEL|AR|APRIL,8962da5db3ae2ce447928fd98230c2c03cdefc60188435392af0904cbb13eb06
stream1,1615,xsum_summarization,358,full,DEL|APRIL|LayerSkip|AR,f9f9ac9d2f6937ef4c935a7921435b3c939143107ab8d423b3a965fcfec6a447
stream1,1616,xsum_summarization,359,full,APRIL|AR|DEL|LayerSkip,2b2937fb7facf0a8695f2c503540eae596cecc4bcc619e9ea224a1e0b5591f51
stream1,1617,xsum_summarization,360,full,AR|LayerSkip|APRIL|DEL,35007ae1ab8be3e5294815c2ec8027e871c341f0b673421845a40810c80cfc4c
stream1,1618,xsum_summarization,361,full,LayerSkip|DEL|AR|APRIL,a933055ad3188fa40baa4f3c073149ea881f254cac1949fe622f116e56ba910c
stream1,1619,xsum_summarization,362,full,DEL|APRIL|LayerSkip|AR,4c6e2360eab8f1210847fcfbd8535bafe3f7bcb9c911ce41a3f63519c0835033
stream1,1620,xsum_summarization,363,full,APRIL|AR|DEL|LayerSkip,30bfd702d371d84007e402ba4e3a9b33d39cc364e48e1942a058e06e68b9ca55
stream1,1621,xsum_summarization,364,full,AR|LayerSkip|APRIL|DEL,7ed4edb541b97feb184b77764238329c10a0f8ced5d56962a9b0955c7e094d2b
stream1,1622,xsum_summarization,365,full,LayerSkip|DEL|AR|APRIL,74fc8e280413e4509492710c2665684a1aa5f1f4dc389c9270feb5d21312d8b8
stream1,1623,xsum_summarization,366,full,DEL|APRIL|LayerSkip|AR,a216dbae1acbe927af4bade4d2ea3cdd0cbb6afb4bad4d071b1b766515f7dbe8
stream1,1624,xsum_summarization,367,full,APRIL|AR|DEL|LayerSkip,c7c114f7c0f7d547a08817e83552f8d44c971ee3ea623bef8ff56adbb90273f7
stream1,1625,xsum_summarization,368,full,AR|LayerSkip|APRIL|DEL,f7ab4a8e545da1ee940b62a1b8817d78b9455372ab375a3d33709e53890c3f6b
stream1,1626,xsum_summarization,369,full,LayerSkip|DEL|AR|APRIL,13e0443ccf6c7b6193b0080614dc52908403d7aa7a02bdc6daae1de5ec249887
stream1,1627,xsum_summarization,370,full,DEL|APRIL|LayerSkip|AR,06cf5aea51ecc5d321d757f262e65bd5a6a89275669c9f450b6add1afddc11cd
stream1,1628,xsum_summarization,371,full,APRIL|AR|DEL|LayerSkip,4a2405a49907928fbe11d308d38af8d9f6cd5cab1bc943c8d8d6dace0257b724
stream1,1629,xsum_summarization,372,full,AR|LayerSkip|APRIL|DEL,200e3f3227625ffa5d8feaa6de9b5e8c6e8f6a745266070e059911b390f95295
stream1,1630,xsum_summarization,373,full,LayerSkip|DEL|AR|APRIL,072d47e5e3ebe7716481ab1182d37ea7a3f9c9516eab76e5bad03041e44b0cfc
stream1,1631,xsum_summarization,374,full,DEL|APRIL|LayerSkip|AR,a8baa1c2830ee7784bd4bad09e7973be339249efca685f658bb9cb2508b073be
stream1,1632,xsum_summarization,375,full,APRIL|AR|DEL|LayerSkip,0555bed8373e639dd7b151f5d9c06fd35fcdd53a382554001610a41d0cdf0629
stream1,1633,xsum_summarization,376,full,AR|LayerSkip|APRIL|DEL,49d97af63da7a1eced7f32d9c795f6b6f10326bfd8c904dd55f8c701b5f2a554
stream1,1634,xsum_summarization,377,full,LayerSkip|DEL|AR|APRIL,601d05de60660354607e8b0f03f9287d6ffe3c836b00b96bb64e8627c0157a8e
stream1,1635,xsum_summarization,378,full,DEL|APRIL|LayerSkip|AR,14391cd5597e4d2df65fd7cdba2c08666bfb3fc7434566a3eda033e6cfabf237
stream1,1636,xsum_summarization,379,full,APRIL|AR|DEL|LayerSkip,51d0f95b8ad936f98819d5e465b8a29fbe9a93f0583cd8cd53f10183a0d0abb7
stream1,1637,xsum_summarization,380,full,AR|LayerSkip|APRIL|DEL,a21ec12eefdce6a686a13e373530068a4d1e0f9b2ced6681c21d6bf258f292e6
stream1,1638,xsum_summarization,381,full,LayerSkip|DEL|AR|APRIL,6b48777008d00a4d9938dd002785302cc9c0ac39d1d9b54adbfbf0ded6238133
stream1,1639,xsum_summarization,382,full,DEL|APRIL|LayerSkip|AR,07256b9f8c928d40cb364b3b4ea77275cbcb86930350b91609430a7ae3bfa046
stream1,1640,xsum_summarization,383,full,APRIL|AR|DEL|LayerSkip,54d0450cffb215f597607fc5577c5b53c1ae823a27a5205948bb5ee737d99c06
stream1,1641,xsum_summarization,384,full,AR|LayerSkip|APRIL|DEL,16c9cad944a5cf1fb8c164d8e9bfdbebf6df94135f9a0c468103ffe8a6406dae
stream1,1642,xsum_summarization,385,full,LayerSkip|DEL|AR|APRIL,93d7afa3a875700241d544370f3344cc28d16ecdd543c736eb34fe813dee4887
stream1,1643,xsum_summarization,386,full,DEL|APRIL|LayerSkip|AR,87c9998cea249d50bc9959d330769ee5da4003340643610ea7f08b554024e22f
stream1,1644,xsum_summarization,387,full,APRIL|AR|DEL|LayerSkip,4d2b97d3905de2c7b8e33872e9d0ddcb1ae90cc7edc3b85bb168fb6ecb486c65
stream1,1645,xsum_summarization,388,full,AR|LayerSkip|APRIL|DEL,78b49691811e6fcf840782485ca1e3a564caba1190fce92422577a6346b2a682
stream1,1646,xsum_summarization,389,full,LayerSkip|DEL|AR|APRIL,e97e912fceffbb2804b7ab80d7371d8d5fbd6ca1888c86da6753b62829d13ad2
stream1,1647,xsum_summarization,390,full,DEL|APRIL|LayerSkip|AR,ec4c9667f4f3582951a40e132381634d9d1978859b960db8b8ba337c472dedcc
stream1,1648,xsum_summarization,391,full,APRIL|AR|DEL|LayerSkip,118619e7c93c32de3837ad0306a0db9cc8a462e6c6245164f05cc7b8b6ab7660
stream1,1649,xsum_summarization,392,full,AR|LayerSkip|APRIL|DEL,fc88064de80d21b294c8a6f596b7c64f9365c5c5a22ac28a1afc473aa00da11a
stream1,1650,xsum_summarization,393,full,LayerSkip|DEL|AR|APRIL,b8010f06432748ef2dc90181d68585b5d6952077f8023fa4cac728144cd7cf36
stream1,1651,xsum_summarization,394,full,DEL|APRIL|LayerSkip|AR,ef1d03decbb76543111ede8d64ef5ed2d63db4ab3de484b72222637ac72e0b77
stream1,1652,xsum_summarization,395,full,APRIL|AR|DEL|LayerSkip,596c3ef03eff3bdab165916400dbc679669488bc7a1f3e5b9d12d0b2bfc9593b
stream1,1653,xsum_summarization,396,full,AR|LayerSkip|APRIL|DEL,65e1884b43299b44dca3c1862b6eec688e7dade7c80e422b1d22a417f7326969
stream1,1654,xsum_summarization,397,full,LayerSkip|DEL|AR|APRIL,2846f330248f6b24018c7bce570e5cd9648fef8cad82b287e603689fe3065341
stream1,1655,xsum_summarization,398,full,DEL|APRIL|LayerSkip|AR,49427050dac3b433595d907415de07c2d39291a5dbc0846f32918e7ed947819a
stream1,1656,xsum_summarization,399,full,APRIL|AR|DEL|LayerSkip,c31e404706c752c1effbef02ad70357556bba9d83a9567ca6b3628aea33b1afa
stream1,1657,xsum_summarization,400,full,AR|LayerSkip|APRIL|DEL,53b41bc09321085a7abd76cce55cf12297807a53b3832d50afcb5b34c8b1d5ca
stream1,1658,xsum_summarization,401,full,LayerSkip|DEL|AR|APRIL,cf7ff3b24b65e88aa3353a516d465687fadc850924bb4a2a6c7f162909d9e267
stream1,1659,xsum_summarization,402,full,DEL|APRIL|LayerSkip|AR,4b459e1bc4706af6a9a4c2835f468416e26c9fd2f3ef168a5a3dd434a9187ec8
stream1,1660,xsum_summarization,403,full,APRIL|AR|DEL|LayerSkip,6c20a20514f342b16f5e57e995ffea58f12abc735c656435e1c0abc05f3e7c1a
stream1,1661,xsum_summarization,404,full,AR|LayerSkip|APRIL|DEL,1e85bd5cf0ee27a70c825c9d7fe9fd70da7be214c6571162a655f0ddfe8f2bf2
stream1,1662,xsum_summarization,405,full,LayerSkip|DEL|AR|APRIL,fe2bc4cc859c33b57bb46d6f029e39f6eb28b8772a05a5ad0ace676c6ff89fce
stream1,1663,xsum_summarization,406,full,DEL|APRIL|LayerSkip|AR,dcbdab298fa19a6ffd432bf33600b7802a97ca94964b0c36d417f969bfa59429
stream1,1664,xsum_summarization,407,full,APRIL|AR|DEL|LayerSkip,66d414ecd522b1d5451d1db797eaaed730fa324c9d1ec11c6aae3136f0e1fb10
stream1,1665,xsum_summarization,408,full,AR|LayerSkip|APRIL|DEL,6d841331a8c11169b8dd5ead38628ac576e5824c374dbcf1c07377d49431caf4
stream1,1666,xsum_summarization,409,full,LayerSkip|DEL|AR|APRIL,f5f92b881c461cb209d72bb0bf0038d7f24364984865351b2a198d59b5747fc2
stream1,1667,xsum_summarization,410,full,DEL|APRIL|LayerSkip|AR,000e1276eef4f458aed0e03fb93e531ec2096d4033cfb9a4d1e3daee772584e1
stream1,1668,xsum_summarization,411,full,APRIL|AR|DEL|LayerSkip,c2d5ba509ce27becc4d1ba66183ece938d552ea96cfbc25688a5ef69a8714e25
stream1,1669,xsum_summarization,412,full,AR|LayerSkip|APRIL|DEL,8fd8edac811dca16436072cff1531f60489bd7c829f4025b1a6d261c2ca5e10a
stream1,1670,xsum_summarization,413,full,LayerSkip|DEL|AR|APRIL,ba2933333c81f901a8987aeb6c200d72556284d7997dda35ee1d3ba92f9fc4c9
stream1,1671,xsum_summarization,414,full,DEL|APRIL|LayerSkip|AR,0840bad179bac93be55acdbcc0d382478e1eab858fb32c9924ed3d6a4bb9192d
stream1,1672,xsum_summarization,415,full,APRIL|AR|DEL|LayerSkip,6899b6bcd5c27596757174077c9dd3bff47fd1c93b5117f657994e355ec066fe
stream1,1673,xsum_summarization,416,full,AR|LayerSkip|APRIL|DEL,0050e352428cd4a8784d587cab9e0a2982bc908c26ae4d73cd400cb74d0dfffa
stream1,1674,xsum_summarization,417,full,LayerSkip|DEL|AR|APRIL,c1b4755659f1771786d794a89ed576ddb09fb51e2618c60150af6f85b4953c70
stream1,1675,xsum_summarization,418,full,DEL|APRIL|LayerSkip|AR,52355c588908e32b49b91b9b4835b0a80726364fef713ad20b1de212898f72e6
stream1,1676,xsum_summarization,419,full,APRIL|AR|DEL|LayerSkip,892185c1ad28d92d2daf53e3a433174b8934fd185f72867a485a67733de998b1
stream1,1677,xsum_summarization,420,full,AR|LayerSkip|APRIL|DEL,84ec99d2c36d1b8825af5d5425a08c9fb12651e978a29d27a425b7270f29f8be
stream1,1678,xsum_summarization,421,full,LayerSkip|DEL|AR|APRIL,2ede493f073b0889098931acbe205fdceb07959eb68496067632c481a54f9332
stream1,1679,xsum_summarization,422,full,DEL|APRIL|LayerSkip|AR,9c508c2dcd9872b7286ce737fdb07c43660c2f30ab43b30656ee532e1bfb8143
stream1,1680,xsum_summarization,423,full,APRIL|AR|DEL|LayerSkip,20d29c5a18278314063fc0b825a056bf61d26b6f4f5e3567b94852dd0f08e1c7
stream1,1681,xsum_summarization,424,full,AR|LayerSkip|APRIL|DEL,abb803ac7a9555b17582499aad6dac3253e51e844d0edb75c98eecccb3479890
stream1,1682,xsum_summarization,425,full,LayerSkip|DEL|AR|APRIL,0ebd4f5042a39d42a5e7017220871b8b6858527f835513b7e9c395b6b684c52d
stream1,1683,xsum_summarization,426,full,DEL|APRIL|LayerSkip|AR,96cef1ea4cb55ca52a9c2d6a2247e91289dd9ce97a2464b820bcc5138f7fa132
stream1,1684,xsum_summarization,427,full,APRIL|AR|DEL|LayerSkip,5f067f1f0d362073ac493995c0f929d004587921875f78c8c1195e2db351c44c
stream1,1685,xsum_summarization,428,full,AR|LayerSkip|APRIL|DEL,bc77217d65658e40d5e66ec797f3115ad3c2c606a023707acb411226c259ee99
stream1,1686,xsum_summarization,429,full,LayerSkip|DEL|AR|APRIL,935d59855d932efc6bb3cb97e29fc25a7067da7aa0329a705ad875634dc1310b
stream1,1687,xsum_summarization,430,full,DEL|APRIL|LayerSkip|AR,8c7a62e953defa59792948735d15c9893e6912fc5fac812d8bf9f051318cf1c6
stream1,1688,xsum_summarization,431,full,APRIL|AR|DEL|LayerSkip,0c12f9ef20ed8a48ec3e4bf73abae39be362602d0bf51489956c0e13e9c02e9b
stream1,1689,xsum_summarization,432,full,AR|LayerSkip|APRIL|DEL,7be024ef9f38c0b5bae1f428517efead2b662d806c09dc4ead86bdb4f6818630
stream1,1690,xsum_summarization,433,full,LayerSkip|DEL|AR|APRIL,307baab90b20854c415d928aa0eb62488800980204e5a646f1df6a3567be308a
stream1,1691,xsum_summarization,434,full,DEL|APRIL|LayerSkip|AR,67549bfe6bb6382f4c55a9c976c96ab55810ca99df79b144f2e7cb1889e0fa02
stream1,1692,xsum_summarization,435,full,APRIL|AR|DEL|LayerSkip,fcb7158fbc16fa8b4d21dfb326cfff46341b5659c5c7a9808bc0318d112e9fd0
stream1,1693,xsum_summarization,436,full,AR|LayerSkip|APRIL|DEL,df82f06761200996ca043ab268fad9078039821d50eba66adcb2115a3ef41eb5
stream1,1694,xsum_summarization,437,full,LayerSkip|DEL|AR|APRIL,0e8b9c5fd45527c954068c6b9046c67c841b7e759c84ad00a21a40110337fa69
stream1,1695,xsum_summarization,438,full,DEL|APRIL|LayerSkip|AR,ecdea9bb41367ee28d92642929321480955d65f01b6b31b3c2548288fe99f0f4
stream1,1696,xsum_summarization,439,full,APRIL|AR|DEL|LayerSkip,3d85b27181a56428c22d90e9c00cb47cceb6cb1e36d899c94eea7e3090c53927
stream1,1697,xsum_summarization,440,full,AR|LayerSkip|APRIL|DEL,77e1eddfaee1e25ff5f9766d224e5f253af2d1cfa8592fd1a86e89f6b145709e
stream1,1698,xsum_summarization,441,full,LayerSkip|DEL|AR|APRIL,830c8c039fe4f2d8b38d25dc19c6eeb2be7bd11a5b390eec69d2627c97634165
stream1,1699,xsum_summarization,442,full,DEL|APRIL|LayerSkip|AR,2687993510de7e614db09c9ffeabd3b6842bd89e818cbbf93d10d9a4f474bb44
stream1,1700,xsum_summarization,443,full,APRIL|AR|DEL|LayerSkip,0b9b0361ce0287479435ed90550575df64a97dce98eaefaa15a72520b579bcfe
stream1,1701,xsum_summarization,444,full,AR|LayerSkip|APRIL|DEL,5fc1a28083eeed5b0992f52ed610a29f115297c2693c193e3e211f72ccbf3430
stream1,1702,xsum_summarization,445,full,LayerSkip|DEL|AR|APRIL,7f1aacc598fc41b66c280c0065bf175282955c1dc7facec6fe996c0d5e3928d4
stream1,1703,xsum_summarization,446,full,DEL|APRIL|LayerSkip|AR,6196c5831ac8b81bd4bc1faa3ca67685a169e801936a907c607eb8b9ecb9fd5b
stream1,1704,xsum_summarization,447,full,APRIL|AR|DEL|LayerSkip,5958c1cceb677622c4f498542ee529b0e9ee259810d4ca9cda753de7af53401f
stream1,1705,xsum_summarization,448,full,AR|LayerSkip|APRIL|DEL,8ebdb53e0e2ffd331d7fad2db912cfa376765ec7466af36679092899534d35f8
stream1,1706,xsum_summarization,449,full,LayerSkip|DEL|AR|APRIL,cc494af2cf1c9ed59cb59afe5950a3b07255b7cc8cdc02860a1c252c4c7a6723
stream1,1707,xsum_summarization,450,full,DEL|APRIL|LayerSkip|AR,cb746e980e22bb228211df26895c52aee009e516daeef46cd50a718b51b5f495
stream1,1708,xsum_summarization,451,full,APRIL|AR|DEL|LayerSkip,e1b3185e44160691cf2bf32d1f55abce5768880be94e7bba4af55756ddeea54b
stream1,1709,xsum_summarization,452,full,AR|LayerSkip|APRIL|DEL,323120b30c0d2a63f85285fa06a3c90d06afb80bee566273130f9efa58484885
stream1,1710,xsum_summarization,453,full,LayerSkip|DEL|AR|APRIL,9be80356d128381b09fb53626fedc9d9aa337087afcc619056f9166abf1f6f55
stream1,1711,xsum_summarization,454,full,DEL|APRIL|LayerSkip|AR,4532b4f4ed92ed5c8f46943adc0c3edfdf312b681c66c4714590df8f4a49b9ae
stream1,1712,xsum_summarization,455,full,APRIL|AR|DEL|LayerSkip,76de7b8dec7f627e98bd82ece662f6e02747576a511a3d44cf3c45268db34b02
stream1,1713,xsum_summarization,456,full,AR|LayerSkip|APRIL|DEL,73df36a7075f9052cdd13db8444cbff84c520d2378c634c96ce1a51bdcc48af4
stream1,1714,xsum_summarization,457,full,LayerSkip|DEL|AR|APRIL,40d317165f9f0b70c029333e5cc373cdad93e17b14dcf655c345a63790993ee0
stream1,1715,xsum_summarization,458,full,DEL|APRIL|LayerSkip|AR,fe18b1155da64d2d62da19d61a7e1bc4fe47fcabbf42efedaf9141dd321141d7
stream1,1716,xsum_summarization,459,full,APRIL|AR|DEL|LayerSkip,a72da4ed435d2436cf875070a8829327dcee6201ab5ae3b8417a423f0cb3851f
stream1,1717,xsum_summarization,460,full,AR|LayerSkip|APRIL|DEL,23fe7ed28014a385abf5eccb254aa7fea60d5d3945301f24bb478a188e9ca167
stream1,1718,xsum_summarization,461,full,LayerSkip|DEL|AR|APRIL,a42cb0f55c78679f4c8fda3bc8713716a69099bd64f106525182fd6d37fa6e62
stream1,1719,xsum_summarization,462,full,DEL|APRIL|LayerSkip|AR,ce96cf9c1f86d5606e971e72fa6bdbdad609f53f90b99033927faeaa0c34a981
stream1,1720,xsum_summarization,463,full,APRIL|AR|DEL|LayerSkip,5e5c87e70254fb2cf829c7100b24a204af2196c8d6ce670f4af2ceee89e23b30
stream1,1721,xsum_summarization,464,full,AR|LayerSkip|APRIL|DEL,167590ef51a56f3d13606154911f8750999abad24d6c62846e8e7f266233ec14
stream1,1722,xsum_summarization,465,full,LayerSkip|DEL|AR|APRIL,bd7652c42775bde56fcb7e8177a5f846ebc9b19a27e8521142f58e7a3f2c7d85
stream1,1723,xsum_summarization,466,full,DEL|APRIL|LayerSkip|AR,6a046a8c936bfd851d8377c6df16f5acddfee803684c2997aaae7bc1927b9e7c
stream1,1724,xsum_summarization,467,full,APRIL|AR|DEL|LayerSkip,bc910af4ae0df5fdb6dd80a9da64f7f40a44e672fdc97cda88fb129f3e5cbef3
stream1,1725,xsum_summarization,468,full,AR|LayerSkip|APRIL|DEL,b3e789b7420ba78fb653964b7255353d5008d107cfdb07fc8bce08f0de69fb12
stream1,1726,xsum_summarization,469,full,LayerSkip|DEL|AR|APRIL,a941362dadef1e1df434cc87284faa002eca221d81753cc5e01283b9e088cca8
stream1,1727,xsum_summarization,470,full,DEL|APRIL|LayerSkip|AR,75f5d8d585e30357c08e36033b4a9cf98db4f800dfe902ef260b1e2b920db0c5
stream1,1728,xsum_summarization,471,full,APRIL|AR|DEL|LayerSkip,2d49b3916a7789c43beecac51b4793a1e4f3413a34548578ae6d5561af517096
stream1,1729,xsum_summarization,472,full,AR|LayerSkip|APRIL|DEL,301495546f13baf943ae91ba4386bea404563e83284d38babe349abe48659849
stream1,1730,xsum_summarization,473,full,LayerSkip|DEL|AR|APRIL,2c60ebf0fd6fb9d9e362133698538bea4c8a9fe99f1f617b9bd3ceaf244833b8
stream1,1731,xsum_summarization,474,full,DEL|APRIL|LayerSkip|AR,a194b8a757f461743da46dca24f82684ee7fb00ddf57621b929ff6fd6a1c85f6
stream1,1732,xsum_summarization,475,full,APRIL|AR|DEL|LayerSkip,aede44b1a15907d3c13d23a0e683be279a02a0399a1bebe606cf951ca44a7064
stream1,1733,xsum_summarization,476,full,AR|LayerSkip|APRIL|DEL,a6f95d4b6f76761c55859487fa4fce98b1fd25defb2feccef354bb64347a85c2
stream1,1734,xsum_summarization,477,full,LayerSkip|DEL|AR|APRIL,9315b21d509616242b96682933b3870ae7b1c3ded18035686ef408c70ac75a1c
stream1,1735,xsum_summarization,478,full,DEL|APRIL|LayerSkip|AR,a26aabc9925a1ce7ea2dfb52d90bed3dd5f29d3ca0e19d6a3c2926a802230370
stream1,1736,xsum_summarization,479,full,APRIL|AR|DEL|LayerSkip,a61b7e38d72e6ba2f0b43035e6e17efbab9e181e3a3885c12631a0e7481b1d76
stream1,1737,xsum_summarization,480,full,AR|LayerSkip|APRIL|DEL,6e0233885281405f1cfa6587a1e1524a994b95d32a5680ddcef89318234b0110
stream1,1738,xsum_summarization,481,full,LayerSkip|DEL|AR|APRIL,b10bfcd062dd0fba546d1c7cee03fb166f714abed1d19a764ec8b04559c4118a
stream1,1739,xsum_summarization,482,full,DEL|APRIL|LayerSkip|AR,4e7bc6be2a5a7c42f67618cb42e00f7e556e49805e6d4844eb96f1b7f2b01231
stream1,1740,xsum_summarization,483,full,APRIL|AR|DEL|LayerSkip,b97c7508788d68dac17342563b866b7e85dea26b48bd8317a11fa2e876ce53e8
stream1,1741,xsum_summarization,484,full,AR|LayerSkip|APRIL|DEL,a50ed7d1b450121c12083abbdaebb8f540c26d0f09de57375537101f2748dd3d
stream1,1742,xsum_summarization,485,full,LayerSkip|DEL|AR|APRIL,49adfea1394fc2d37a515194e72ce2ee53e6874382ea32eeee85d0be38753a3d
stream1,1743,xsum_summarization,486,full,DEL|APRIL|LayerSkip|AR,63ca51383928d43be179361c609352fe5cdd6d59ba2221bb96355f0b805bd723
stream1,1744,xsum_summarization,487,full,APRIL|AR|DEL|LayerSkip,cc7fc3535e10dca9101684f4252948f43828a151014d428d4e49ef2cea255192
stream1,1745,xsum_summarization,488,full,AR|LayerSkip|APRIL|DEL,ca26b0880e32d923365fedeae27f6821f8dd11b632640777226a6cbe43393c8b
stream1,1746,xsum_summarization,489,full,LayerSkip|DEL|AR|APRIL,5984f7c9c06cffd711b87949b93b98bd87fca9729f5903f27046f56132eca5ec
stream1,1747,xsum_summarization,490,full,DEL|APRIL|LayerSkip|AR,6106b9aefc532dd38e24bbe6c5a01c12dfbbe6417edf185fed3bbedadd49dffd
stream1,1748,xsum_summarization,491,full,APRIL|AR|DEL|LayerSkip,9756de7337e5af296b8aca188d33cf00ee46217a8fece21b5952584b808685ec
stream1,1749,xsum_summarization,492,full,AR|LayerSkip|APRIL|DEL,f4f8f523af38f45b89f666b496484a84cffb0db326654069c650f27770b256da
stream1,1750,xsum_summarization,493,full,LayerSkip|DEL|AR|APRIL,14d0c116d0f347664ba41dc8c2ccd17a29c101ce99b756651fd49938a514a5a3
stream1,1751,xsum_summarization,494,full,DEL|APRIL|LayerSkip|AR,12b26e9347613a4ead59b03505e2a9cd2ebcd0b8880058926732e4255134474b
stream1,1752,xsum_summarization,495,full,APRIL|AR|DEL|LayerSkip,dbff97e6ee4d956b7b38c954b65cdce78322d736dd5d80835bf7b2d986b7e622
stream1,1753,xsum_summarization,496,full,AR|LayerSkip|APRIL|DEL,a7fb3e6f8f0e45484aac3cf5b2bff5fc96c434378eda3e8ef1e301c4af7b0d68
stream1,1754,xsum_summarization,497,full,LayerSkip|DEL|AR|APRIL,91fc4ca16d8e826830634e8bf9af91db9b29f4bfa4050bf4c49a7fb80d4d98f1
stream1,1755,xsum_summarization,498,full,DEL|APRIL|LayerSkip|AR,7a26d00e7b0d747bd4e9be9e4d5f2eed930bfe1931fe2cfa8157da128c362ea4
stream1,1756,xsum_summarization,499,full,APRIL|AR|DEL|LayerSkip,180ddd7c16ef0d0e6596fe05c56bc145b4e8179d808b598c19834988c7351122
stream1,1757,xsum_summarization,500,full,AR|LayerSkip|APRIL|DEL,09d7f03204b5f540fbed688aff06c5d837524b33fa69e8bfb8cfc6e53799c245
stream1,1758,xsum_summarization,501,full,LayerSkip|DEL|AR|APRIL,9c54ec1ffed90b7ac0ccf8af7ffa4fea6e213adc8962ab3a20c13fa3b5eef0f5
stream1,1759,xsum_summarization,502,full,DEL|APRIL|LayerSkip|AR,6bb438476d1c94e4b0d90052901330160aa1905df145c1bc8bdb9acadde6f38c
stream1,1760,xsum_summarization,503,full,APRIL|AR|DEL|LayerSkip,aa35a0b36452cbf4db9e423ae7fecfaf322309572063c1be3bce758bee9c667b
stream1,1761,xsum_summarization,504,full,AR|LayerSkip|APRIL|DEL,367990b98a5a3851f930f0deedc808d0e9eae7f1b971bc63dbae442acb472569
stream1,1762,xsum_summarization,505,full,LayerSkip|DEL|AR|APRIL,ac46538996565cf8504311ecdadfad7e0f9cc611927265f67273f5fc33631b5a
stream1,1763,xsum_summarization,506,full,DEL|APRIL|LayerSkip|AR,2a4f91cfeacfc2b93d85318645345d8ccf2722b883ae13dcf47a1787a8917665
stream1,1764,xsum_summarization,507,full,APRIL|AR|DEL|LayerSkip,4f91946e755c5075980fa98cc08aa3ca68658458f8875f367c8b13749cf7a4d5
stream1,1765,xsum_summarization,508,full,AR|LayerSkip|APRIL|DEL,8bc3f888b4b6c4cc11668e8b97ad906e7e80552621984f01b34158de4144de4f
stream1,1766,xsum_summarization,509,full,LayerSkip|DEL|AR|APRIL,7c99436fa857f3386b07320105c96dbfbf837d955629549785bd87ecde93d4ba
stream1,1767,xsum_summarization,510,full,DEL|APRIL|LayerSkip|AR,3d560bc6e1aabf07e146035f3c793f21e213aa9de8fe3da66244c357981f3c73
stream1,1768,xsum_summarization,511,full,APRIL|AR|DEL|LayerSkip,bfc23aeb56f849b4fee18459dcf51fce1a21ba77b5287458021138e32e1e7cdf
stream1,1769,xsum_summarization,512,full,AR|LayerSkip|APRIL|DEL,5644b64f9402f71a2aa20d16218b8874e60a5b60b0261c9e7760832a76a52c55
stream1,1770,xsum_summarization,513,full,LayerSkip|DEL|AR|APRIL,7f81e84e6def56bc43cebb59898aa8accbdd947f783d7e9489bcfd8716746121
stream1,1771,xsum_summarization,514,full,DEL|APRIL|LayerSkip|AR,2b6ae1f1b5e319b331bcb33972dd56da6509ee009f19589ef86283303253f1b6
stream1,1772,xsum_summarization,515,full,APRIL|AR|DEL|LayerSkip,e4ac485e551374a3c6661d54efe5916d99a252bc8c57bd5094dd2b8c0c9f5211
stream1,1773,xsum_summarization,516,full,AR|LayerSkip|APRIL|DEL,a477cd5ebe66cd38cb8b5c2847b5996992f42360d187329feedce837636a4f2a
stream1,1774,xsum_summarization,517,full,LayerSkip|DEL|AR|APRIL,a5684500ac829fed0b684af4d9402c39bee755b0caa3945de18df76cb16ad484
stream1,1775,xsum_summarization,518,full,DEL|APRIL|LayerSkip|AR,b32a2d22bb1e718b76c2f8483d30d0386383a23b4d4c188fbff2b54f8c6a2af4
stream1,1776,xsum_summarization,519,full,APRIL|AR|DEL|LayerSkip,2fc45dcf137e067faa2e26d289ef19c6168e6950fa2782c8cfd76eef21ef055e
stream1,1777,xsum_summarization,520,full,AR|LayerSkip|APRIL|DEL,762567c940adf75a0b74de3df412b4b0ef8b449039d1fa6fd098c4c2ffd7b8d5
stream1,1778,xsum_summarization,521,full,LayerSkip|DEL|AR|APRIL,2ea689969b3205340ab55f811d031e59ed781e7832e958237b4a5ea511274230
stream1,1779,xsum_summarization,522,full,DEL|APRIL|LayerSkip|AR,ada47e6382d7888cf1e921bfabd9cd3a0354c5d4dc04f8f0fe15c36770c35b6e
stream1,1780,xsum_summarization,523,full,APRIL|AR|DEL|LayerSkip,59af1d07bf46e022565d8d1151f103d925f2159a91ae3494a91678232d955848
stream1,1781,xsum_summarization,524,full,AR|LayerSkip|APRIL|DEL,f81e4f76dd23b5aeb027783fff8313f35848fcb30dd50b10b8c022a92fce5b94
stream1,1782,xsum_summarization,525,full,LayerSkip|DEL|AR|APRIL,5e99264ef8880eb2e6b969041e2177ed1b94c02ada6286de663934f407c2c936
stream1,1783,xsum_summarization,526,full,DEL|APRIL|LayerSkip|AR,d5a28278ef4e1c6e3effdbe11a08ec519b6df6e484e67feefaa9eeab9b6d2191
stream1,1784,xsum_summarization,527,full,APRIL|AR|DEL|LayerSkip,f377cacebe01a851aebedf50c251def2997b99bbe9fba275eb1124a4eb03b57a
stream1,1785,xsum_summarization,528,full,AR|LayerSkip|APRIL|DEL,270f5381e6bd3bf01678f57a51c3d3c70da268975aaca47be84f73221bf82c3d
stream1,1786,xsum_summarization,529,full,LayerSkip|DEL|AR|APRIL,61f8a03278a92b2d622bd3dc6820cdd498cb9fb9295e24699ea5f16fcf88f3da
stream1,1787,xsum_summarization,530,full,DEL|APRIL|LayerSkip|AR,72acd2b626241b2e81697680eda52645f45058d837c3da93d59edf2ac812de10
stream1,1788,xsum_summarization,531,full,APRIL|AR|DEL|LayerSkip,48326e1270b8e45d346ad1c3e5d5ed72a2ac25b95872d8e447ff44caaea8cc0d
stream1,1789,xsum_summarization,532,full,AR|LayerSkip|APRIL|DEL,c54d4fb9425b5f1f6d6a7f5b5fc12ab1effb633c00c5a048136f35e2a9bf4a20
stream1,1790,xsum_summarization,533,full,LayerSkip|DEL|AR|APRIL,5b62b6e83810a768da43bd971dd3dcfaf2f73e1c93c04413028345694cfdc7e3
stream1,1791,xsum_summarization,534,full,DEL|APRIL|LayerSkip|AR,8b38e5da3be4b9f6551943e029b5e9726845c7a4c7ef749ac83011aa2e1a899c
stream1,1792,xsum_summarization,535,full,APRIL|AR|DEL|LayerSkip,ebcab04504136cbf832fdc75c7e895d07920e4d83696a344f6c012b992e642b4
stream1,1793,xsum_summarization,536,full,AR|LayerSkip|APRIL|DEL,99d7fd868c3f9d76ff13e7f2df10b5dfbc42b1efdfd0588b84a1be712281d803
stream1,1794,xsum_summarization,537,full,LayerSkip|DEL|AR|APRIL,a7796bb4e52fa809bffb3df07041929906769959cf2014f70ad1af109ec867e7
stream1,1795,xsum_summarization,538,full,DEL|APRIL|LayerSkip|AR,a7f38706c01f7f5737257d5a5aa3269a7379ce39ea66f5f5aca4a8cb9358a4e7
stream1,1796,xsum_summarization,539,full,APRIL|AR|DEL|LayerSkip,4899839ad1036f0e4755bb5f8cbff35a82675787d99560e39493d25807390d7d
stream1,1797,xsum_summarization,540,full,AR|LayerSkip|APRIL|DEL,fbedf8376fdae19cdc8b42a4c051c73128d4220d2efff36075b03fdfb4095667
stream1,1798,xsum_summarization,541,full,LayerSkip|DEL|AR|APRIL,19e728cda7d1fe198ef22fb1c3de444c4f46d3f9e5a78ac382d70675eaffcdee
stream1,1799,xsum_summarization,542,full,DEL|APRIL|LayerSkip|AR,43ddfafa3ef64d9d03a78df1586656923baa48caa9281a3738fce086aeb055aa
stream1,1800,xsum_summarization,543,full,APRIL|AR|DEL|LayerSkip,764d11b9ec6953d8898342f81ad0d0ce559d3d4b0d23885d1c107e5c0793aa43
stream1,1801,xsum_summarization,544,full,AR|LayerSkip|APRIL|DEL,d8d0d23fa2d5edb79d037b2049b6e20102870541df91a5caa799c61398e2319d
stream1,1802,xsum_summarization,545,full,LayerSkip|DEL|AR|APRIL,b02ff6a7d7c52dd841a25d3c90cad642a085a887c15599fbea7654a71729515c
stream1,1803,xsum_summarization,546,full,DEL|APRIL|LayerSkip|AR,381e8fab7a81e306e383a9584e494239075a11c6902be7c0116fb097b74f0620
stream1,1804,xsum_summarization,547,full,APRIL|AR|DEL|LayerSkip,95a1f8a10ff050c2b82eae1a7f25265c1cb9eb56a8c9bc42c7c9a5479cd9ff74
stream1,1805,xsum_summarization,548,full,AR|LayerSkip|APRIL|DEL,d39cfb1e25923a2d75fe2e9a03d4ce4509620e6a582feef3b5b0134997558469
stream1,1806,xsum_summarization,549,full,LayerSkip|DEL|AR|APRIL,9f9faafca98bdf0cf5f0776c48fcb98a4af1a175412e87dc7546816123ff1408
stream1,1807,xsum_summarization,550,full,DEL|APRIL|LayerSkip|AR,e24dd4e879f4287060eb3f6098f0ae162b1cce90933b0b2b65f21e402c693c8f
stream1,1808,xsum_summarization,551,full,APRIL|AR|DEL|LayerSkip,2b12b163b7d933a8bffd7925a05b97e3b94d189535f04efb3488f4eca70a0f75
stream1,1809,xsum_summarization,552,full,AR|LayerSkip|APRIL|DEL,7dfaf832ddffad7dfe10d459226defc0967909acd4bdc1dd7c8def5ffe32d77f
stream1,1810,xsum_summarization,553,full,LayerSkip|DEL|AR|APRIL,4a77b58ea09aa5064312bc5e47d17ff7fec9eae276472e9955d2e5cf88ecd2d2
stream1,1811,xsum_summarization,554,full,DEL|APRIL|LayerSkip|AR,60e17c59dff49ba0fdf8ab2758dd74a79189959f60e4320f97a43f625069357d
stream1,1812,xsum_summarization,555,full,APRIL|AR|DEL|LayerSkip,84980d0e8c9411171a7fcbbcc5ea56f71ce01acc38e36e9c373842c3c8ead2f7
stream1,1813,xsum_summarization,556,full,AR|LayerSkip|APRIL|DEL,635ab83f89ee4e3b55796c7494a3ccd04bb682714a7c754bea327d3df53e9294
stream1,1814,xsum_summarization,557,full,LayerSkip|DEL|AR|APRIL,02ea8caec3762096f18625edd0e5dbffa1d0c15b1ed63fae84ee1a0adb0312f5
stream1,1815,xsum_summarization,558,full,DEL|APRIL|LayerSkip|AR,b2017ab4f62b8b471d3caf357af0896f6080eb35f9aefc9e39ca75dc7a9fe094
stream1,1816,xsum_summarization,559,full,APRIL|AR|DEL|LayerSkip,e6fe814a1a9aabb4d8b60cbd9c1d016deee63738884d3abf1f964cfe4d7af361
stream1,1817,xsum_summarization,560,full,AR|LayerSkip|APRIL|DEL,4b4dd38ae44106ed6531f463d91e0c5fb104421cc22ecd0611318386f86b8ab7
stream1,1818,xsum_summarization,561,full,LayerSkip|DEL|AR|APRIL,79c7ab640aeab53313b007c45b3decba17aa26cf32a515b3ccaa1e5f836e0279
stream1,1819,xsum_summarization,562,full,DEL|APRIL|LayerSkip|AR,a7bb820af5ae65bbb93c537c4f21c00960bf6e2a229bf2a14c583798f9af7026
stream1,1820,xsum_summarization,563,full,APRIL|AR|DEL|LayerSkip,67a316ce5ef9c998ae135a5575eb264eb7cc2299bded0d34a0a7fd90d3064181
stream1,1821,xsum_summarization,564,full,AR|LayerSkip|APRIL|DEL,65b156fbe389b229a513842b25dd38a81ac1e65f0c2151f729539d415146d2f3
stream1,1822,xsum_summarization,565,full,LayerSkip|DEL|AR|APRIL,f7408098e3cdb342e324d6b4fe14e9b6eae506937c557a8919038698c9eb1f1f
stream1,1823,xsum_summarization,566,full,DEL|APRIL|LayerSkip|AR,52be4d5985f8aed6bdc947422bcf15ae15c07cb6de6d081ea09ab0a7233fa336
stream1,1824,xsum_summarization,567,full,APRIL|AR|DEL|LayerSkip,693365fecd604ebb0ed9c2b5fde15ca1e26b4a31307b5733c7bdf94863e163b5
stream1,1825,xsum_summarization,568,full,AR|LayerSkip|APRIL|DEL,96c64f2a53b18e77f8046ed2eccf512165311eeeec6cfb1704b17e8a6eb40879
stream1,1826,xsum_summarization,569,full,LayerSkip|DEL|AR|APRIL,17dea3e8a6ffd9038920a433ce5d0d771ab04f6ad997c6d89ae541fcb03b91ee
stream1,1827,xsum_summarization,570,full,DEL|APRIL|LayerSkip|AR,9ae3ebe8ce0ab3c3db481639952f051e71f36d3051edc90aa2db3d42bcaf542a
stream1,1828,xsum_summarization,571,full,APRIL|AR|DEL|LayerSkip,c761e31b279c53e288a148adbbd3f238eb9955b2404ca24822b35aa76f27e4ad
stream1,1829,xsum_summarization,572,full,AR|LayerSkip|APRIL|DEL,430aff495eef2f80a0b7a74ba4fe9722bce8bbc5c55380c0fdb5d269a1d955a9
stream1,1830,xsum_summarization,573,full,LayerSkip|DEL|AR|APRIL,2b9a39f4b20cc3316eb96a24ddc58ecfcf1df397e7fad5201b8a3d63da8e832f
stream1,1831,xsum_summarization,574,full,DEL|APRIL|LayerSkip|AR,456259bd796e7988dd3eed4e0e24fae0b86c1ce51644a1964702ea55d73305ca
stream1,1832,xsum_summarization,575,full,APRIL|AR|DEL|LayerSkip,bc485eab2416c96f463ef8e8875847312db230d021dcd11b87a6ec6a9c977184
stream1,1833,xsum_summarization,576,full,AR|LayerSkip|APRIL|DEL,c40f351b2dfd9a71e4cea9717414f49a66018cc2af379a76131f4b8286d2088d
stream1,1834,xsum_summarization,577,full,LayerSkip|DEL|AR|APRIL,d98b9f5d6c8a9498540fd822d00467de79b3483860e9e997b45592c23cebfd33
stream1,1835,xsum_summarization,578,full,DEL|APRIL|LayerSkip|AR,c9f82bf18f00013c7c9882f1f7ea3d8cf44821972bdee6d2ca457c0bae1748b1
stream1,1836,xsum_summarization,579,full,APRIL|AR|DEL|LayerSkip,6c40d2e12520d3e987600f5eec853297618363e933f6f4cc9841b759d8881866
stream1,1837,xsum_summarization,580,full,AR|LayerSkip|APRIL|DEL,6bb34424e088776ee7b14e278270c1a42601f72b86c3580eb00499ab022a89c7
stream1,1838,xsum_summarization,581,full,LayerSkip|DEL|AR|APRIL,f2c67f231c7ed6ca2e545fd5561ee0f84153e4ef9f40f70df837f0ff79a2285e
stream1,1839,xsum_summarization,582,full,DEL|APRIL|LayerSkip|AR,3e9860bd069c457a818c507cb47664103b2db26a502b2ce1271a13b7c0e032d1
stream1,1840,xsum_summarization,583,full,APRIL|AR|DEL|LayerSkip,cb0c8a5ecbc66e252fbfbc4dce469147b51675713e5079bda0c1690ff7f28449
stream1,1841,xsum_summarization,584,full,AR|LayerSkip|APRIL|DEL,bc8de2f59c131d46ac3b63be8983acc2cf2440af7416d4249a7dff8553d1049a
stream1,1842,xsum_summarization,585,full,LayerSkip|DEL|AR|APRIL,2794afbac3ebd0c4491e5aa6022d996a7a8c97217693ab57c7cab17887bebaf3
stream1,1843,xsum_summarization,586,full,DEL|APRIL|LayerSkip|AR,4acb3311be2bb73fa0f53125f31f96354eda0125ce123656de55798e005ebc9c
stream1,1844,xsum_summarization,587,full,APRIL|AR|DEL|LayerSkip,3806e4a3a1f65a5c8aac4afa0446a87ed7d10ed0f721a4ce676def56f49ab1d4
stream1,1845,xsum_summarization,588,full,AR|LayerSkip|APRIL|DEL,a2b2ef038e755f1e806d74d41c63fb26e00b0c648657f0a5be8bf1615b37d26e
stream1,1846,xsum_summarization,589,full,LayerSkip|DEL|AR|APRIL,dbeb3d4905cf9b4cea53240cd5bd42a8069add1f4389c03547e59a670824edc7
stream1,1847,xsum_summarization,590,full,DEL|APRIL|LayerSkip|AR,1ec9300e49936cf4c00b1c5d93de54c723f1e89b55dd5fe3c531df5eb85e80d6
stream1,1848,xsum_summarization,591,full,APRIL|AR|DEL|LayerSkip,614df9e0999317938796bc2a16baa4b836e5d0d41ee1195c6ac7fa0a42857c08
stream1,1849,xsum_summarization,592,full,AR|LayerSkip|APRIL|DEL,cea276be90584cd1ad79a9aa895d607786722fb15f6b1638ba9f274e9448dfca
stream1,1850,xsum_summarization,593,full,LayerSkip|DEL|AR|APRIL,eaf553e219a3e880efe2b5cd4b380b9998047bdcf9a2085829410656cc90bb84
stream1,1851,xsum_summarization,594,full,DEL|APRIL|LayerSkip|AR,6899991919f66413fc02f07d6cb6ed3d666258af5396414fda5cf02ae3b0934a
stream1,1852,xsum_summarization,595,full,APRIL|AR|DEL|LayerSkip,00619f78fc7eab9c118e5a84b3378457df513d75a6c259879703f04fceb93753
stream1,1853,xsum_summarization,596,full,AR|LayerSkip|APRIL|DEL,94e8a5ceaaabd55525633f348b7863dfb9894abf377b9c7677f06962a316d959
stream1,1854,xsum_summarization,597,full,LayerSkip|DEL|AR|APRIL,2f3a1ac1766edf4070815e100c1618352570c58db0e6d9d7a88c4eeac05961a0
stream1,1855,xsum_summarization,598,full,DEL|APRIL|LayerSkip|AR,fe2ae2cba3f164fbc782478fe473af31ae66c45e957e4adcc3e584326504c488
stream1,1856,xsum_summarization,599,full,APRIL|AR|DEL|LayerSkip,0e8d1e5906d878a92722c64fe7183644907f6ba3004529c247ce4f9935a9687a
stream1,1857,xsum_summarization,600,full,AR|LayerSkip|APRIL|DEL,9b25b2a677c0ea0bf574b73efbbf456d1aa82c2490ad3735218c4d0c7fc16c32
stream1,1858,xsum_summarization,601,full,LayerSkip|DEL|AR|APRIL,679aab8156493808e94788fad24c392b568d2c0a52214454a4988a65bf58950c
stream1,1859,xsum_summarization,602,full,DEL|APRIL|LayerSkip|AR,35ae82e8539d7998590463b8d01d9c3753d5c70b89dba109276703ee333784df
stream1,1860,xsum_summarization,603,full,APRIL|AR|DEL|LayerSkip,c5bba5b18eec925cc8e0f02e14d797a5b1b3368beb11fa8c9b017204474d6bab
stream1,1861,xsum_summarization,604,full,AR|LayerSkip|APRIL|DEL,b99965f61bc94a283961ad2c8e42a0da05b89f793bc2bb0d50e2fdfb29379842
stream1,1862,xsum_summarization,605,full,LayerSkip|DEL|AR|APRIL,2ea02edd4af145dc47c72994801ec84ff85e79d207ef16bedbb59204e8ebe9ae
stream1,1863,xsum_summarization,606,full,DEL|APRIL|LayerSkip|AR,cf21bee32b529eef65b1bb81d021c5f4ca0f4e97d1090832269f1562b3758460
stream1,1864,xsum_summarization,607,full,APRIL|AR|DEL|LayerSkip,9f3bd087226c842a6da8d950b6a93b6ed93b000b4e1260fa26c66a0138da447f
stream1,1865,xsum_summarization,608,full,AR|LayerSkip|APRIL|DEL,75dcbab1b8c17b338dfcfeebaf3641522c4b563cac6388a2794a144e02683f19
stream1,1866,xsum_summarization,609,full,LayerSkip|DEL|AR|APRIL,a7823b5c2b81f4c31661053543b388a7132dbc732735c00f7dc4bba1a891c5d0
stream1,1867,xsum_summarization,610,full,DEL|APRIL|LayerSkip|AR,d1abddfe95686bf32a540b0c776c06b8de63fdded0c0fd9de1c69edc4b8ce8b6
stream1,1868,xsum_summarization,611,full,APRIL|AR|DEL|LayerSkip,65339defef12734ecf0725a1ed9d150a2f824df25e8d919462f49ced8a22b620
stream1,1869,xsum_summarization,612,full,AR|LayerSkip|APRIL|DEL,242cdd26691e1787fef5c3d5dc47b70a82521f9d0071b4281b492c47e06e4fd0
stream1,1870,xsum_summarization,613,full,LayerSkip|DEL|AR|APRIL,ea19a093fcb3c22a177fbf71f2adc09220db19d53dd846b190650b14db2395ba
stream1,1871,xsum_summarization,614,full,DEL|APRIL|LayerSkip|AR,199aa97cce969286170a9e07ceffd91527c0ac86331d2218775e9ec6618b7723
stream1,1872,xsum_summarization,615,full,APRIL|AR|DEL|LayerSkip,eac851f01d3b9380c505d3f16475573fec9191fa66ed3c617d55f488df2b3b0c
stream1,1873,xsum_summarization,616,full,AR|LayerSkip|APRIL|DEL,0924b18a4c55606a68e4a83ecea8f15e0d2ac79d3e67b6b63b68c900c7daf908
stream1,1874,xsum_summarization,617,full,LayerSkip|DEL|AR|APRIL,b10816f2abc1c6c814553a4f66e26bd2c02279101999a396e3af6fb069c221cb
stream1,1875,xsum_summarization,618,full,DEL|APRIL|LayerSkip|AR,e4a340ab844a3c4537bcc62c16afa908ed1bbbda158eff9f1e5c50b33f46007f
stream1,1876,xsum_summarization,619,full,APRIL|AR|DEL|LayerSkip,a974687949395656884311c852c899e13de0901e2ff261853488a4eb21973ff7
stream1,1877,xsum_summarization,620,full,AR|LayerSkip|APRIL|DEL,da00a4cff18787c20663edea1ebe55685c09a85da02a025dce5edbe6eb255e32
stream1,1878,xsum_summarization,621,full,LayerSkip|DEL|AR|APRIL,c6bdcc841e997eb5f7f4087acbc8e01fa10f9d32b1083a578abcfed1dcf3564c
stream1,1879,xsum_summarization,622,full,DEL|APRIL|LayerSkip|AR,cb508fb8752533e5f04a700d9dc3420fce34e945622a7fdafe49c429f69a7796
stream1,1880,xsum_summarization,623,full,APRIL|AR|DEL|LayerSkip,0a32f12206bc2f16a50a1fb3d4fd069c056fc3600cccc6922463cc9acfe1b753
stream1,1881,xsum_summarization,624,full,AR|LayerSkip|APRIL|DEL,f129e72bfb005a8d5fa25d5c3ebd041bff1f9bd488daadfa0c441ddb426d8b93
stream1,1882,xsum_summarization,625,full,LayerSkip|DEL|AR|APRIL,fee99f3c6724d4511e6153ec3b80b35a6f43c11abe767d311fafb7cfcbbd095a
stream1,1883,xsum_summarization,626,full,DEL|APRIL|LayerSkip|AR,d501bb99ab292ca87ac31c65aef1ec0338fd51f6afb8c791631bf8aba222ab68
stream1,1884,xsum_summarization,627,full,APRIL|AR|DEL|LayerSkip,77a8a915b8c93f9225d44b35ed0f3081adc560865edb06393af4abbb4f8ea58a
stream1,1885,xsum_summarization,628,full,AR|LayerSkip|APRIL|DEL,85d6a8b59b7500cd0d69daa6e5e3404bd5acdf22f2e5b898105492e3a4e1c572
stream1,1886,xsum_summarization,629,full,LayerSkip|DEL|AR|APRIL,a5db87f0f7062ffe409befc8394a46e9dfa227ca763e77d56463498587eb3b51
stream1,1887,xsum_summarization,630,full,DEL|APRIL|LayerSkip|AR,43b3799e646a7afaf1b868dd08ab89fc2dfcb0e02788e829ea93e9a59c62353d
stream1,1888,xsum_summarization,631,full,APRIL|AR|DEL|LayerSkip,9ee20610e0eb8fac19945d6fb224bea60ecb3f59d4230b31f311406c5ea06acd
stream1,1889,xsum_summarization,632,full,AR|LayerSkip|APRIL|DEL,501688f77d5eaface163e5ec8ce7e97e6071ecd6cf60126562586a6ca1985655
stream1,1890,xsum_summarization,633,full,LayerSkip|DEL|AR|APRIL,e3e690610e98a3ee80d8e88192f5e61ff4925afd765443b13371368c6ce68ed8
stream1,1891,xsum_summarization,634,full,DEL|APRIL|LayerSkip|AR,f4c30f14c559724325b468ddc78e6b19f694e3563b24155869cbc7780b8d0d5b
stream1,1892,xsum_summarization,635,full,APRIL|AR|DEL|LayerSkip,12c40d4a2d15e811d44fd4220d07c10029e086e5e4316565dfa6f3e6507c9a09
stream1,1893,xsum_summarization,636,full,AR|LayerSkip|APRIL|DEL,b3a0551dae68064a3ee380975109372914c5ef9644b36e32dad913a50a98952c
stream1,1894,xsum_summarization,637,full,LayerSkip|DEL|AR|APRIL,f5594d86561447b69064699b84e27d2f2f4a4e6091974567a085c96b14779c0f
stream1,1895,xsum_summarization,638,full,DEL|APRIL|LayerSkip|AR,450eb487d48881df8e20bb2e16076f2fe8644409dd018c104c4a67b57a94194d
stream1,1896,xsum_summarization,639,full,APRIL|AR|DEL|LayerSkip,c2876861edaf222159639b3cbc1354d20042429200d543324f530a6e119857f3
stream1,1897,xsum_summarization,640,full,AR|LayerSkip|APRIL|DEL,fb8e059aa742577b3e5a00451a45a571902d0b6f4b08ad874181589adea1b2d5
stream1,1898,xsum_summarization,641,full,LayerSkip|DEL|AR|APRIL,b6e941cbd971378ded8837e1877896c58dca69e3d1a2bba9343cf4507f323dff
stream1,1899,xsum_summarization,642,full,DEL|APRIL|LayerSkip|AR,ed8f8b01a44e08ad9b9e4d267717e6520861d9d6c1ffafdde00fc62a4211bfb6
stream1,1900,xsum_summarization,643,full,APRIL|AR|DEL|LayerSkip,0fc25b95d3e0694d23bcb97a4f719ce99012ace7265a36d70a0e314eabb006d9
stream1,1901,xsum_summarization,644,full,AR|LayerSkip|APRIL|DEL,18cd81e119769d01d767c64c4d7ccab4a5cb94af61d5291ccdb7c4b1997a55a9
stream1,1902,xsum_summarization,645,full,LayerSkip|DEL|AR|APRIL,1cd16d372b78150be6cead9aa7bf1d52c9f1fa0eccd8667464b1786a20616edb
stream1,1903,xsum_summarization,646,full,DEL|APRIL|LayerSkip|AR,33dbe81eea0b28ecdcc8ecec081abe750818cb1d3a58695625f7781b74e9b592
stream1,1904,xsum_summarization,647,full,APRIL|AR|DEL|LayerSkip,2554917267e9e39867f2eb08879974dccc8b713d73c7178837249647f5ab33da
stream1,1905,xsum_summarization,648,full,AR|LayerSkip|APRIL|DEL,e95b67034d4ccfb995b4d84207d5aad840e3a2549f8aa8490e68a9167938ccaa
stream1,1906,xsum_summarization,649,full,LayerSkip|DEL|AR|APRIL,6991c24b150e6fb76856afbb5924a44d5f541c063a8238a893f75c290ecbb6e8
stream1,1907,xsum_summarization,650,full,DEL|APRIL|LayerSkip|AR,1e5e97352d37a760fced9107a4ae7f4a77a64d36a2a14df6ba28903448b3e0db
stream1,1908,xsum_summarization,651,full,APRIL|AR|DEL|LayerSkip,f63e32e2814431eb141902a20b8bb414b1a70348e417c793ffe3bc63b906933d
stream1,1909,xsum_summarization,652,full,AR|LayerSkip|APRIL|DEL,1f043aaa07c82a506274a6bafff12e8256896f2b23b70ac0c3693b026f48da72
stream1,1910,xsum_summarization,653,full,LayerSkip|DEL|AR|APRIL,537634fdf62b52391d3f89aa62f646c22d52ff57ec2cac0a480d1af89f6484ee
stream1,1911,xsum_summarization,654,full,DEL|APRIL|LayerSkip|AR,b0465aafa59f10be5eb860424b8c4e172b346bfdb0bfa26a13b0d64b7e431a10
stream1,1912,xsum_summarization,655,full,APRIL|AR|DEL|LayerSkip,5e9bb82a7d11566a69b9ee7e0058995af3a1ed576da1b1b20018526eb1baa916
stream1,1913,xsum_summarization,656,full,AR|LayerSkip|APRIL|DEL,4ffc3d3822c149a48ece8fb4caa8d7c0b82603575ca25617945c277b638857b0
stream1,1914,xsum_summarization,657,full,LayerSkip|DEL|AR|APRIL,3f8da0d807e94d72562d52fe9c7e5097b87492fb65c8a03acb61cfaa70a30806
stream1,1915,xsum_summarization,658,full,DEL|APRIL|LayerSkip|AR,ada82caea3b118d4cf8bd6143fd7686dd6dc44657cb2aed09613736343bf5050
stream1,1916,xsum_summarization,659,full,APRIL|AR|DEL|LayerSkip,0467e76f4f644ac05adab01ae0e08e2a0e725c752ad06c869481ba05cb37edae
stream1,1917,xsum_summarization,660,full,AR|LayerSkip|APRIL|DEL,20abef752b1013215d61fece90453f62f02e6a649cf4c1c08e83a91a5a5b29b2
stream1,1918,xsum_summarization,661,full,LayerSkip|DEL|AR|APRIL,a69f80242e7c969cc408511d79743f9463c89568c753a9630fe23f01fb95f6f0
stream1,1919,xsum_summarization,662,full,DEL|APRIL|LayerSkip|AR,1a84c3588c2a49ea471dd85bc99a1aefa0acbf1910fac1e6de316c2bb1277bd8
stream1,1920,xsum_summarization,663,full,APRIL|AR|DEL|LayerSkip,944818aeb772b2b7f86db74d520babcdbaf8ba9569e463effd1064722faa2677
stream1,1921,xsum_summarization,664,full,AR|LayerSkip|APRIL|DEL,9bf2e3d33c62bbf8591d72b306bc341c46b64b9478b9a76cf86bd01b1f50279f
stream1,1922,xsum_summarization,665,full,LayerSkip|DEL|AR|APRIL,732a091ca4efc06f2aa7dd3d386d2c70de674f4226f17730c95a0366cd85379b
stream1,1923,xsum_summarization,666,full,DEL|APRIL|LayerSkip|AR,b4a494d38f174c3b5b585d56e4f40271dc0027541cfc543c50c78d0f0bc39b23
stream1,1924,xsum_summarization,667,full,APRIL|AR|DEL|LayerSkip,3e029c1d73341ff0ae387023c9921544a15a58ddb84f63bf410279782c374c9d
stream1,1925,xsum_summarization,668,full,AR|LayerSkip|APRIL|DEL,4e78c8fb69375f12d410bd26866fe0f297d11aa0646189dbb8975e1187b8d9a5
stream1,1926,xsum_summarization,669,full,LayerSkip|DEL|AR|APRIL,6e84ed2a2eb284336fe0eeb588df4a892d800e2d8233898a8d273ac473155b2e
stream1,1927,xsum_summarization,670,full,DEL|APRIL|LayerSkip|AR,b6f5850481479737bb6dd11bb99a3546b9bc8af38c5b247897e854450ce0fd0a
stream1,1928,xsum_summarization,671,full,APRIL|AR|DEL|LayerSkip,e8c00e897e61c608292d23d105f7a89a7eaa42503bd22bacf38dba5e04d01a6c
stream1,1929,xsum_summarization,672,full,AR|LayerSkip|APRIL|DEL,722ba9ca4300a4c5e9ed48bf9fa6ffaad78088b48bba231645341b2b3fb8fa30
stream1,1930,xsum_summarization,673,full,LayerSkip|DEL|AR|APRIL,56678d8676f3969b1db5096f7ba86713f3a3f7fae0a2d34de23e88e7e27c1bb7
stream1,1931,xsum_summarization,674,full,DEL|APRIL|LayerSkip|AR,a9532d20b7642c5601b83b8627978ad26bd77fba9f91c60038335edaaa22701d
stream1,1932,xsum_summarization,675,full,APRIL|AR|DEL|LayerSkip,53771ce1f91c03ffcf334da912e7e75563f78e0c901cf53ffb5048f87b4b87ca
stream1,1933,xsum_summarization,676,full,AR|LayerSkip|APRIL|DEL,398ccf89472ff63d744705ccdac108695d706cef5b93c94dc10aa3caf7357131
stream1,1934,xsum_summarization,677,full,LayerSkip|DEL|AR|APRIL,6a306ebef3d94d77511f20fae267d57a134e94dd8e1664902ed9e1f4f79f894d
stream1,1935,xsum_summarization,678,full,DEL|APRIL|LayerSkip|AR,7c9edad4d960d3e35ef67676f4e31ca4c05e5be04427a32887736dd4e9e9b5aa
stream1,1936,xsum_summarization,679,full,APRIL|AR|DEL|LayerSkip,12b098d41323c9b1593ab0f911814dc729b8810277a0c0c67d96e3262f5f4404
stream1,1937,xsum_summarization,680,full,AR|LayerSkip|APRIL|DEL,6a071cfd2a213c724b67b357693373ad80a5fb05b43aa5fc5cc7115f6d6787e0
stream1,1938,xsum_summarization,681,full,LayerSkip|DEL|AR|APRIL,3527210be292b7510d222eb5dd17ca708639e56f75eb6d4d80a2fdb78a774003
stream1,1939,xsum_summarization,682,full,DEL|APRIL|LayerSkip|AR,e1722d5b255c2782d00cd438f42ae460c044ddb8a3bfa90366073592e736210c
stream1,1940,xsum_summarization,683,full,APRIL|AR|DEL|LayerSkip,af70b96d375f1c9ba46f58520ffefdec7434e15d829003c6a51e50a0e1600d74
stream1,1941,xsum_summarization,684,full,AR|LayerSkip|APRIL|DEL,ef30e1303aed0c1a40ae810acaaf15b177373522a1307fe74b6285a278229202
stream1,1942,xsum_summarization,685,full,LayerSkip|DEL|AR|APRIL,c9c1f7fa3e41477ff250a131b58a150507b1f7e7d9748cbd2ee0cb78e10efd54
stream1,1943,xsum_summarization,686,full,DEL|APRIL|LayerSkip|AR,b495b1c9c745264f41a05513abfb8e554eb57338619f5cd3ae5dff6646dcd3d8
stream1,1944,xsum_summarization,687,full,APRIL|AR|DEL|LayerSkip,65727581b3c474bbee414fd4ef6c084976033fb7e0931df61122b9e01dca7911
stream1,1945,xsum_summarization,688,full,AR|LayerSkip|APRIL|DEL,8f649313fff216d360280305bd48b968ff82085261ba5830b910b6c373906cd3
stream1,1946,xsum_summarization,689,full,LayerSkip|DEL|AR|APRIL,62a7a1fdae81ee5d10f2596afcaa9dde7c4263cc3313037d4cbe72c8ba9b2031
stream1,1947,xsum_summarization,690,full,DEL|APRIL|LayerSkip|AR,a373f01892bfc44dd10235d1f96d439eb5444a6bdf826bc8192a475f5dd0a744
stream1,1948,xsum_summarization,691,full,APRIL|AR|DEL|LayerSkip,40f2566713341f77c5e21b8125dff18afc48b4727273711d6df915ec5f65ced9
stream1,1949,xsum_summarization,692,full,AR|LayerSkip|APRIL|DEL,b56d18e63ef81229e3a8f9309e569de76a4ceb0ab9218c6b9fb0fe4f93e4eb96
stream1,1950,xsum_summarization,693,full,LayerSkip|DEL|AR|APRIL,a58943fe23a665957460e7e3c9806ada77f5fa5a86d9211b556f19a09ecfc274
stream1,1951,xsum_summarization,694,full,DEL|APRIL|LayerSkip|AR,f07b9064c75a01e90c088049fc27480dc6b3b61d9f4b3adc4e0736bed438aebe
stream1,1952,xsum_summarization,695,full,APRIL|AR|DEL|LayerSkip,0c3807e05aa118dcb9fadb35c0e7e8eba362ab186bc7f5eb8a69e520e1318957
stream1,1953,xsum_summarization,696,full,AR|LayerSkip|APRIL|DEL,9a8e042095d6af0ef6e41848e7a3af3288fdd18ada4bc47df868a6fb543db239
stream1,1954,xsum_summarization,697,full,LayerSkip|DEL|AR|APRIL,2a46367f04ce12202df71ff0cadd97452680dcf714080a3324d34345dd74f490
stream1,1955,xsum_summarization,698,full,DEL|APRIL|LayerSkip|AR,4c2c46821edfde6787af117ed550528c9c0ca13090aad597d9ed727c20a71754
stream1,1956,xsum_summarization,699,full,APRIL|AR|DEL|LayerSkip,fe2d8a7c1d0211306d0907ec913d0bd6baf0af3eecf3a934a3983640cb36f6d3
stream1,1957,xsum_summarization,700,full,AR|LayerSkip|APRIL|DEL,5f4b9a0bdfb4861161f35f7d170c431b5b936c8674beb372f28ed163b13a0fc5
stream1,1958,xsum_summarization,701,full,LayerSkip|DEL|AR|APRIL,5e0282d611d459e80aade0afd0d5734357898a1f75b1a0b864f899021c329500
stream1,1959,xsum_summarization,702,full,DEL|APRIL|LayerSkip|AR,e18ae3b5be5c949a8dc99028458048fc207c74d415e7472ea8a0cc4d3ad4d63f
stream1,1960,xsum_summarization,703,full,APRIL|AR|DEL|LayerSkip,4c68bffd29910d36292b3dbcaa8d4409bd2c6bbe9e5e13cf8484bd240365369e
stream1,1961,xsum_summarization,704,full,AR|LayerSkip|APRIL|DEL,5fffeaede0c084ae4ccdf7fbdd5835fb80b581e88a2c1c13e4ddc01280e58f23
stream1,1962,xsum_summarization,705,full,LayerSkip|DEL|AR|APRIL,83e6090b1fa358c39698775d38f34b53d1f23ef976117d228328afc992344997
stream1,1963,xsum_summarization,706,full,DEL|APRIL|LayerSkip|AR,b07102409918ac654387b1c05216f747d54f8de9fe4ffa5adc14e54fa7398e01
stream1,1964,xsum_summarization,707,full,APRIL|AR|DEL|LayerSkip,324b61a72f947682ed5a8432695b5b80ed6740eb9b8859d97e562e298d7fc34c
stream1,1965,xsum_summarization,708,full,AR|LayerSkip|APRIL|DEL,84e3bdf6e86bf033c4ce5c0e2d433bc7c8023fbbe04fda75eedaedd75a1abee8
stream1,1966,xsum_summarization,709,full,LayerSkip|DEL|AR|APRIL,714ad7c5912c0a9eb8072962a148954c4211d36c80f582534d21906f96db2940
stream1,1967,xsum_summarization,710,full,DEL|APRIL|LayerSkip|AR,9d7c17d5a70e72c5e269d9032d41b082771ceabea8133e5693e3c848c0677289
stream1,1968,xsum_summarization,711,full,APRIL|AR|DEL|LayerSkip,3a0bb1375e22bead9f52f5d028767c4a962102c6bf4c87f5260c2064293bef51
stream1,1969,xsum_summarization,712,full,AR|LayerSkip|APRIL|DEL,9839b75e07da7a57f4d0e7f0cde8cbcbd276e2e16f6d1a170a2adbd121e5378a
stream1,1970,xsum_summarization,713,full,LayerSkip|DEL|AR|APRIL,132c9c476819fad90d2f9db1389786e743fa546e91e29b926ecef00f6a8f153b
stream1,1971,xsum_summarization,714,full,DEL|APRIL|LayerSkip|AR,977afda0469412f8c5621acc127a8708734ec4403ca8a9b3d54fc7d1b424efee
stream1,1972,xsum_summarization,715,full,APRIL|AR|DEL|LayerSkip,0a026bcbfa93ed005269da715335bd6051663d91afa39682a18554899448cbb7
stream1,1973,xsum_summarization,716,full,AR|LayerSkip|APRIL|DEL,80185c90ffe603c4ae9780dab0c495b6cc71b4661148c4001e94ba968148b894
stream1,1974,xsum_summarization,717,full,LayerSkip|DEL|AR|APRIL,13ef48d72021baaa4221348cb96b17a1ddbb63e11872dc536568478905a08a64
stream1,1975,xsum_summarization,718,full,DEL|APRIL|LayerSkip|AR,060ac45a707ce4c3d4cf7faa1fdd129f09f52555ec8c474a3fde9a0c4991c1cd
stream1,1976,xsum_summarization,719,full,APRIL|AR|DEL|LayerSkip,4c21b5a344ad69429f1e43d68e3c47062584b42c7f15ad8b28fac405901c3cc1
stream1,1977,xsum_summarization,720,full,AR|LayerSkip|APRIL|DEL,9c89229cea97d20acfabd65e34695b718fe53fb342eed814f38574b5d6fbf636
stream1,1978,xsum_summarization,721,full,LayerSkip|DEL|AR|APRIL,a22b9f52ce144b3e9733c559423c357b7d9d3a6832dffde664e936da7a6965b2
stream1,1979,xsum_summarization,722,full,DEL|APRIL|LayerSkip|AR,a77d315c1968b6811bc716da1d869726034b6467f7398d125769c62f51ea9d2f
stream1,1980,xsum_summarization,723,full,APRIL|AR|DEL|LayerSkip,c2aa8856c60a91ec7fae6ac41a9642fed31041eae28214a153621b3a06964438
stream1,1981,xsum_summarization,724,full,AR|LayerSkip|APRIL|DEL,c6adc05fae99dcf2b00c351166bbcba71feb90b173ede55a0a2051d692c9455d
stream1,1982,xsum_summarization,725,full,LayerSkip|DEL|AR|APRIL,2fc0056811ceb05a54749eb82613788b7e4e89e5425e899e958ecacf5954e437
stream1,1983,xsum_summarization,726,full,DEL|APRIL|LayerSkip|AR,b732b9d9365e16f4951fbfe21d76b0994b46d053f2eb1a110719c867e5e2a5d1
stream1,1984,xsum_summarization,727,full,APRIL|AR|DEL|LayerSkip,3952408febc01544565701d86997016a6eca085b765b7c76fd6cfcbbde935fa5
stream1,1985,xsum_summarization,728,full,AR|LayerSkip|APRIL|DEL,96fd2cff7bbe7dc89d0c50401518dd8a00dbe20798cf046c7fcad3db6bf91e9f
stream1,1986,xsum_summarization,729,full,LayerSkip|DEL|AR|APRIL,7ba4a2c5ef653695daa213ea78ff766e59a2be054d8f6d9a890582b0e73702d0
stream1,1987,xsum_summarization,730,full,DEL|APRIL|LayerSkip|AR,395480d2284c9c322684d8e3a37917d3bd59e1a198b295c9f5810f7847db6a8c
stream1,1988,xsum_summarization,731,full,APRIL|AR|DEL|LayerSkip,1fd1d1c8263b5026fc5fcf2285395f7d597c315e3adb28adb9fbc46e52d896f6
stream1,1989,xsum_summarization,732,full,AR|LayerSkip|APRIL|DEL,e21bcddb1672c380a5f30f7c9d9005d6357665ee5b42df608a377de0437384f8
stream1,1990,xsum_summarization,733,full,LayerSkip|DEL|AR|APRIL,e436d9ea8e979c74765473c152cde246f2850bdc103ea9eb22b78c4074861bc6
stream1,1991,xsum_summarization,734,full,DEL|APRIL|LayerSkip|AR,2fe64265a7e630d3b685be1085afd77163fccdd6905cf5678d0d880ca0648ddb
stream1,1992,xsum_summarization,735,full,APRIL|AR|DEL|LayerSkip,608b3828469168714a2bbaada812e09542483997824912898aae260ac156bf20
stream1,1993,xsum_summarization,736,full,AR|LayerSkip|APRIL|DEL,d6152b24beb80a4e3bea272247bb37567bfbf31bfce7cd28e5de51fbf4d4a0a6
stream1,1994,xsum_summarization,737,full,LayerSkip|DEL|AR|APRIL,e0aad32a8dd52beda54f5415b75d7ae5f3bd6c08f36f7ad4d3cc154387ab3ddd
stream1,1995,xsum_summarization,738,full,DEL|APRIL|LayerSkip|AR,6160905da1d21c0790fcd747e09517acaf095a39cfe06ddaa13c41904fdcc7ec
stream1,1996,xsum_summarization,739,full,APRIL|AR|DEL|LayerSkip,3fa88a6be2d7bd6b55de81be86a5c11fe79fedf7898fcd948f2d18ac0072f800
stream1,1997,xsum_summarization,740,full,AR|LayerSkip|APRIL|DEL,2dade7fade08a8a83ce8573b0c544da5f469b281761d7afe99e48ba622ab546b
stream1,1998,xsum_summarization,741,full,LayerSkip|DEL|AR|APRIL,de5f262171219a9263417c67afa39af289fe3348598a1807feb7aa898585cf78
stream1,1999,xsum_summarization,742,full,DEL|APRIL|LayerSkip|AR,2179df3eecd82bb0af3e89302ef2fd009c556b609e959d3bef114bfc90a62940
stream1,2000,xsum_summarization,743,full,APRIL|AR|DEL|LayerSkip,9d5b1f635acb906d755f9e478ad9d05dca5b493ef1e88510ae7def2447359c82
stream1,2001,xsum_summarization,744,full,AR|LayerSkip|APRIL|DEL,e89b9a9e7bd87efb8fd272df01096fd235ee3318e0c71b1b5f712d1d4a60f9f1
stream1,2002,xsum_summarization,745,full,LayerSkip|DEL|AR|APRIL,93a13b138b6317b7bae2595da172263ff356a8a893923a82fd75f25915f03269
stream1,2003,xsum_summarization,746,full,DEL|APRIL|LayerSkip|AR,60002b7510c20a0c4e223ceb5cdc17ffb63fa017d7064686afb532c97753b4ea
stream1,2004,xsum_summarization,747,full,APRIL|AR|DEL|LayerSkip,58eb5988bb2e4d05e4786b92f4de663f34279caea250348b89b9d7ea00ae3b57
stream1,2005,xsum_summarization,748,full,AR|LayerSkip|APRIL|DEL,3a5ceefcb2776624f5f7263058a28e9d9583731274ddf475b568582babbe3189
stream1,2006,xsum_summarization,749,full,LayerSkip|DEL|AR|APRIL,857207069edc3b18be569b353cd863a6504c6260351a494ee4b35b655ff95ad6
stream1,2007,xsum_summarization,750,full,DEL|APRIL|LayerSkip|AR,789c61262cc37fa3a99b7885db717d859d937d7e1f16eec12c642a2521b3b373
stream1,2008,xsum_summarization,751,full,APRIL|AR|DEL|LayerSkip,2064035126134d353e8570aab11fa020e5a54f490166ec8011e61036b35a5792
stream1,2009,xsum_summarization,752,full,AR|LayerSkip|APRIL|DEL,bd4c7e1884df01efde6b1bd1afb0d6102955bc54c7848c3511bcef517ffd5868
stream1,2010,xsum_summarization,753,full,LayerSkip|DEL|AR|APRIL,c28329884292aeaefe1965b0330d744502e9e59aff16a0d5aa51bc8c6eb468f3
stream1,2011,xsum_summarization,754,full,DEL|APRIL|LayerSkip|AR,3a6159fd92eded5652580f4883c9c0d2777ac38647c17766aa9a40b039b14ce3
stream1,2012,xsum_summarization,755,full,APRIL|AR|DEL|LayerSkip,d796f042216417c68dc22d285131775180c65cfb00f02d542e46675526dc83a7
stream1,2013,xsum_summarization,756,full,AR|LayerSkip|APRIL|DEL,f891ed95784b10a871e3c399bd01422f2463f5a68115d839ef5aebb74a17d5b8
stream1,2014,xsum_summarization,757,full,LayerSkip|DEL|AR|APRIL,178127be0f2799a437ae1ed3e6dfccfd3ad0aef5be094f05d8a3503aa4b05e62
stream1,2015,xsum_summarization,758,full,DEL|APRIL|LayerSkip|AR,7b5834dfad68fdece4fa1989c8d9a16d570b077906cd33c5640ae3f766d9e4da
stream1,2016,xsum_summarization,759,full,APRIL|AR|DEL|LayerSkip,0959b66e75707d6f25af0414b6aa0d4489a04024f4b508eedc02917df1bdd394
stream1,2017,xsum_summarization,760,full,AR|LayerSkip|APRIL|DEL,03ee52dcb3f93468f4c82564ad5e0132e70afe26ac6a575d0a676ae19d877cc7
stream1,2018,xsum_summarization,761,full,LayerSkip|DEL|AR|APRIL,086bebac5bf29658506eaf0800c9de0511566365bba7fe20ad03d35c8b9c4b99
stream1,2019,xsum_summarization,762,full,DEL|APRIL|LayerSkip|AR,fd1657798ed0533753a2fc9c36f6c16c21670cce7a12157a67b7ab693cea56ea
stream1,2020,xsum_summarization,763,full,APRIL|AR|DEL|LayerSkip,84965e9eca87d88e7a55e7d44a812f94d974f206f3b313e404e764fa8f5da7b3
stream1,2021,xsum_summarization,764,full,AR|LayerSkip|APRIL|DEL,a3de921be20fc6efb4523a430a2f07aa1ee26b4cec7ff47344851cbd519c8963
stream1,2022,xsum_summarization,765,full,LayerSkip|DEL|AR|APRIL,4025f95676bde6e97c700dc7b4da9fe2e3af25326de5b40f4938d483ad65ba90
stream1,2023,xsum_summarization,766,full,DEL|APRIL|LayerSkip|AR,d572193f384ed3e5b67106cf6eca95801861da23bbc9a0487d958735020ac91e
stream1,2024,xsum_summarization,767,full,APRIL|AR|DEL|LayerSkip,5cea5c884be9bff5157037437bcd0ed980856a732a9fe1378fe3bdb983b1468f
stream1,2025,xsum_summarization,768,full,AR|LayerSkip|APRIL|DEL,5e5fceb683b3bda0789347048256d21261334f0788151621841a4fb8757d5361
stream1,2026,xsum_summarization,769,full,LayerSkip|DEL|AR|APRIL,bcfba2de594cd7fefd0c834ee58fc7558e855471397ffe1253f3b059d2144f07
stream1,2027,xsum_summarization,770,full,DEL|APRIL|LayerSkip|AR,50f793eda698a1c7f15cd9610babfb35c68ebce4284e2f5d6f238e16442be735
stream1,2028,xsum_summarization,771,full,APRIL|AR|DEL|LayerSkip,b20e175ac81df1598aad999d3ba70917fd27e4b21df1b954e4540ab7796edf6d
stream1,2029,xsum_summarization,772,full,AR|LayerSkip|APRIL|DEL,76aed35b89cb9265b4b953b3a486c738d2bfb52b8b2fecf4c7f929ecd2a12acb
stream1,2030,xsum_summarization,773,full,LayerSkip|DEL|AR|APRIL,1f0d11c29d1d314c22ae035769f99d2910c44acbae3f2e393c51ba3d817f7880
stream1,2031,xsum_summarization,774,full,DEL|APRIL|LayerSkip|AR,7e3800a2137c8e6a5bcd6be6ca7dc9bbdfcd1185c857b9a08eec18834841d87b
stream1,2032,xsum_summarization,775,full,APRIL|AR|DEL|LayerSkip,835717042cef2da54d32e152cbb433cb168ca8186b4a40eb9f1e132b602a8672
stream1,2033,xsum_summarization,776,full,AR|LayerSkip|APRIL|DEL,f808af52187cf804329a33101476153d33f7e7783eb799c15ec7cc3bdf016e28
stream1,2034,xsum_summarization,777,full,LayerSkip|DEL|AR|APRIL,c1c87c2b46171b957d17c42a3925c7795e16809d3ca61318e48d5d3e322f41a0
stream1,2035,xsum_summarization,778,full,DEL|APRIL|LayerSkip|AR,8b1fa17d712274c61f58b6c8d6721fa10213a0c621a3201129476a98b0ff9265
stream1,2036,xsum_summarization,779,full,APRIL|AR|DEL|LayerSkip,3d279a344b06329c079903398e0d9cf4f24c5b17f5bee41817f884251398b9f2
stream1,2037,xsum_summarization,780,full,AR|LayerSkip|APRIL|DEL,2df0e2aa1ff8bb1e00b18609678fa1bf78b1055fd2e02f3f73c2e42fd09f326d
stream1,2038,xsum_summarization,781,full,LayerSkip|DEL|AR|APRIL,dfad06f3e3c44915acfd036089b95dbe8c8f5820221190599cd1a5d8ff5c2503
stream1,2039,xsum_summarization,782,full,DEL|APRIL|LayerSkip|AR,fc994e943e81c3ccfb3017c2fbcfad1830af32384857de7ea885335591ed1968
stream1,2040,xsum_summarization,783,full,APRIL|AR|DEL|LayerSkip,5d5b07be403c0ce41b077bcd6260877e8455c32a6e0e955e5f285092b45962e2
stream1,2041,xsum_summarization,784,full,AR|LayerSkip|APRIL|DEL,32aabdf6ee2a8b7ecc24aa74a00cba4d84196d54dc398ab1bbd2277a47dae7df
stream1,2042,xsum_summarization,785,full,LayerSkip|DEL|AR|APRIL,8b62df19b1858e6febf0114b0f2129de9894cd7769f290b7e6fba57933033dfb
stream1,2043,xsum_summarization,786,full,DEL|APRIL|LayerSkip|AR,0e880bf98359a9caa0c5ee8876f3e54aecdc29e91fdc304a11eededba8b33781
stream1,2044,xsum_summarization,787,full,APRIL|AR|DEL|LayerSkip,c0b3504cf1fdd50014d4a8f77c8b05319c1509925cec5d9d728ba45fc4ba243b
stream1,2045,xsum_summarization,788,full,AR|LayerSkip|APRIL|DEL,3ef3fd57e94ceeda0bce9b60cc53a6f9aaf8d1b036508de24d7fc272bfe37df5
stream1,2046,xsum_summarization,789,full,LayerSkip|DEL|AR|APRIL,f08974dd0ed7a2bd82b2a50c661eddd970783bdd2c5b6df8f7d3ab82f02bb67e
stream1,2047,xsum_summarization,790,full,DEL|APRIL|LayerSkip|AR,25ebc42a20ac51c528a10394481a21f1f0d196d67c07037d0f8e56f9fab26c3e
stream1,2048,xsum_summarization,791,full,APRIL|AR|DEL|LayerSkip,83762c2a3cac4fbb4a196761834d8c85cc860ba146a5684fdae1c6312424b2d3
stream1,2049,xsum_summarization,792,full,AR|LayerSkip|APRIL|DEL,be04430bc09531963d48eb69a7732fc1ca32259eb4319f6d0b7152859057ddab
stream1,2050,xsum_summarization,793,full,LayerSkip|DEL|AR|APRIL,a86b664243d49febc88724d16a7acb2493465e3acb3f97795c6494b4080c75f5
stream1,2051,xsum_summarization,794,full,DEL|APRIL|LayerSkip|AR,aa01e75d74001f1a43817dc673da50b4f14ba0dd9efea6d2d6c4f31651e8c2f3
stream1,2052,xsum_summarization,795,full,APRIL|AR|DEL|LayerSkip,fd53022a19048b499d973e66dfa7142c2d79a3a8ea248104cda3d553ebc23feb
stream1,2053,xsum_summarization,796,full,AR|LayerSkip|APRIL|DEL,d70d6414df0232cac084ca27d517e202fb05532aac1155c7bb6317eda24a036e
stream1,2054,xsum_summarization,797,full,LayerSkip|DEL|AR|APRIL,9709c7c83009f835e9262a3d471905c70b44ae63a8a2d071ea628d3b79c40624
stream1,2055,xsum_summarization,798,full,DEL|APRIL|LayerSkip|AR,ef86a75ad69bbd795158dcf1aaf6e099c6761443a1f743c589ce41299acace9b
stream1,2056,xsum_summarization,799,full,APRIL|AR|DEL|LayerSkip,baaa4956ff132b7d418bda643cfee328ef68b1bb137bf0ded9136fe511e06e0a
stream1,2057,xsum_summarization,800,full,AR|LayerSkip|APRIL|DEL,f4c686f6697647a20bb31d5647eb762c9692e6bd5a2b6e2e94f5f0d990564ec7
stream1,2058,xsum_summarization,801,full,LayerSkip|DEL|AR|APRIL,3fe3b77bca59c989dc066af2539b85a344c52973241e61b30e343f69dc06e82f
stream1,2059,xsum_summarization,802,full,DEL|APRIL|LayerSkip|AR,d4305ce56ef1e95c65ef64b879281e5e6c5537e55022f0d92b2ffa02ef5bf1fa
stream1,2060,xsum_summarization,803,full,APRIL|AR|DEL|LayerSkip,21b0c04865bc656be09efd6ca6afc9624a834e547d610f63b86c09a224073a69
stream1,2061,xsum_summarization,804,full,AR|LayerSkip|APRIL|DEL,060f3f193a79a51ee32eb4b0d2b873560fcb01a0b77706c0a89829f1c220cf70
stream1,2062,xsum_summarization,805,full,LayerSkip|DEL|AR|APRIL,0fa7c2ff1e6eb355adef84753756f7a967bf7988e770af1be10befc37bb4a95b
stream1,2063,xsum_summarization,806,full,DEL|APRIL|LayerSkip|AR,e88941dff6a0e3561accaf1debe975099a742cb69bc607e015c621eba0e9ac06
stream1,2064,xsum_summarization,807,full,APRIL|AR|DEL|LayerSkip,ffe4cb8eda50b96e1e98d9fab39ce8e1ad652ac5ebd0b4f882ba16d36750df8a
stream1,2065,xsum_summarization,808,full,AR|LayerSkip|APRIL|DEL,3a5fd24ebec2c5d3e7e4aa42b13c6a99f33c53017769972ab0dfb8231065b5fa
stream1,2066,xsum_summarization,809,full,LayerSkip|DEL|AR|APRIL,a686e09602943021c4fab9ffe3a34adf789e5979735e6f76faf5479da79d5b9f
stream1,2067,xsum_summarization,810,full,DEL|APRIL|LayerSkip|AR,2856f5c6534ebe27ba1fc4086ff82a97fa9151f3675d6715ef9f55a18e832828
stream1,2068,xsum_summarization,811,full,APRIL|AR|DEL|LayerSkip,079f58a40cc699d831b69e52330b377430c4b0993c1c492f19fab4a257b605b7
stream1,2069,xsum_summarization,812,full,AR|LayerSkip|APRIL|DEL,2c2863b1ab6d6949605977b5f46d4ce20225695a0a9c44b4a38b76a8b06b11e0
stream1,2070,xsum_summarization,813,full,LayerSkip|DEL|AR|APRIL,a12a2e86a8429a3ffb70edba3a0615825bcb85235aaecb5fb59f93cde45b6460
stream1,2071,xsum_summarization,814,full,DEL|APRIL|LayerSkip|AR,98799c8cd15a4458fb667e3e967851bbe340675f6ee2cd9ad996bc8a3331edf2
stream1,2072,xsum_summarization,815,full,APRIL|AR|DEL|LayerSkip,0d55610aeaaabbb3c0671d1be5a8a1dbb36f92d85712821c9a5eaecbf458be3d
stream1,2073,xsum_summarization,816,full,AR|LayerSkip|APRIL|DEL,e35603b53fa28b5ccc90db4f12ee18ca2e83d14fc4fd58128b10f5b174f4a379
stream1,2074,xsum_summarization,817,full,LayerSkip|DEL|AR|APRIL,765a1d42a2c72ec17999830cf723ff9ed87be7e0d5563e5fd17b11233dd88ee4
stream1,2075,xsum_summarization,818,full,DEL|APRIL|LayerSkip|AR,d88629e5825faea380acab0ae18847f7c66129e1b29487a89ee5c5ca2124f689
stream1,2076,xsum_summarization,819,full,APRIL|AR|DEL|LayerSkip,7957d1cd561a95644ecffc357a17eb7876d52dd6ae0cde89731931b4b9376d1c
stream1,2077,xsum_summarization,820,full,AR|LayerSkip|APRIL|DEL,5077a00310041743d1bafce4a761e0b2ee36d0332743cac94ac6c6efb1ba74a5
stream1,2078,xsum_summarization,821,full,LayerSkip|DEL|AR|APRIL,55523d8a3705aed538d2d46c93d9bae4e1c27a6b69d7069b7d71ee4eebe829c4
stream1,2079,xsum_summarization,822,full,DEL|APRIL|LayerSkip|AR,926fe0f014e8c528c4f4e864a28194197c2851f0ca767f448154fc3b75db2f18
stream1,2080,xsum_summarization,823,full,APRIL|AR|DEL|LayerSkip,4174094c9871a5f4875cb31411b99bc70640e2649b1afd37c89608ff01630ddb
stream1,2081,xsum_summarization,824,full,AR|LayerSkip|APRIL|DEL,18b542c25b2f21b2166a1c71aad9d78a4e5dc2fcfbfe946146b8d90a9c3855a8
stream1,2082,xsum_summarization,825,full,LayerSkip|DEL|AR|APRIL,d1d09f06316f08b05f6e13a3be632a2d1cd80faeb06c18898be02741c75ea663
stream1,2083,xsum_summarization,826,full,DEL|APRIL|LayerSkip|AR,4db4715f96c692ab7275f33612c32243829eb482c2ed703b4d869e097e0b6c00
stream1,2084,xsum_summarization,827,full,APRIL|AR|DEL|LayerSkip,2231e3fd398274945ac423fb8471e4b6dc0873738d6000ce3566aca4247d35ac
stream1,2085,xsum_summarization,828,full,AR|LayerSkip|APRIL|DEL,df8860cee7d9adbf853aaccb40be05910971cc07b4982aca23209da36ac5da93
stream1,2086,xsum_summarization,829,full,LayerSkip|DEL|AR|APRIL,17a52e886220c7e703379a92f9a9b39ca0d9367b61c78285f624e9a859f6d3df
stream1,2087,xsum_summarization,830,full,DEL|APRIL|LayerSkip|AR,a728db5f9bfa1aacbdb0474f3570ac03a82d6ec8acd7a729175f32915f87ee56
stream1,2088,xsum_summarization,831,full,APRIL|AR|DEL|LayerSkip,02410324c51003cb93ffdffacd9ce8500a3c009186eab69e247a763975e9d851
stream1,2089,xsum_summarization,832,full,AR|LayerSkip|APRIL|DEL,ac9bb10ce6d361173e6d814660d43a78f06ca38f3c19b0c5c62b3c80126d52ca
stream1,2090,xsum_summarization,833,full,LayerSkip|DEL|AR|APRIL,43c055960b1ee75fa6dde88b7847863daebc1e3236d7a6e4acaa9354a2d49b8c
stream1,2091,xsum_summarization,834,full,DEL|APRIL|LayerSkip|AR,57868e60213bfdb5c51f2c58c76875473b5ea64ce930369552889aeb0c3c643f
stream1,2092,xsum_summarization,835,full,APRIL|AR|DEL|LayerSkip,522b510f0966b03a6e5feeb1f4e3dda393f5cfcc797ef8f12d0a5b35a2ec8b36
stream1,2093,xsum_summarization,836,full,AR|LayerSkip|APRIL|DEL,0a136b186e0018a79aa6161012a5de16b8bf4159f574737afda07a95b7cefa14
stream1,2094,xsum_summarization,837,full,LayerSkip|DEL|AR|APRIL,05bc3badef1af8e587c16cdd5788f9276227e106cd62c68705daece4ab342a48
stream1,2095,xsum_summarization,838,full,DEL|APRIL|LayerSkip|AR,3fe6c08dba96e8a4c640547b9c59c4cbf6cd41ebd4841cce2b78423062d266b2
stream1,2096,xsum_summarization,839,full,APRIL|AR|DEL|LayerSkip,cef716537508f729d48671b736bfb2c9589978b78736ac27b7d179bd4ad430aa
stream1,2097,xsum_summarization,840,full,AR|LayerSkip|APRIL|DEL,c2cf55032cf04e0f2d1356a55c1be81e45350d5404d474d119b2ba235fde02e9
stream1,2098,xsum_summarization,841,full,LayerSkip|DEL|AR|APRIL,c8765a2cd4752deba005458ef6f6efc75ef82758645ee818335f52ba63b85ce9
stream1,2099,xsum_summarization,842,full,DEL|APRIL|LayerSkip|AR,143c339ebe66150019b2546317fc6a925f43f88efd0cd3cb23e1be13fdff44b3
stream1,2100,xsum_summarization,843,full,APRIL|AR|DEL|LayerSkip,81fa1dab7b006ba849f8ca0d0f2d0401809f275432c77039f45263f53b34fec2
stream1,2101,xsum_summarization,844,full,AR|LayerSkip|APRIL|DEL,2a1f54b996563219e413db275a6a20f92b30b14fbe52fdbe965d88d0a340f250
stream1,2102,xsum_summarization,845,full,LayerSkip|DEL|AR|APRIL,99d37cf952b2d66418598e4b7a523a93f06b502bbc6674e05952e7072c8f4195
stream1,2103,xsum_summarization,846,full,DEL|APRIL|LayerSkip|AR,efed5ba322ce98bfb085523b03a0c4c8015404d3f550e1b9bd9fdcf217f4a242
stream1,2104,xsum_summarization,847,full,APRIL|AR|DEL|LayerSkip,2473fb619ad334622b8910a423baadb635d36f62be8500bc79cfcf19a6f49ff0
stream1,2105,xsum_summarization,848,full,AR|LayerSkip|APRIL|DEL,ef510d92a45b2e7a21fae40fcac453620a4cb9baee1849c21947aa890ed1e416
stream1,2106,xsum_summarization,849,full,LayerSkip|DEL|AR|APRIL,e6cc9e567dceb2cd51aac6ec2ef7a1709ed8a0e60407a35deca03fc1f01ce355
stream1,2107,xsum_summarization,850,full,DEL|APRIL|LayerSkip|AR,cfb40fa06c813bf99e9e20c8593331333392ccad13ad0000d2b20566eb34707a
stream1,2108,xsum_summarization,851,full,APRIL|AR|DEL|LayerSkip,809fd1d1c001d1cbc8a900eaf51d0a64c805d67eb095f651c1688cad35bd9163
stream1,2109,xsum_summarization,852,full,AR|LayerSkip|APRIL|DEL,ba20266562979cdcaa07f6e7694f76583b09991bafeae604ba7ac27cfd094900
stream1,2110,xsum_summarization,853,full,LayerSkip|DEL|AR|APRIL,78648990537e1dba805c830a629cc42f3d219dfc82a2dea8078b010d272100dd
stream1,2111,xsum_summarization,854,full,DEL|APRIL|LayerSkip|AR,2ff1dc0c6dfd3416ccb4efb6f2f665b614ce9ac4c27ed189e15835a09f58171c
stream1,2112,xsum_summarization,855,full,APRIL|AR|DEL|LayerSkip,2316b57f92ced25f33c8004580b13990b5fb32497927e58fe9e4f6800d373095
stream1,2113,xsum_summarization,856,full,AR|LayerSkip|APRIL|DEL,30d5b43ff725c1127ff5b5ea43c4b338a1fe10b508395da94a0475d04b5f3327
stream1,2114,xsum_summarization,857,full,LayerSkip|DEL|AR|APRIL,65f9b27abff78d317a2ccad299d742258d0c1c0310860fe40175086e68733388
stream1,2115,xsum_summarization,858,full,DEL|APRIL|LayerSkip|AR,34380922d5c0d14e564cd73620c27908dcc4aa0a651ea7ba307bd117e9e21d6c
stream1,2116,xsum_summarization,859,full,APRIL|AR|DEL|LayerSkip,d23823f713d7e1889b3e0e411786e485623505bed0f1388c395d5e2b21690a52
stream1,2117,xsum_summarization,860,full,AR|LayerSkip|APRIL|DEL,1f63f408fd4081238b26fa8da08bbdebfa53f76aedbcbb6abb2bf77d4063765f
stream1,2118,xsum_summarization,861,full,LayerSkip|DEL|AR|APRIL,83f21104a741de79cc9db70587d28be510b7614603e49ebaba3335be87a092de
stream1,2119,xsum_summarization,862,full,DEL|APRIL|LayerSkip|AR,1f4988cf337f5efa2e878f2a89245b907eaed7848cc2a9e51564c9e5ccf9ecfe
stream1,2120,xsum_summarization,863,full,APRIL|AR|DEL|LayerSkip,87019cfef786dd3c6832671a1410ca35e8ab99f0cc84776f520c1a0b964c318c
stream1,2121,xsum_summarization,864,full,AR|LayerSkip|APRIL|DEL,af7e5a56ec983afbcf44669e148aecb001e9b6e577a85e5900d2af4c3b06c334
stream1,2122,xsum_summarization,865,full,LayerSkip|DEL|AR|APRIL,06697b7d46c183f8fe0a9258d3cb1e8804d16e7509a3dbbeb33b6d6195badd9d
stream1,2123,xsum_summarization,866,full,DEL|APRIL|LayerSkip|AR,f969db6cd54977a2cf3069baaa7edd6f9361dee42e7724e3f2633aed34c50c70
stream1,2124,xsum_summarization,867,full,APRIL|AR|DEL|LayerSkip,64e544aa4cc79ec442e27a97e9fc71fb8cd6d0b7083f2a9a3a35d255e291d39a
stream1,2125,xsum_summarization,868,full,AR|LayerSkip|APRIL|DEL,1bd6fa772325cd531ffade0b4f3dc873e1f10a8321c90ee32744a1eb558b0257
stream1,2126,xsum_summarization,869,full,LayerSkip|DEL|AR|APRIL,0fa056d4cfad3c25ea47f0065cda79d481ab60e9aa65fcce9a1f15e457ac02e2
stream1,2127,xsum_summarization,870,full,DEL|APRIL|LayerSkip|AR,15ed9377f97aec7768a63678d28401fc534a41445fbc366f3c0a04227d4ddf00
stream1,2128,xsum_summarization,871,full,APRIL|AR|DEL|LayerSkip,2d21f33a46aebeb68c934b01a65b660f09491da7e7929a298949360597f2c619
stream1,2129,xsum_summarization,872,full,AR|LayerSkip|APRIL|DEL,98cdcfc9eec4dd5259d38cd58b7b5b8734656111fc607b311012c8a773166ecf
stream1,2130,xsum_summarization,873,full,LayerSkip|DEL|AR|APRIL,9de63f3047cc35978526f00271e3ce9c71019dd5c00840d415e741a81ba41eee
stream1,2131,xsum_summarization,874,full,DEL|APRIL|LayerSkip|AR,eb44ed5ba8c8434b90693747070fc2e367ba82f9ee75dcc3aa4761daae7e2db8
stream1,2132,xsum_summarization,875,full,APRIL|AR|DEL|LayerSkip,376c8d5d35442a68b80209100d0aee15888fda5174136685fad91a891006204c
stream1,2133,xsum_summarization,876,full,AR|LayerSkip|APRIL|DEL,aa795c47490967f2be9fc7875627bd14e57c8d903d74b9cede9a1b660c5295b6
stream1,2134,xsum_summarization,877,full,LayerSkip|DEL|AR|APRIL,021c34c04935d3103a675033b54626bb4399de992bee572eb466926888f50b41
stream1,2135,xsum_summarization,878,full,DEL|APRIL|LayerSkip|AR,0c1adfcb5cd016c628cd27d96933057bbcbcab7f1188ba332325137771fbdfc6
stream1,2136,xsum_summarization,879,full,APRIL|AR|DEL|LayerSkip,c8e0525c9f671bdd744e5514e754c6c93344d41a894ccf8dc865e93e0ba0e3e9
stream1,2137,xsum_summarization,880,full,AR|LayerSkip|APRIL|DEL,19ab560d11f9f8ea5f75fcf499da8c7b0583ab4395a258378c365a6fbc4b4664
stream1,2138,xsum_summarization,881,full,LayerSkip|DEL|AR|APRIL,c9a4604fdf3465f14765fb9306f9ed9fceab5456346dbfc694687ff96d914ee2
stream1,2139,xsum_summarization,882,full,DEL|APRIL|LayerSkip|AR,ea4ead05691f7c95d7253dc9a06c042533c3f63a10ac8af53b2a6d1a01d17802
stream1,2140,xsum_summarization,883,full,APRIL|AR|DEL|LayerSkip,9e36eae85c0c1abb267a2262092bbdb9bb89b075daea8fc3242f2f7861849639
stream1,2141,xsum_summarization,884,full,AR|LayerSkip|APRIL|DEL,43771b4da97f14e77365c5ac873c2e235734678bd0eb220b1046098181a7fc51
stream1,2142,xsum_summarization,885,full,LayerSkip|DEL|AR|APRIL,a7c25f065d46f93ef773510b7f60cc0db4b0dfb96629726151288cd97a241ef3
stream1,2143,xsum_summarization,886,full,DEL|APRIL|LayerSkip|AR,3f51b406fa289acafefffe257b1cacc3fb141e5b1c46446b43dcb372ce1207a4
stream1,2144,xsum_summarization,887,full,APRIL|AR|DEL|LayerSkip,cc7d4fbd41cb7061b127a0df71e5f7943b49f395e901535419030da224f87b75
stream1,2145,xsum_summarization,888,full,AR|LayerSkip|APRIL|DEL,dbd6ebdbaffc34790ff1a0379b2c9183697afe76b5ebc1fb0ffd206fd52ca140
stream1,2146,xsum_summarization,889,full,LayerSkip|DEL|AR|APRIL,a26a1763268feb41df01492cdbf2c0a81ec0bb1fe585eff9eca9396068a9bbd6
stream1,2147,xsum_summarization,890,full,DEL|APRIL|LayerSkip|AR,c6f4eec413725852ed864c235b3d1b3a738ef0983da2857faa7a084c5d88d958
stream1,2148,xsum_summarization,891,full,APRIL|AR|DEL|LayerSkip,7ac196fd642039f0515d74ecbb0a376fe4dc77343fd8800ac11d6a6484b93286
stream1,2149,xsum_summarization,892,full,AR|LayerSkip|APRIL|DEL,a5aa3cd30e76827236d99698060950e1e05a6f71f3390ce65da7cc8ed0fb3606
stream1,2150,xsum_summarization,893,full,LayerSkip|DEL|AR|APRIL,f854ec21296383193da550e73b91bfbc82e7e7285084ab25854a925b52848ad4
stream1,2151,xsum_summarization,894,full,DEL|APRIL|LayerSkip|AR,0807c92eef38277d1476c01e02a709810561abc3ddf1440eba71f50471b38a66
stream1,2152,xsum_summarization,895,full,APRIL|AR|DEL|LayerSkip,6bb34dfa5fc2da3a427e98969482f5251c1f33d42ef6f7c1cfc5354b0a6e8e19
stream1,2153,xsum_summarization,896,full,AR|LayerSkip|APRIL|DEL,f843c88812a2bdccd62dd345f8b8867302c2487dc389b06d26f9f0eaef57d39b
stream1,2154,xsum_summarization,897,full,LayerSkip|DEL|AR|APRIL,86820a29c5e3ddfe398eafae2fbe0f0f82562d6223cbcf100f55af924cbe5352
stream1,2155,xsum_summarization,898,full,DEL|APRIL|LayerSkip|AR,393221b37bf011e873512ac71fe4adcdc3880da82d8b55c2df1f94443c1d76c7
stream1,2156,xsum_summarization,899,full,APRIL|AR|DEL|LayerSkip,3b250063bb687fa419f038adcee6590fd51cf772be72b041ed5532dc06e8b1c6
stream1,2157,xsum_summarization,900,full,AR|LayerSkip|APRIL|DEL,13742b7f794ef2d00d13c276eef8234b7948fe971588916528d6d78b6a763589
stream1,2158,xsum_summarization,901,full,LayerSkip|DEL|AR|APRIL,e5bffaee797f0414f9da77ae7aaa4638fe8790c157fc021dbe178e0821b19156
stream1,2159,xsum_summarization,902,full,DEL|APRIL|LayerSkip|AR,ecf0ec3b4c91b29d7c18069a79d59d394ed76307212c79087fc39ee997a80bae
stream1,2160,xsum_summarization,903,full,APRIL|AR|DEL|LayerSkip,28c7fa07443f21593f54b05a25e1eaa2dca82e9269c1f6a50edaa0f2e06709ff
stream1,2161,xsum_summarization,904,full,AR|LayerSkip|APRIL|DEL,7422d386e7e25fe9f04a0899364da7d72ae3d3029381b8afefa541d5a8fd5541
stream1,2162,xsum_summarization,905,full,LayerSkip|DEL|AR|APRIL,57636b34a4583a8e28c20406264fc055a18ce4f15ea78727b2c323a4ea897608
stream1,2163,xsum_summarization,906,full,DEL|APRIL|LayerSkip|AR,eaaed1e798c388db09a373645d6367449bd3a5ffdafbcc1e28722f6ae77cab8b
stream1,2164,xsum_summarization,907,full,APRIL|AR|DEL|LayerSkip,635eafe81ea68a6a7aebef9db7f6e6767ee487a1391f196bc3e5c23fcd8dc809
stream1,2165,xsum_summarization,908,full,AR|LayerSkip|APRIL|DEL,fa30ff8f460a2d46b9773e86f303b2e53653155a753cd1185f1811713baa4560
stream1,2166,xsum_summarization,909,full,LayerSkip|DEL|AR|APRIL,e9bacab0f5b06cfcd4c26195094d2eb0c8cee813c08562d3b98b8396e722d836
stream1,2167,xsum_summarization,910,full,DEL|APRIL|LayerSkip|AR,1597f9e181ebb1fa496708a259ab32f1197f70c4730ce87f934a657b86431db8
stream1,2168,xsum_summarization,911,full,APRIL|AR|DEL|LayerSkip,919860da18b90e3a591ba46c0c60beb329b95a24fdcbf994fd2e826bb5ca36fb
stream1,2169,xsum_summarization,912,full,AR|LayerSkip|APRIL|DEL,3a7f83fd65c2b67b68732aefb31356fc6272e6389a317bc7053898427d8c219e
stream1,2170,xsum_summarization,913,full,LayerSkip|DEL|AR|APRIL,e593b7e93991d596f26efc703ede5d7f857b0705fdd700ed6908970532dc8c01
stream1,2171,xsum_summarization,914,full,DEL|APRIL|LayerSkip|AR,ab6b982716c64259e899ac3f0e06075cad796f9eae6793515cdc32d344130891
stream1,2172,xsum_summarization,915,full,APRIL|AR|DEL|LayerSkip,e9ddfcc40f511774f926d56c187be5d1b5f7cd388758360780f61793669867bf
stream1,2173,xsum_summarization,916,full,AR|LayerSkip|APRIL|DEL,c9fb896f9fbd999ee111ffee5d4be436f69a29d7ca5e359783fbf4c8e92d2ac2
stream1,2174,xsum_summarization,917,full,LayerSkip|DEL|AR|APRIL,50707955b658715051defd986d7fc13028d0dce0e6f49526a7723173d478d1ea
stream1,2175,xsum_summarization,918,full,DEL|APRIL|LayerSkip|AR,65724256cdbf7a9587e5c8202d798e3a6ed79e07fe6f027b6175ddc7d2161b3c
stream1,2176,xsum_summarization,919,full,APRIL|AR|DEL|LayerSkip,72878fb6c88dc029fbc31764fc6a39a3a54e74fcac4f9eca8556830893dece9d
stream1,2177,xsum_summarization,920,full,AR|LayerSkip|APRIL|DEL,876787aaf62b7cba710bff8b103edd248d4182641eba0416f2c10f73f5acdfdb
stream1,2178,xsum_summarization,921,full,LayerSkip|DEL|AR|APRIL,b728e08e47d022a2d1b37673e3a44483ddb6541201879e636f4512040326dca4
stream1,2179,xsum_summarization,922,full,DEL|APRIL|LayerSkip|AR,7abe4802857ab48c3e74ced85befbd1d878c4b31b475cb1a5ab7e2f6b5f9b41f
stream1,2180,xsum_summarization,923,full,APRIL|AR|DEL|LayerSkip,92240bfa78ef706306b39866c54a8fde44cc70b572cc0730e3a36f5ab2be77d4
stream1,2181,xsum_summarization,924,full,AR|LayerSkip|APRIL|DEL,800e4b404fe159eb53840b1f2d5a7f6a206eec7e7d4b659ea2dc94012ee1d51c
stream1,2182,xsum_summarization,925,full,LayerSkip|DEL|AR|APRIL,fb3a33cf493b5d13b36bc10c1b80279c65eed76114e0fdc34ee0c8c71859e25b
stream1,2183,xsum_summarization,926,full,DEL|APRIL|LayerSkip|AR,0992ce1d87ae70ea40873e43befed59260bfe87f9d9ad559c1352b30a27c5f6c
stream1,2184,xsum_summarization,927,full,APRIL|AR|DEL|LayerSkip,0e5021d3e22f220724868ebf11b7f69655b0eddced01ee0605a04f4cd989bb36
stream1,2185,xsum_summarization,928,full,AR|LayerSkip|APRIL|DEL,40d6d3f163b8ce2056a9bf1cda0e927eb0219fa7e20ac6fcff73bc02c9a779da
stream1,2186,xsum_summarization,929,full,LayerSkip|DEL|AR|APRIL,edc85de4a92b72fdbacc4743f23a3e0d232be593d563b84703ca5deaa40a0a96
stream1,2187,xsum_summarization,930,full,DEL|APRIL|LayerSkip|AR,0224d9e3a46a125824cca607386bae231730c23942b590ff1041f998eddde40b
stream1,2188,xsum_summarization,931,full,APRIL|AR|DEL|LayerSkip,3b9c5f9ca3cb8bf94ba2107db912f7c7737b8ae9cf9a43052f6f54f394605dc3
stream1,2189,xsum_summarization,932,full,AR|LayerSkip|APRIL|DEL,57dd8ddb8f5c42b74c4def5011422baa2fa9e754fade20b96f30e89375557cb2
stream1,2190,xsum_summarization,933,full,LayerSkip|DEL|AR|APRIL,61c86cd3f921eafcc0d31f8d7e8559193bebe57428f36c2c5562b4e5081632db
stream1,2191,xsum_summarization,934,full,DEL|APRIL|LayerSkip|AR,4d0e12b437df1329a646dba68206377424d91439140056a412b844572cd8988c
stream1,2192,xsum_summarization,935,full,APRIL|AR|DEL|LayerSkip,0e0df44bc4b4384fc520493095d598827aa873b72cbe464d005316323c584ee5
stream1,2193,xsum_summarization,936,full,AR|LayerSkip|APRIL|DEL,f524e80e897d991f53849c82cf791f629d06acab0ff297f107b196e9cd326c92
stream1,2194,xsum_summarization,937,full,LayerSkip|DEL|AR|APRIL,45d8ac40a1fd6fff243f7b74b4bbc9fda677dcff3cf27e8b3210a0a56f8fd4ae
stream1,2195,xsum_summarization,938,full,DEL|APRIL|LayerSkip|AR,0679c03aeba4374d2451d58fb7687e2a62a11405b3348e6ad3b87983b4f7c3f1
stream1,2196,xsum_summarization,939,full,APRIL|AR|DEL|LayerSkip,ae01cc420fc07aa363e453a759a0722b2d61bdf1d713c7eff193a20ebe3e3fe8
stream1,2197,xsum_summarization,940,full,AR|LayerSkip|APRIL|DEL,00bafe4e3584d4be67d02c1efcd45a6f5f825b9c637c2f8abd1e68855583c748
stream1,2198,xsum_summarization,941,full,LayerSkip|DEL|AR|APRIL,824817872ea1af64a2a910c7c72a406ef8d004df358c5b856c7d015f57b9b387
stream1,2199,xsum_summarization,942,full,DEL|APRIL|LayerSkip|AR,076f1650844dc7969b0c58260076fd85fe7b3f749d3baaf54b7dbfdbc0b3902c
stream1,2200,xsum_summarization,943,full,APRIL|AR|DEL|LayerSkip,c9f05ed842482e2c39dcc317bc4de5ce86ceff33077203a701b53c5c19a8de81
stream1,2201,xsum_summarization,944,full,AR|LayerSkip|APRIL|DEL,549ff0023869df408a14b1108a2de674c316ea0e82bfefe3aa3b8e30ec37e520
stream1,2202,xsum_summarization,945,full,LayerSkip|DEL|AR|APRIL,6f3e8aa0886e33c87bfd98003618561ec664588b2ed9feeab51b05748b4ac2bb
stream1,2203,xsum_summarization,946,full,DEL|APRIL|LayerSkip|AR,88a4f885dabf9f2327089e5bbcefe5fb006c99f3371505afe564f5e7b1343e5b
stream1,2204,xsum_summarization,947,full,APRIL|AR|DEL|LayerSkip,e1a4212b105932a89a8a62cb9b573c60a52b8f9898239fa8982d8a106f70a067
stream1,2205,xsum_summarization,948,full,AR|LayerSkip|APRIL|DEL,92d0a80c4f24459f0430c5d172c4d5c4834e4afa45409cbe9ff9c20cf3f438c9
stream1,2206,xsum_summarization,949,full,LayerSkip|DEL|AR|APRIL,ff32970111e7860317c51bc4fbe801ced4eaf9ca2827ce8fc78c517b6d2b7aa1
stream1,2207,xsum_summarization,950,full,DEL|APRIL|LayerSkip|AR,050474ae0d23cd17842da0ec3920722600508b89f4cd12d4b07dd32590e22c70
stream1,2208,xsum_summarization,951,full,APRIL|AR|DEL|LayerSkip,ef34b0efea6c16b5ffcedd3f2deb7428ccf06b6f64bd72d29715be15334e62ce
stream1,2209,xsum_summarization,952,full,AR|LayerSkip|APRIL|DEL,e70b61e6a59a40ee2b4a3e0c15d52a793a6ed30f604a0c51668570034d926957
stream1,2210,xsum_summarization,953,full,LayerSkip|DEL|AR|APRIL,fed44ddac2a6518500bda488ff44f8fed49293203dc425c18c98036611a6b72c
stream1,2211,xsum_summarization,954,full,DEL|APRIL|LayerSkip|AR,afa2cc7abb0c4c0557d7b70782e828b2a1e28007a53d36179bd1506c8f67fa4f
stream1,2212,xsum_summarization,955,full,APRIL|AR|DEL|LayerSkip,53c99b08ba715c2d132ff33337a22e7596c2866154e89e42367849b0b268c49f
stream1,2213,xsum_summarization,956,full,AR|LayerSkip|APRIL|DEL,4223e050549c94190137ac0ee13d6f6ddc1f7fd4ee12a96cd12efde5e7c97745
stream1,2214,xsum_summarization,957,full,LayerSkip|DEL|AR|APRIL,db092bdda3232ce355460f253d57e840158dfb621640d984460b2f58cc3c116f
stream1,2215,xsum_summarization,958,full,DEL|APRIL|LayerSkip|AR,ff8832e152484be200e1a96e134ea078f5d82b8ca2c543692a87f8ce79356fa4
stream1,2216,xsum_summarization,959,full,APRIL|AR|DEL|LayerSkip,ff6e416ef2bc69908a1b593af82205324673b4e9200e0acc621b889948c8dad8
stream1,2217,xsum_summarization,960,full,AR|LayerSkip|APRIL|DEL,d626c90bab523dd6762d4684e0b5538d3c982136d465e03ec690a84aa5b4c483
stream1,2218,xsum_summarization,961,full,LayerSkip|DEL|AR|APRIL,2206cd6e5c5c2ad4c6648cb32bbffbfa71caf6e06274f7660e7eb3a0fd767386
stream1,2219,xsum_summarization,962,full,DEL|APRIL|LayerSkip|AR,a8880181c4fd47e8f9bce9e1fa6c71cb6086c8ae9a4f0b7432cc91924e9a46d4
stream1,2220,xsum_summarization,963,full,APRIL|AR|DEL|LayerSkip,6aacfb1316610d84c399edf7a766fd4599e6ff74fc551029af29d11cf16be0d0
stream1,2221,xsum_summarization,964,full,AR|LayerSkip|APRIL|DEL,872de313b98faad5c003afdd5811c3332b161a8d04e37dd184ae36f51b244740
stream1,2222,xsum_summarization,965,full,LayerSkip|DEL|AR|APRIL,03d60c4b9223ff796cfa18897fd9e11e5b6c9181da6e4aa0a8ec31044b580878
stream1,2223,xsum_summarization,966,full,DEL|APRIL|LayerSkip|AR,f0812e7e90bf92afb364f9293462f3d580275223ddabe2c367d1e369d42dd315
stream1,2224,xsum_summarization,967,full,APRIL|AR|DEL|LayerSkip,41a3a5ebbedf75783e1d10728bde02595b856d49c962f284e5aa768268efa68d
stream1,2225,xsum_summarization,968,full,AR|LayerSkip|APRIL|DEL,ab7879f323a5d758db08868d487974eecf57fd086ba41fb2c8b6b1c61997f165
stream1,2226,xsum_summarization,969,full,LayerSkip|DEL|AR|APRIL,76141712fe504aa935e0ef711d402ff20a58f9947f494e4372cab931124da90a
stream1,2227,xsum_summarization,970,full,DEL|APRIL|LayerSkip|AR,c4fd45dc0631a5bdac59dc2fe554a66459d4e8ce63e8aa35d34392be321cef04
stream1,2228,xsum_summarization,971,full,APRIL|AR|DEL|LayerSkip,f07bfce712c7691714d6e6b2f0dd823be1e40394f6cac333d29c6b6d910b69e5
stream1,2229,xsum_summarization,972,full,AR|LayerSkip|APRIL|DEL,fca25707147ab0b335df8fafe3dba6ca2da50904d3eb7e0a0cb647271721bfc9
stream1,2230,xsum_summarization,973,full,LayerSkip|DEL|AR|APRIL,de660d0633071c80a52e74e6c3259c46df43c2eed00aed659229731119ebe888
stream1,2231,xsum_summarization,974,full,DEL|APRIL|LayerSkip|AR,dd5dc50d256de85c108bc5f89edd48da54c1b5cfd003879425d2daf24702acfb
stream1,2232,xsum_summarization,975,full,APRIL|AR|DEL|LayerSkip,80b9c744b855568283e8526349c16cec740f4e51eb4a295ff030a3bbe9d15813
stream1,2233,xsum_summarization,976,full,AR|LayerSkip|APRIL|DEL,b40fd2faaad481171710dad20827619ebf3cc04f13a6130108776208845744e9
stream1,2234,xsum_summarization,977,full,LayerSkip|DEL|AR|APRIL,c2b6f902b724716c3bde8c883dfaba822c492c86ff07ef9e12be57baa48b9f18
stream1,2235,xsum_summarization,978,full,DEL|APRIL|LayerSkip|AR,597efafb21eab15fb9e39a152a55867ef14860d5022216ac82791b9bc014d7e9
stream1,2236,xsum_summarization,979,full,APRIL|AR|DEL|LayerSkip,bc363e76c9cc43300a6bb07bde143fdfef737397c600899e436655bc1e245790
stream1,2237,xsum_summarization,980,full,AR|LayerSkip|APRIL|DEL,a3c837f5b5b25a8e578f5c6228acd73b5c1b5faad57721b26448428f86b21370
stream1,2238,xsum_summarization,981,full,LayerSkip|DEL|AR|APRIL,deaf4f8e6116276e9cb28212c668d58a323b5209cf2913ef63bd3cc905a5ef9f
stream1,2239,xsum_summarization,982,full,DEL|APRIL|LayerSkip|AR,4acdb3874357c2db1a02f30b438d465cad4c56707415ee9ee8b00b3245dd6774
stream1,2240,xsum_summarization,983,full,APRIL|AR|DEL|LayerSkip,6b8b7d6d3777d7f93ef9fe51b7d47373d33b06f2106132fa8fbbe802132fe11e
stream1,2241,xsum_summarization,984,full,AR|LayerSkip|APRIL|DEL,8075ea561045af8be7a96933fabce5081890fb03e6f898d846c7cef5ee55d1f6
stream1,2242,xsum_summarization,985,full,LayerSkip|DEL|AR|APRIL,207dded6c37957a88c750cfe876a48ffa019bd9f32bba5a46eb4fc7ab37471ad
stream1,2243,xsum_summarization,986,full,DEL|APRIL|LayerSkip|AR,c6de819f46c4ecef8862e1d3236e7f25f3a994110febb0410c2e824edf984a32
stream1,2244,xsum_summarization,987,full,APRIL|AR|DEL|LayerSkip,6f2066485ab2d36efa98edff347bc7495b43eb5096a677198ceb75802f06d5e2
stream1,2245,xsum_summarization,988,full,AR|LayerSkip|APRIL|DEL,906aab1942d6881afabd2101e427f1856279d5c3718ea701f56ed891da71d7dd
stream1,2246,xsum_summarization,989,full,LayerSkip|DEL|AR|APRIL,8bf4094209df93cdca97c70e94fbc0a8d331283154af452eb4feb7935a2f308f
stream1,2247,xsum_summarization,990,full,DEL|APRIL|LayerSkip|AR,fd8dbc062e9ddba529859183fc752847bb19f9b06b58220e598a2ad13a397b1c
stream1,2248,xsum_summarization,991,full,APRIL|AR|DEL|LayerSkip,d4b8223c5b9c680188aa3673d8123d3b1804ded99ec1e5e315914f6481d1683e
stream1,2249,xsum_summarization,992,full,AR|LayerSkip|APRIL|DEL,9557dd2ad47e620f93152635d13f711ec73ae2ada80538e891480362bcf14fe9
stream1,2250,xsum_summarization,993,full,LayerSkip|DEL|AR|APRIL,3f0ac5c47e2b96f65f2247d11f64a5ae875687111e003683e9123f6944d2bf60
stream1,2251,xsum_summarization,994,full,DEL|APRIL|LayerSkip|AR,1d3158a9ac933c7a10b5add582c3a57e10ef6f4394ebd4142832ff3bc2c3a8f9
stream1,2252,xsum_summarization,995,full,APRIL|AR|DEL|LayerSkip,846e47cf6b780a37174c31799d3d239583e5d05e2ff4f51a9c61e4062e5bcdd4
stream1,2253,xsum_summarization,996,full,AR|LayerSkip|APRIL|DEL,a8a41bfebad736158ae1dc6ee4be6655e17a6fa145af163a0fdac20f35749415
stream1,2254,xsum_summarization,997,full,LayerSkip|DEL|AR|APRIL,62a3cfed0d561d177ada12881d8d457fca2696e10bb383f73c81f0427fe5c598
stream1,2255,xsum_summarization,998,full,DEL|APRIL|LayerSkip|AR,2bc536de89d8674703be6d0bb711187d9e4099aeae679d75aee9af42a5ae82be
stream1,2256,xsum_summarization,999,full,APRIL|AR|DEL|LayerSkip,f5f85e42c2d4094deae4e7102209f722431abb856df829e501414f6aa2698292
stream1,2257,humaneval,128,full,AR|LayerSkip|APRIL|DEL,b909f8648bf510db69a2cc51213caacee9ed30f34d591f2f5efd3eea8636aca7
stream1,2258,humaneval,129,full,LayerSkip|DEL|AR|APRIL,417c9ed701884d14aff5ce42047f77711731af279eeeba3d3b685b92a8f29adb
stream1,2259,humaneval,130,full,DEL|APRIL|LayerSkip|AR,68f3722378473214d80f09420cfa3335984eccd0d4c15a0117985261d22fd01c
stream1,2260,humaneval,131,full,APRIL|AR|DEL|LayerSkip,4a1c555a3cd7fb8a1b3a2786b00cb13d927f9a5509630d781ee1e2e0fdd8767c
stream1,2261,humaneval,132,full,AR|LayerSkip|APRIL|DEL,ceeef7227e3911edf98ea8a7c714116780f3468053e4cccc66bbb2dfa185c334
stream1,2262,humaneval,133,full,LayerSkip|DEL|AR|APRIL,c3e8935467740bb6def5ca00e35116e04dc22c240cc22df0f0efee1e5a493d57
stream1,2263,humaneval,134,full,DEL|APRIL|LayerSkip|AR,4a14cb9f380c3fda4feb1325fdc1d1562888d52852c3cdd327f1eaeaff4d22df
stream1,2264,humaneval,135,full,APRIL|AR|DEL|LayerSkip,c69d29724082028ac075ad280590d3c1081894ff2e8db4e3cfb88476bb44ec3c
stream1,2265,humaneval,136,full,AR|LayerSkip|APRIL|DEL,9dd2a92d4b141565a666931ff044c4c6109db09520ed710c3651e9ae51d80ec8
stream1,2266,humaneval,137,full,LayerSkip|DEL|AR|APRIL,0c94cb2d22bf30cfd86a065309a310cb675ef7a5da3dfb3370f5b9e256ed8620
stream1,2267,humaneval,138,full,DEL|APRIL|LayerSkip|AR,e49218abe89b2b138512731659d96115b045637b8cebe43d2407656209332e58
stream1,2268,humaneval,139,full,APRIL|AR|DEL|LayerSkip,be0a59f5cf0d2c13ca98ace59ca3a5bf4b8c4a153d42450c7cf6abb87d22d0c8
stream1,2269,humaneval,140,full,AR|LayerSkip|APRIL|DEL,f757e5d21a3d47b21dcd96c7c9f869adfbfe70276370fddb0f4ded8fb1c311f9
stream1,2270,humaneval,141,full,LayerSkip|DEL|AR|APRIL,1346cfd15de72531685d9c4a09fb6a7b459df3852a0d84cd6a0632a0a1c32e5b
stream1,2271,humaneval,142,full,DEL|APRIL|LayerSkip|AR,3705edce076dd10a274c837a15bf688a69bd9c342a0576cabb0cb02ab7c53446
stream1,2272,humaneval,143,full,APRIL|AR|DEL|LayerSkip,85e7c088d3b44a74767bc7408853a709f18dd89c1ef964694103be8ee8dca8e1
stream1,2273,humaneval,144,full,AR|LayerSkip|APRIL|DEL,2a0addf544cd38216f359d1e48649ae659b89cd25c4f7fa72060ee8cbb404735
stream1,2274,humaneval,145,full,LayerSkip|DEL|AR|APRIL,7a5c9e6cb4cbac4500da147421870d0aaac0c5e8f98d646aca7a6349fa239c3e
stream1,2275,humaneval,146,full,DEL|APRIL|LayerSkip|AR,310a71d2feca4b63bf4ab0279cac60820a61a57157a413efd62823e6c69eb917
stream1,2276,humaneval,147,full,APRIL|AR|DEL|LayerSkip,d1dd4daedba3670f782bbac1a37a9c1e97e18079d4fb18cf53a18977426075b7
stream1,2277,humaneval,148,full,AR|LayerSkip|APRIL|DEL,6cc1444376f53913622a070cd5c475b9cc33b4e199573da8e2b9051d689a314d
stream1,2278,humaneval,149,full,LayerSkip|DEL|AR|APRIL,387c54540db444ab39a66ed7c465db9a9145f9437273960b116cd1c7c974727a
stream1,2279,humaneval,150,full,DEL|APRIL|LayerSkip|AR,d3c5a3ef8fbe608f4c6ddb2b0209fe20ac537b827fb3252e805681c6c92c3a14
stream1,2280,humaneval,151,full,APRIL|AR|DEL|LayerSkip,76075722f14f440573576993f00d079bbb312818c40a47974f99bf0d9374d905
stream1,2281,humaneval,152,full,AR|LayerSkip|APRIL|DEL,b9449a0c09f62a6c759895e7539a750fab0bbf8c41f40c6ce7b077d4786e989f
stream1,2282,humaneval,153,full,LayerSkip|DEL|AR|APRIL,c0ecd987e3c84c2b50926b5a4061c8386ec1e6b0704e3ce8630d46ca5a3144ca
stream1,2283,humaneval,154,full,DEL|APRIL|LayerSkip|AR,66607b421ed8b5eb91de52ca96f1b071ecc536edf716451650816ae4e7701f64
stream1,2284,humaneval,155,full,APRIL|AR|DEL|LayerSkip,8e85f42e3477e802ebd61afb54ef97ef1dd36e242780e51d22074ec019a3657f
stream1,2285,humaneval,156,full,AR|LayerSkip|APRIL|DEL,8959ac1c6c2fd7f47f748d3f39d4698b9ef610a28fbd428fad7dc4e856e9d737
stream1,2286,humaneval,157,full,LayerSkip|DEL|AR|APRIL,badc999ecbcb5e6dd1dbb3d1c1b89f9b624e434dd4afebf241d035353b2b0a79
stream1,2287,humaneval,158,full,DEL|APRIL|LayerSkip|AR,c40e718aa330b51ea3bb37b1532061de990739b868af73c34faa3af0512626c3
stream1,2288,humaneval,159,full,APRIL|AR|DEL|LayerSkip,4987cbdc1f933a0ea2354c67044dcc9cc479c47c6c0375f63498f5c11b7daa85
stream1,2289,humaneval,160,full,AR|LayerSkip|APRIL|DEL,edeaa3bb46a2a49ef15270a996f764af73cfe463c3480bc5bcae8f04332c3620
stream1,2290,humaneval,161,full,LayerSkip|DEL|AR|APRIL,fa29d7f413a74f20646e32cd02cb87cdd6766bf4f81745a92db8bcd19d9734d2
stream1,2291,humaneval,162,full,DEL|APRIL|LayerSkip|AR,58845cc488ac0df5ed6876e026532380238c02e3035897db32428fa719bd4e38
stream1,2292,humaneval,163,full,APRIL|AR|DEL|LayerSkip,746b974c17bfa8fea903c131acce2f7af0d087460803f42cb265a26d69e5089a
stream1,2293,wmt14_de_en,128,full,AR|LayerSkip|APRIL|DEL,cee3deb112e925a4c153afc707db524ff6c80b5a4b2a42d979a505f7a29dd447
stream1,2294,wmt14_de_en,129,full,LayerSkip|DEL|AR|APRIL,8e1716df9d45e98d277966814d844a17e314a52e792e4ed92f53bd5eed1252c1
stream1,2295,wmt14_de_en,130,full,DEL|APRIL|LayerSkip|AR,7428c3547cd10146706714580019821a1c9872f20480ec278aa937d728fa6a9d
stream1,2296,wmt14_de_en,131,full,APRIL|AR|DEL|LayerSkip,d4d8f09875cba45ceed3682d1520201f9e1ff3225c71302cca9f15f88fec1e43
stream1,2297,wmt14_de_en,132,full,AR|LayerSkip|APRIL|DEL,23fe159401458eb678b0aa444e2e1369cb0f87ef2abbc804cf8528d2f949bbfd
stream1,2298,wmt14_de_en,133,full,LayerSkip|DEL|AR|APRIL,e8354dd631f1043e09c4f4c4c3fb31ee44e424a1f642b7659dcccb747c169354
stream1,2299,wmt14_de_en,134,full,DEL|APRIL|LayerSkip|AR,d248ebd0b5b35d8697567cffc22de651937f2826dc0ae9000e1d209b579156e7
stream1,2300,wmt14_de_en,135,full,APRIL|AR|DEL|LayerSkip,4a09ad144ab4eab609ee40dd8fd8c95b19fafcb18539f91f1a1de0aaee197334
stream1,2301,wmt14_de_en,136,full,AR|LayerSkip|APRIL|DEL,d64bb61828a4b676f69a0c6425fb8eb2b74ab04feaf1ac06f3759a7243f3d2f0
stream1,2302,wmt14_de_en,137,full,LayerSkip|DEL|AR|APRIL,783bbec34d3873cc3e713739c8aca9f448f7ec412f251a8bf75b133cacf9fc48
stream1,2303,wmt14_de_en,138,full,DEL|APRIL|LayerSkip|AR,b6fd26449958cc9c085b26551bc722baca5584dbbf4f1455e355e9de049c3f59
stream1,2304,wmt14_de_en,139,full,APRIL|AR|DEL|LayerSkip,7d7d8458be9d209794d06df20cf682118ae4ee039c2d43bfe06d28a748c9e0d8
stream1,2305,wmt14_de_en,140,full,AR|LayerSkip|APRIL|DEL,52682fadd4cc7c105081fa097f0c998a10a797c4993336efea0916af249908e6
stream1,2306,wmt14_de_en,141,full,LayerSkip|DEL|AR|APRIL,c648fc096c54f6d1b35c1ab3b44b01877ec038619ed3d0b745de31c32877c6da
stream1,2307,wmt14_de_en,142,full,DEL|APRIL|LayerSkip|AR,7c3d55d29e26678e965e0f3c1540557b01c9571e12a8270c0c360766bcecb91a
stream1,2308,wmt14_de_en,143,full,APRIL|AR|DEL|LayerSkip,6a61e1a9d8b99c0690eefdc9138f62ebc349a475866bf0264bae16f1c9368d6b
stream1,2309,wmt14_de_en,144,full,AR|LayerSkip|APRIL|DEL,ea2ac3aab2fc517bdef5a1c682f5fb0ee91d6b288b60fa2dcc0080ce0186f679
stream1,2310,wmt14_de_en,145,full,LayerSkip|DEL|AR|APRIL,929ff9e2b74bca9fe18975c65a4e062cb4585f5cb39ebf620271a0584009e755
stream1,2311,wmt14_de_en,146,full,DEL|APRIL|LayerSkip|AR,354a9e3f2b2909e2eec433790f5266b769e936a8cea990afad5d3d1c076a7f95
stream1,2312,wmt14_de_en,147,full,APRIL|AR|DEL|LayerSkip,b0bd6be078a113bd82877cffc0c5f9b251e6450e4b424744aea3ce2dd8e0de5c
stream1,2313,wmt14_de_en,148,full,AR|LayerSkip|APRIL|DEL,d08e15882c64228a47150905801321bb77e67a0dc58a31e0ae25e00b83c8048f
stream1,2314,wmt14_de_en,149,full,LayerSkip|DEL|AR|APRIL,f95f27a201453dfa08d964e11568815939177f9956ea8a30b0d6a0db56a0633e
stream1,2315,wmt14_de_en,150,full,DEL|APRIL|LayerSkip|AR,d2a0d382bf8fc656d9a1e8857bc6a000de0d1655d5df5c119a6ab24c85e482d9
stream1,2316,wmt14_de_en,151,full,APRIL|AR|DEL|LayerSkip,ec7fbd4eb361abc44418c2bd3c34f53e3629d2c2cf5292dceeb1f0e5ec19b0c8
stream1,2317,wmt14_de_en,152,full,AR|LayerSkip|APRIL|DEL,a0a945f8850660713ac1ae6b510b61865e405b84ecd6b1c3d3b8c7353ab7bccb
stream1,2318,wmt14_de_en,153,full,LayerSkip|DEL|AR|APRIL,2353594daf4b025b32f899e7eb09c80af3196cb2218ce8f9dd19227d5ba31b91
stream1,2319,wmt14_de_en,154,full,DEL|APRIL|LayerSkip|AR,7ca62be08748a06ccce82d5b1e3d8111a506427b8774193406bf40d95bdb6026
stream1,2320,wmt14_de_en,155,full,APRIL|AR|DEL|LayerSkip,97208ed4463827af0187185b3ab39d13e8ef609ccdc049690c8549aeec24e919
stream1,2321,wmt14_de_en,156,full,AR|LayerSkip|APRIL|DEL,b88bbc3a1328101526d5db662ac9bcd4993302368f23fba3cb718c09f28febfa
stream1,2322,wmt14_de_en,157,full,LayerSkip|DEL|AR|APRIL,377fe714af8aaa5e7c40a6926492fc9d4f674cb0689a13a25031eff31d166b11
stream1,2323,wmt14_de_en,158,full,DEL|APRIL|LayerSkip|AR,eae69f4d8c9491b45342d80b46791a474f6a7838b93eb91e655798457e9aef51
stream1,2324,wmt14_de_en,159,full,APRIL|AR|DEL|LayerSkip,0baa2d09f88ae61bfedc21bc29a0dc878abe07b464bb12a423e3c8ff96bc738a
stream1,2325,wmt14_de_en,160,full,AR|LayerSkip|APRIL|DEL,292d95d46d27d0c4ed9404dea243418954396afa0383eeef9ae33ffbb8887319
stream1,2326,wmt14_de_en,161,full,LayerSkip|DEL|AR|APRIL,4e310f0f224becc909627f2f5a2c8ac7ee68a94ffc7d5f1baccd82f96a40cefc
stream1,2327,wmt14_de_en,162,full,DEL|APRIL|LayerSkip|AR,311be1c54de576a031d8790d9eac12b0688039f8c75fcad1abbeb294594fa163
stream1,2328,wmt14_de_en,163,full,APRIL|AR|DEL|LayerSkip,fdb80e6b2ce54353f6f22faafd458449e563540adfd06aca2a4e62a8814415f2
stream1,2329,wmt14_de_en,164,full,AR|LayerSkip|APRIL|DEL,5dd82602db1d7ae79121dfc246d667f7c5a7b5037f38d32aad7846c28d8f425b
stream1,2330,wmt14_de_en,165,full,LayerSkip|DEL|AR|APRIL,252249569d1657a19040ea56d2e3e70609b4cd9cd1a93a93886ed17b148959bb
stream1,2331,wmt14_de_en,166,full,DEL|APRIL|LayerSkip|AR,07766e4a4172b9e479d13929637f9f4ee7ee9237b869f8acea1c807a1816e36f
stream1,2332,wmt14_de_en,167,full,APRIL|AR|DEL|LayerSkip,7d21ccee9d6261dafe9ddb835a9d29d7f09a352736f27734cefbf7ba9a83bb8f
stream1,2333,wmt14_de_en,168,full,AR|LayerSkip|APRIL|DEL,8d9d2083094c66d445bb1c106af77d604ab287d1bacb172bde160085b2e93369
stream1,2334,wmt14_de_en,169,full,LayerSkip|DEL|AR|APRIL,3ef99d5a886c7f15f1f8e7333656e971d964e1c16443b43aaca323b6a2271eac
stream1,2335,wmt14_de_en,170,full,DEL|APRIL|LayerSkip|AR,a1553d69bee25334d8cf1b884182c2e2f51214f42e1036693d6183e2c521d812
stream1,2336,wmt14_de_en,171,full,APRIL|AR|DEL|LayerSkip,47b5b57a95a7d5e3f3e019537e3939d3a85fe7b78ec37292be0fcaf67e320d6e
stream1,2337,wmt14_de_en,172,full,AR|LayerSkip|APRIL|DEL,0cb3be793caf2d17d386bb3a5bf0bebaf544ec7335570eee6d368fed1d7f1483
stream1,2338,wmt14_de_en,173,full,LayerSkip|DEL|AR|APRIL,62d3170e11a24228f253bb9d768f5f3a1ef378770eb23e2ca2240db2b126ece1
stream1,2339,wmt14_de_en,174,full,DEL|APRIL|LayerSkip|AR,d706e6ad3e74eb883f910708feb88b8d15c43f38e31c96ad1de200c01e5ca1df
stream1,2340,wmt14_de_en,175,full,APRIL|AR|DEL|LayerSkip,2325698b14019c177b6d08f19178ebb24d86d6403f39fc6c1826d8349dad2342
stream1,2341,wmt14_de_en,176,full,AR|LayerSkip|APRIL|DEL,379dcb3c66387b25500acbcbbb5339ed473fead52d2bf75293c48ed9f7b1b920
stream1,2342,wmt14_de_en,177,full,LayerSkip|DEL|AR|APRIL,526a8ca28c2d13af09844c1ad4bd09460d087172942e7301699cbbb4c595d481
stream1,2343,wmt14_de_en,178,full,DEL|APRIL|LayerSkip|AR,5dd28f34e250d407b3753f9f364e663dc2458cf8008bc19c75cdadd373b1153d
stream1,2344,wmt14_de_en,179,full,APRIL|AR|DEL|LayerSkip,77a580e92a53e6bc091004a50b815ad839a8dae3860d1cbaee7c0b5c62b1a4ac
stream1,2345,wmt14_de_en,180,full,AR|LayerSkip|APRIL|DEL,c94389e7e3f693da4f77a0220846c442f841f4b1506b5f2734f8c49472b14271
stream1,2346,wmt14_de_en,181,full,LayerSkip|DEL|AR|APRIL,fe6d3a2c1df0207bfb04654b50637ea99261ec0a0985134ec716565d7728e289
stream1,2347,wmt14_de_en,182,full,DEL|APRIL|LayerSkip|AR,a95f55f6e2afb92952a6b2e3560ba7bcaf60d1706fb986f8113fd97cf9ad71af
stream1,2348,wmt14_de_en,183,full,APRIL|AR|DEL|LayerSkip,3923652b4bc52804acd5643d3bbf979d8ef5c881e9ea2094ef11718f0231b3ca
stream1,2349,wmt14_de_en,184,full,AR|LayerSkip|APRIL|DEL,f021d7433109790f7733ce854467c1f396878b23e99b5682894ba858c77591bf
stream1,2350,wmt14_de_en,185,full,LayerSkip|DEL|AR|APRIL,7d4ca1c03465dd4e0ab36a8a80dc8a1b22d7402cf42fa1836276e5ba5247285a
stream1,2351,wmt14_de_en,186,full,DEL|APRIL|LayerSkip|AR,17ec48e6acde171877b464cd0fd21358ebebed17afde5b13e035a86f11406ea7
stream1,2352,wmt14_de_en,187,full,APRIL|AR|DEL|LayerSkip,b2c5346359f8fd8bb8ee6ff92a426760a234fe0c7a539405586d9b04ce443faa
stream1,2353,wmt14_de_en,188,full,AR|LayerSkip|APRIL|DEL,64c446da136cca4f2436d273049d55020f205f871c6124ba31a87c2ed0e29f7f
stream1,2354,wmt14_de_en,189,full,LayerSkip|DEL|AR|APRIL,0aa06c51ff8bb08ba3c033250fbf6028dfa8070e49bae599001d78e873d80fb1
stream1,2355,wmt14_de_en,190,full,DEL|APRIL|LayerSkip|AR,114b1a145fa2321309383f0bed177dc8b304e00db2786923e4757f7f3b9adbec
stream1,2356,wmt14_de_en,191,full,APRIL|AR|DEL|LayerSkip,644154e09cdbf353a81db77b2c0b6714b2176f2a0de663a7985629653d087b03
stream1,2357,wmt14_de_en,192,full,AR|LayerSkip|APRIL|DEL,68c2d6dfa1129d081db19acedc6393a90a73d7e13e7a9cbc5623e2d6398794ab
stream1,2358,wmt14_de_en,193,full,LayerSkip|DEL|AR|APRIL,1e7bf2247617d0977ceed23b713646397e5d0a6bdde28423a644368b07e752cc
stream1,2359,wmt14_de_en,194,full,DEL|APRIL|LayerSkip|AR,6b539570b018aeff283be740c91e1ae6b084d35e2583e07a8d9d952cf0a08f0a
stream1,2360,wmt14_de_en,195,full,APRIL|AR|DEL|LayerSkip,574754959e60b25b1254d288c6513f442fbeaa8d4f52367c82254ba8cc769bb7
stream1,2361,wmt14_de_en,196,full,AR|LayerSkip|APRIL|DEL,e8ebb287246a860b69b1e3e6837b297478fffb635731760368c324d53ea35904
stream1,2362,wmt14_de_en,197,full,LayerSkip|DEL|AR|APRIL,86fe971b92f45650777570ee36537348ed262a89e64a71bc6b19da9a8d419348
stream1,2363,wmt14_de_en,198,full,DEL|APRIL|LayerSkip|AR,6800460c6e27eeea34db4446d1eb61b2078d33c92f7484e942c9ed7c8cfec7f4
stream1,2364,wmt14_de_en,199,full,APRIL|AR|DEL|LayerSkip,7d0aad42ccf816e35df4e81988cdd334a9d28855f32f39e7be347f2375d2dddb
stream1,2365,wmt14_de_en,200,full,AR|LayerSkip|APRIL|DEL,d7f6669bda8e4016bca1a331680d99821c9be42fbf63b7ab14513fda96ca3567
stream1,2366,wmt14_de_en,201,full,LayerSkip|DEL|AR|APRIL,47db19c1a8d208a6980ea7f447a31ef0bc2d3d15c83062026062b2d8b69f26bc
stream1,2367,wmt14_de_en,202,full,DEL|APRIL|LayerSkip|AR,f99626c30274675db7ff0bd6d6e8c8877454fc748ef083351c1594d74acfa417
stream1,2368,wmt14_de_en,203,full,APRIL|AR|DEL|LayerSkip,c1896b3050819ef56004a9317d074209a04ec47ccf6547134362de1c2c08b1c6
stream1,2369,wmt14_de_en,204,full,AR|LayerSkip|APRIL|DEL,5f9c4a64ea3632df2cf3b5569ddb68a5b58486128d7bbbbaaed4a9e91c50efe5
stream1,2370,wmt14_de_en,205,full,LayerSkip|DEL|AR|APRIL,c1273fd9511adc897db3eb2e6fbdf1a81e64f9dbd8cc4bc27bc7337b5336f25a
stream1,2371,wmt14_de_en,206,full,DEL|APRIL|LayerSkip|AR,7440bcdefbe134f549174cbe04ec6286246f425864d7f2e08b5d1816f3472843
stream1,2372,wmt14_de_en,207,full,APRIL|AR|DEL|LayerSkip,53681543dac0772d43274ab5d27fd41c87b853a32926e3e1cede82549325b628
stream1,2373,wmt14_de_en,208,full,AR|LayerSkip|APRIL|DEL,e5dab24847c1ee05edafd7bab5e1b215235ecc9148669b43db8a00843c5dcf89
stream1,2374,wmt14_de_en,209,full,LayerSkip|DEL|AR|APRIL,e4a8da6370e817822d6185366a1c4ea8c6896369137312e43211896611338021
stream1,2375,wmt14_de_en,210,full,DEL|APRIL|LayerSkip|AR,56bf005819ccb219bf3ba7c37695333531b59031621e1ab67955941239526dc7
stream1,2376,wmt14_de_en,211,full,APRIL|AR|DEL|LayerSkip,524672d10c6f7a6141518b0a980aca7363d6340dae0f173257c127269cfba7e9
stream1,2377,wmt14_de_en,212,full,AR|LayerSkip|APRIL|DEL,ccb6c4c2cc6f094acddf7384991fe3be8f729fb2ca69d4c9d29c7a9faf36f1d1
stream1,2378,wmt14_de_en,213,full,LayerSkip|DEL|AR|APRIL,207606ca21d14baa56a1f16cbf149fe985d0a53d6888ca8baae7229c84df30eb
stream1,2379,wmt14_de_en,214,full,DEL|APRIL|LayerSkip|AR,78c3acd9d55221f4ece208522dd0995c7b083f2c76729ff71a1e54aa8f7243d4
stream1,2380,wmt14_de_en,215,full,APRIL|AR|DEL|LayerSkip,67fadc5f1b1950c79957266c83174412801c9ca611e3d4929f857c70877a512d
stream1,2381,wmt14_de_en,216,full,AR|LayerSkip|APRIL|DEL,41407937d69e5844817ef49bf3e6eedfe12cad06aa762d6f51c2c1daa5f00c18
stream1,2382,wmt14_de_en,217,full,LayerSkip|DEL|AR|APRIL,2fb6221ec58521cea3512811728521ae9a7460e1b24ae3e6f95255408d75a196
stream1,2383,wmt14_de_en,218,full,DEL|APRIL|LayerSkip|AR,861324fd886575c4169b39d96b35ef1235c29275f676b9c32428cc527d9fd569
stream1,2384,wmt14_de_en,219,full,APRIL|AR|DEL|LayerSkip,aa7fe06cc26b810f9e9d76c8fd196321151e672f9aaf32b767514cff0fa72889
stream1,2385,wmt14_de_en,220,full,AR|LayerSkip|APRIL|DEL,3c71b04c7bdc10ff0efae0fb4aebfb51d5c3e2bda905f3101dd77118322dc475
stream1,2386,wmt14_de_en,221,full,LayerSkip|DEL|AR|APRIL,96d2d2ea4bb7b22582af81cb98bdfb1599d941d5c07e25312b3e028a16ea004c
stream1,2387,wmt14_de_en,222,full,DEL|APRIL|LayerSkip|AR,f7bf67de55ac73eadac8cf55a04a69a80882a5512f5004943dbf0c9e3065210d
stream1,2388,wmt14_de_en,223,full,APRIL|AR|DEL|LayerSkip,216c995eb4aeb6f0c038be048bc8a608b08c3b02b17594dfa316685f31664941
stream1,2389,wmt14_de_en,224,full,AR|LayerSkip|APRIL|DEL,986e429d6f96277a63415cc8fffd159b9e6ad8d84c3dc035be245e734c4e8afe
stream1,2390,wmt14_de_en,225,full,LayerSkip|DEL|AR|APRIL,d7d47687df6e0215b9567490d74c0c011cb067c635d1be940958687e1e6324dc
stream1,2391,wmt14_de_en,226,full,DEL|APRIL|LayerSkip|AR,7dc0f576c14cac148913bcb9b1e9a21bb439b43d2ecc939f3718ff105e53835f
stream1,2392,wmt14_de_en,227,full,APRIL|AR|DEL|LayerSkip,a3bafd48f7d3c0832be174908e122384d0d2413532f4ba8da3f5de05088c2454
stream1,2393,wmt14_de_en,228,full,AR|LayerSkip|APRIL|DEL,e3c10601241fddfad63acc86856d6ec9bd6ac4c37429fb9e25ab49d68e12b1c9
stream1,2394,wmt14_de_en,229,full,LayerSkip|DEL|AR|APRIL,c117d42d5d9a56bcf7e8bd956ad6a506128a01e0f707b7f6aaead2ed01763fc6
stream1,2395,wmt14_de_en,230,full,DEL|APRIL|LayerSkip|AR,3eae2fbc3b1949e6f0638bc0ff6ec013462e577b84b7f70ea4b459c65efec0ec
stream1,2396,wmt14_de_en,231,full,APRIL|AR|DEL|LayerSkip,3a7fa08255b8f954aaf91f6ee0a98b04d6d80d1adb7715d9e72878f6730863b6
stream1,2397,wmt14_de_en,232,full,AR|LayerSkip|APRIL|DEL,1dbdca64e9640948bc213af5bcea62f091403306f5643bf3fac0d578a3b2589b
stream1,2398,wmt14_de_en,233,full,LayerSkip|DEL|AR|APRIL,d4ebe7388ba86bded958c2ef5096ad26a03433b58ff775df1a6dbaf78f333b98
stream1,2399,wmt14_de_en,234,full,DEL|APRIL|LayerSkip|AR,1d3b8e2cc09178720263b5342d38176b37c2fd81b4b761a3bc37ed9225528823
stream1,2400,wmt14_de_en,235,full,APRIL|AR|DEL|LayerSkip,68ae7468394c344442a8014390e102ee8a9f49d450664c06ae8d47107137231b
stream1,2401,wmt14_de_en,236,full,AR|LayerSkip|APRIL|DEL,4f5eeca2f9b79da1e309303d6c86c1d914310976b86c78e656314a8ceeb47d60
stream1,2402,wmt14_de_en,237,full,LayerSkip|DEL|AR|APRIL,74a7d6d3d113dbab508371ec62dfbe99aeb6ce0bc26c22852e8731be8f2800ff
stream1,2403,wmt14_de_en,238,full,DEL|APRIL|LayerSkip|AR,89b858246b6fe94e94aa525082db83d2bae61357f3aa4a92678eb3f0e43a1333
stream1,2404,wmt14_de_en,239,full,APRIL|AR|DEL|LayerSkip,75069e62b027aa4fa93fa905f6e6b64539af1683669aef8e6b5f55aedb8ffce0
stream1,2405,wmt14_de_en,240,full,AR|LayerSkip|APRIL|DEL,611c60ef4a4dbcc8ffd64e10b55695f0ae2fc0200a857526b444b080731715ec
stream1,2406,wmt14_de_en,241,full,LayerSkip|DEL|AR|APRIL,e0e1fbf4104843491786d7141a5121b3c002b6436620527d289094ef96195c69
stream1,2407,wmt14_de_en,242,full,DEL|APRIL|LayerSkip|AR,37a5e60137169813ca1c2c589296946a1c92ae39d4033feab7ee9912d733fc2a
stream1,2408,wmt14_de_en,243,full,APRIL|AR|DEL|LayerSkip,abcc038319a790870cd392ed3d8b6b182620f3bf1a1e095cb8041b93e9fc87c8
stream1,2409,wmt14_de_en,244,full,AR|LayerSkip|APRIL|DEL,43d13e3f3439b569bc9f97162a98236a4df1c648f14132b0240c07aa0407e877
stream1,2410,wmt14_de_en,245,full,LayerSkip|DEL|AR|APRIL,fabb63f70ac9c2b609c92130ead5db3b014a8ca0054006762859876173af7161
stream1,2411,wmt14_de_en,246,full,DEL|APRIL|LayerSkip|AR,4465cb6bc166e7ab4af58114e540827cc2376c343961adba3b1a6ec917e0402b
stream1,2412,wmt14_de_en,247,full,APRIL|AR|DEL|LayerSkip,9ffe5ff8970f768de086ef605d9aee18a27ce08dd23561180e908d9b9d4676c5
stream1,2413,wmt14_de_en,248,full,AR|LayerSkip|APRIL|DEL,f9a7126cdb543f6555bd9b3313ea1e1f3770db3606fa289b44d6e9c5c884ab0b
stream1,2414,wmt14_de_en,249,full,LayerSkip|DEL|AR|APRIL,14af0b04bb8ff7130f9895e828e6b660dfff79dd3fad1f600bd11cef3be77ec3
stream1,2415,wmt14_de_en,250,full,DEL|APRIL|LayerSkip|AR,4cefc54a69192e34cc95dd5dbe360a163a9246d4947c1610f220d99ff829ea43
stream1,2416,wmt14_de_en,251,full,APRIL|AR|DEL|LayerSkip,cf892677b113803f8f2fbadb4791688caaa1199a8457dd2981c1755b4adb2e68
stream1,2417,wmt14_de_en,252,full,AR|LayerSkip|APRIL|DEL,3fd209c26a62b49e861a8ed1371b14a80a4e9d09e738fa7f782ce5a83b38c888
stream1,2418,wmt14_de_en,253,full,LayerSkip|DEL|AR|APRIL,98e3b40627db2e2343504c71b5b7784ba09829f61026a5cab198bbbccfcc03c1
stream1,2419,wmt14_de_en,254,full,DEL|APRIL|LayerSkip|AR,6d3096abeda4a374889ee9e4abb6c2925a2d5f4022393074d5fd48c7b7ac8aa1
stream1,2420,wmt14_de_en,255,full,APRIL|AR|DEL|LayerSkip,5e5190b24313b14b9fc19d0c99b6bb30440b6bf99779aff9b6513f259c06dc3b
stream1,2421,wmt14_de_en,256,full,AR|LayerSkip|APRIL|DEL,3680f473af05733a0b704df151dbade96a5631d2e3d3a401a3036cbb1a96642d
stream1,2422,wmt14_de_en,257,full,LayerSkip|DEL|AR|APRIL,b3e7c17da8bc24f26e6a98ebeb55dbabc6913233b1811811992f11563074e407
stream1,2423,wmt14_de_en,258,full,DEL|APRIL|LayerSkip|AR,ce122bfae370dd373420ee261d268e54d88843d9eaf524a134d1b3de7ca5ad75
stream1,2424,wmt14_de_en,259,full,APRIL|AR|DEL|LayerSkip,c467dc0b381d38acc72a3ece0b9a5b234bc2e068def0aa8361369ce3b86ccae9
stream1,2425,wmt14_de_en,260,full,AR|LayerSkip|APRIL|DEL,0f66983da6043c0339a3fb5c4929b11a9a13fd47f412a6f20d87751c8dc19379
stream1,2426,wmt14_de_en,261,full,LayerSkip|DEL|AR|APRIL,780c66bbd301e6bb1d776f50ef778c762f091008a04bb0695f54f4e703aeadc3
stream1,2427,wmt14_de_en,262,full,DEL|APRIL|LayerSkip|AR,4467b5680e4f717a251565db6d52124eedd632b8c2f86cce705a6e0d632bc614
stream1,2428,wmt14_de_en,263,full,APRIL|AR|DEL|LayerSkip,64ca38436e535ce721f170588c1080477d854d73c0830b5f92f6c0db3178e44a
stream1,2429,wmt14_de_en,264,full,AR|LayerSkip|APRIL|DEL,b886deab89e5535fcb37b356148f23edc069ee87a0a66808b45c2c3fc7e64d5d
stream1,2430,wmt14_de_en,265,full,LayerSkip|DEL|AR|APRIL,555a14c658714c7d7ec1791f7ae5e6a219681a0ec4fa2756097dc6bc335ca281
stream1,2431,wmt14_de_en,266,full,DEL|APRIL|LayerSkip|AR,f0ac3319525b993661732974f22a1dee24cf4084816ad0d9aa76ae6a0f87fa66
stream1,2432,wmt14_de_en,267,full,APRIL|AR|DEL|LayerSkip,4db00e3c67656b01407d6d559fe68dff03a59104a4e77f82556871f53ba76de2
stream1,2433,wmt14_de_en,268,full,AR|LayerSkip|APRIL|DEL,893921b64705a267d0de2d7d1e7e9e033e477332d9a0cdb1f55db732a23c3a1d
stream1,2434,wmt14_de_en,269,full,LayerSkip|DEL|AR|APRIL,b9908cc64bfaff028d2a7e11776c635fd24b1f15f770706b7d50240402633cdc
stream1,2435,wmt14_de_en,270,full,DEL|APRIL|LayerSkip|AR,f9dbfa40d6260add03a16b621897a25a6a9efc31cc38cf376d19e56ce0dd0ed1
stream1,2436,wmt14_de_en,271,full,APRIL|AR|DEL|LayerSkip,d2f3b024159cbec2a1dadd3456fbf50c73d3ee30facefe55bcff83a53a2c0485
stream1,2437,wmt14_de_en,272,full,AR|LayerSkip|APRIL|DEL,10bcdab94050264e36fa7e2be2ec99cafdb878b8f34609d53dcb354bd2e1cff1
stream1,2438,wmt14_de_en,273,full,LayerSkip|DEL|AR|APRIL,c9d84e142ec3adb1acf6907579b20f0c0408bb5db7cf731e7d7ea549725c48c0
stream1,2439,wmt14_de_en,274,full,DEL|APRIL|LayerSkip|AR,49ba58d2fc613f74a2e4dae8ab6f6502ac2674e2434df118efdad3cf7fce7964
stream1,2440,wmt14_de_en,275,full,APRIL|AR|DEL|LayerSkip,ff332f7dab2d6984db3dd7f2394a694ed43d17cf708cdece811f82a4f9c5f0fa
stream1,2441,wmt14_de_en,276,full,AR|LayerSkip|APRIL|DEL,e351b8e6df29dc1b44356cdd78ac575f995b4fa73c1eb2110509e74390de9f16
stream1,2442,wmt14_de_en,277,full,LayerSkip|DEL|AR|APRIL,5e57deae0582dd77d4022a9dc61baf25061135279dd766b15a0088fe848552ec
stream1,2443,wmt14_de_en,278,full,DEL|APRIL|LayerSkip|AR,5968024f0d1c4f41641019270cae8e8dd31f3263c434966e4d8f23ceb7f157cb
stream1,2444,wmt14_de_en,279,full,APRIL|AR|DEL|LayerSkip,20ff1626208c923cfd69f139cd4646a45dd1a533c55bdef2100af69f41b16a7e
stream1,2445,wmt14_de_en,280,full,AR|LayerSkip|APRIL|DEL,5725ef51dc5abeed607a78c4e7ecd118922a3357a9354d3537d81f90101b2e9a
stream1,2446,wmt14_de_en,281,full,LayerSkip|DEL|AR|APRIL,a86851480a1ce608f4307b3598882d304e1cd1e9198e6ee8f4db1366e00e804e
stream1,2447,wmt14_de_en,282,full,DEL|APRIL|LayerSkip|AR,942333c87521de58fa4d72443dd51cd5492bcab9bf869853b858e5126b3ddd65
stream1,2448,wmt14_de_en,283,full,APRIL|AR|DEL|LayerSkip,723ef26d8f80d2bc8e788efff13844efe6bcdc9862bcfefed7dcc6d9a220ac8c
stream1,2449,wmt14_de_en,284,full,AR|LayerSkip|APRIL|DEL,262812c6b73955a6e1ab55428c0d0c4135fa630906a0905560339df65df9f742
stream1,2450,wmt14_de_en,285,full,LayerSkip|DEL|AR|APRIL,ef516dece59935700ff5d9bb7345c2a3ff8511752f1e5cc06d188fd1f9ab641e
stream1,2451,wmt14_de_en,286,full,DEL|APRIL|LayerSkip|AR,71daf610fa5d8acb625ee285c5759ec7ac5d071c9cf05d770e2f1372a2179aa1
stream1,2452,wmt14_de_en,287,full,APRIL|AR|DEL|LayerSkip,8b24fc35ee813591be8cb3b19b6b95424d5ab1979f4d412ab962f9e02d9ec799
stream1,2453,wmt14_de_en,288,full,AR|LayerSkip|APRIL|DEL,c3154c7cbd8c8bd88aa3c4c8d616bbc4c36811e3596cba49828354799a7f98fb
stream1,2454,wmt14_de_en,289,full,LayerSkip|DEL|AR|APRIL,e3ede8c1aff08c1f0689aea165368443d878204187c69c6aff02a481c09f48f9
stream1,2455,wmt14_de_en,290,full,DEL|APRIL|LayerSkip|AR,2dcddb3d146a2ec28550ad9ec3235f10c3b5e64b96e7021e39566f04e542d764
stream1,2456,wmt14_de_en,291,full,APRIL|AR|DEL|LayerSkip,39bcf7175a1e69acb917168719f0a6b95eca93b4d78e05878a3cf574a4a8f535
stream1,2457,wmt14_de_en,292,full,AR|LayerSkip|APRIL|DEL,93fc5c32af61d309aa57e462adacbcd6cc7b12ad2e4b4f828549d1b59ac0df26
stream1,2458,wmt14_de_en,293,full,LayerSkip|DEL|AR|APRIL,23f666a72c5b2a9a38e0899bd545441b52f6d798d9a441783ddb76c3caad2792
stream1,2459,wmt14_de_en,294,full,DEL|APRIL|LayerSkip|AR,6d63006a23d8ff642631cfecd9b1ea3f5a07257756c4f09a32fcbcdbbd179d14
stream1,2460,wmt14_de_en,295,full,APRIL|AR|DEL|LayerSkip,1194998fae4f1b1822b8fb630b365862aa43f2d4d154e965e1ee617a1009d3df
stream1,2461,wmt14_de_en,296,full,AR|LayerSkip|APRIL|DEL,8e128d5d4fbae54d29affcee86c9560bfae21d2ada2919c7e2be44d49596e09d
stream1,2462,wmt14_de_en,297,full,LayerSkip|DEL|AR|APRIL,cc30585cc565cefe6cc4b874c1b9712689e98015f8d7f201a232df3817bf502d
stream1,2463,wmt14_de_en,298,full,DEL|APRIL|LayerSkip|AR,88e9e70e852cfbfc516d40c98a87c8af5674c074d0ad65be95b0fa035026febb
stream1,2464,wmt14_de_en,299,full,APRIL|AR|DEL|LayerSkip,c96df4898b0952e592d9d6822bfe5b39570facf67e16c799b45cd2663fcad532
stream1,2465,wmt14_de_en,300,full,AR|LayerSkip|APRIL|DEL,7994e8bde29638fde4ae9d82fde3a7d7f100adf5db310c2e32092c1192c28698
stream1,2466,wmt14_de_en,301,full,LayerSkip|DEL|AR|APRIL,5afdf8ff564e7d967d2ba574213abf8c1681ba70ea89cf0be38eb017a64f5073
stream1,2467,wmt14_de_en,302,full,DEL|APRIL|LayerSkip|AR,5d4a66e61d3c3f1c2dbc4a2c9cc9b33e6630e66abea2e9a4a04b3c5b91ec7930
stream1,2468,wmt14_de_en,303,full,APRIL|AR|DEL|LayerSkip,28b8d0daa55538bde6f158d849b788125ebe738cee33c4b42cf2ddfa2fe7426b
stream1,2469,wmt14_de_en,304,full,AR|LayerSkip|APRIL|DEL,d3a975f3fe2b9bd6c7f6b342fbaca97725c3a7533cedddb5c780ba5aabdd6d25
stream1,2470,wmt14_de_en,305,full,LayerSkip|DEL|AR|APRIL,5b24c6111dc7e093c60a12544c976f8030a92eb559a5007022f33ea91c239c33
stream1,2471,wmt14_de_en,306,full,DEL|APRIL|LayerSkip|AR,0d42c96fa095d1ee4cf15f16f8654141f17cb9ed90f3e1576b8780f48edc14c2
stream1,2472,wmt14_de_en,307,full,APRIL|AR|DEL|LayerSkip,bce02b7f0038fec9241585a67716e7152cc6c645e51846bd6748ef29aa56f0fd
stream1,2473,wmt14_de_en,308,full,AR|LayerSkip|APRIL|DEL,af30f95f6fa5f91609e6ce2e44f2b6ec9599d343f60d854c97d22bb0362058de
stream1,2474,wmt14_de_en,309,full,LayerSkip|DEL|AR|APRIL,16444f5ff087e3bc0e78670f0a76d5bab68c186a77c3e9c4242cf50a243a509a
stream1,2475,wmt14_de_en,310,full,DEL|APRIL|LayerSkip|AR,945c36e3dfef3f18fc4ab430e9df8976b7e7fe9191968e1f8ac30be0ca83cf10
stream1,2476,wmt14_de_en,311,full,APRIL|AR|DEL|LayerSkip,47318949855b0f8bc096b37ccf87ff0f8d64ba45a97117ac6420e637470fb8d8
stream1,2477,wmt14_de_en,312,full,AR|LayerSkip|APRIL|DEL,3646103d0345e7bee109dc0af37da74f4cb89736b77434a6fc36c90533561095
stream1,2478,wmt14_de_en,313,full,LayerSkip|DEL|AR|APRIL,1b804bdddd81762ceecfaf1307ce0ff3bcf54f22b52bdf092c2637fe99f7889f
stream1,2479,wmt14_de_en,314,full,DEL|APRIL|LayerSkip|AR,7ed6a00bee497fce6970d7bb0b496980ff33d64712f05419f3d063017dd03269
stream1,2480,wmt14_de_en,315,full,APRIL|AR|DEL|LayerSkip,d9c13dcb5bd0521889cab71a943f67f4b453b3e40f3cdf60cd2edf2061a00710
stream1,2481,wmt14_de_en,316,full,AR|LayerSkip|APRIL|DEL,984a49dbf585d81be9dea65ed2e60b2b86f4fc9fbd7f4661a40fd6a674ed5905
stream1,2482,wmt14_de_en,317,full,LayerSkip|DEL|AR|APRIL,3e4c71be20622567a697a366679c392321e67e57e2ed4855db412b59b32cf52c
stream1,2483,wmt14_de_en,318,full,DEL|APRIL|LayerSkip|AR,c91b291be9f4cc74f4a910d9b63ed65f83b493f760ee7261cc1f52bdb9805bda
stream1,2484,wmt14_de_en,319,full,APRIL|AR|DEL|LayerSkip,f524d817376567a44f006aabb2091e1f9e0d13954f27985caa64340d93bed7c5
stream1,2485,wmt14_de_en,320,full,AR|LayerSkip|APRIL|DEL,000405600e9c5185b8edf4e089836dc7b33c01b53088afd1a67492c82ada5d02
stream1,2486,wmt14_de_en,321,full,LayerSkip|DEL|AR|APRIL,7990549c64696af4cea580577f4b70e93b9c584740de7b21d2d88e4b262b1819
stream1,2487,wmt14_de_en,322,full,DEL|APRIL|LayerSkip|AR,0270b0f18fa806d06b4454680f1277d30f529950d36e4ec6cce4c031b14e7a9e
stream1,2488,wmt14_de_en,323,full,APRIL|AR|DEL|LayerSkip,3fe220d873ea6bce7b070c7ee352a2ef7c28c4ff33c2b4b02f72391999ad3f40
stream1,2489,wmt14_de_en,324,full,AR|LayerSkip|APRIL|DEL,e23a990ef9240c6020430f23271b6dc22a40ad9f8591de5e08ed8899023a7882
stream1,2490,wmt14_de_en,325,full,LayerSkip|DEL|AR|APRIL,b8050eccf4a1deb5873782f13a868b9a8ad0ab0b77fb21b320f9221f01bf476c
stream1,2491,wmt14_de_en,326,full,DEL|APRIL|LayerSkip|AR,ef03d366054d027e918562e8afb7ab842f55ff64831a56c6983292fb93a1bff2
stream1,2492,wmt14_de_en,327,full,APRIL|AR|DEL|LayerSkip,041118cbc40a286f6d00c6f27d1b28c603be7b52b8654dd76521049e95cfb746
stream1,2493,wmt14_de_en,328,full,AR|LayerSkip|APRIL|DEL,9015448068a4a4efda92e7994c6f6aea8fbf9b1b691ac79f9999c555b06b7e6f
stream1,2494,wmt14_de_en,329,full,LayerSkip|DEL|AR|APRIL,ee5ae5483fe409a42b327e7e250aeb0dfc2f1a9bbd7760b06f1118a02f16ab90
stream1,2495,wmt14_de_en,330,full,DEL|APRIL|LayerSkip|AR,4bce366757c80c36b2fbc3770e549d2e1ae4b38478f54e641b3f2d72e7255c7c
stream1,2496,wmt14_de_en,331,full,APRIL|AR|DEL|LayerSkip,ef22307f71e1d4c3131aa95dd79c2a24cd5b7f5ef6f12a45f4c19e413a16f27c
stream1,2497,wmt14_de_en,332,full,AR|LayerSkip|APRIL|DEL,c192c994c2da926cdd9d009b8f347398316a8cb9820ab6aff878912a1cb159c0
stream1,2498,wmt14_de_en,333,full,LayerSkip|DEL|AR|APRIL,0d1dd5f9280280cbb93924b931ddf83c693fe07a644ddff415c5f3707e20f557
stream1,2499,wmt14_de_en,334,full,DEL|APRIL|LayerSkip|AR,de79b814d0fd26f8b2bc1a4619b38a1d6b830772d30c6c0d9c0c226864fc2bac
stream1,2500,wmt14_de_en,335,full,APRIL|AR|DEL|LayerSkip,0348f9d889b47b4c6f07157dc9acc944352af04dfd408f31dc14a7cb78ac6e16
stream1,2501,wmt14_de_en,336,full,AR|LayerSkip|APRIL|DEL,849b1d28789f3e23a5020fb9f45a56dd56deb21907468a465e72cec0e4ebe05e
stream1,2502,wmt14_de_en,337,full,LayerSkip|DEL|AR|APRIL,99cdea1c6fb6d3705a946276b52d4052af4ae19a56c37b27cdd3c1b2d5f67919
stream1,2503,wmt14_de_en,338,full,DEL|APRIL|LayerSkip|AR,d568e504bd806d827abe0bf7d0fb612a63667f9b9e56619868edfadc1c8a6598
stream1,2504,wmt14_de_en,339,full,APRIL|AR|DEL|LayerSkip,93241d405d4f0261b16fd0508b8efc5aa2614b340f0b057a78e0b5eab201cf83
stream1,2505,wmt14_de_en,340,full,AR|LayerSkip|APRIL|DEL,230f2605f82011feae4f58a3308e0bef8cd638e9e5a277ca6a80cfb6f1a9e2b9
stream1,2506,wmt14_de_en,341,full,LayerSkip|DEL|AR|APRIL,850ce66ffc0a14a8e15af50a3a07781a8e3ee1b729f032a8ee031100d1648616
stream1,2507,wmt14_de_en,342,full,DEL|APRIL|LayerSkip|AR,e6a974a091a546d09769a1f873988497c20f96964ca002d4d287130c7cc61475
stream1,2508,wmt14_de_en,343,full,APRIL|AR|DEL|LayerSkip,07a39f386338122cd085f16dfa068d6a615001b4516b35168da0eb127f097fc1
stream1,2509,wmt14_de_en,344,full,AR|LayerSkip|APRIL|DEL,f1f9d1ee48263fc6cabb825dc536a15f716f499d75e69a2f6788a7ab999f6de5
stream1,2510,wmt14_de_en,345,full,LayerSkip|DEL|AR|APRIL,01b1af59747489fa2acfaac7252293ac753c91a7d95316c5ff824357edf0ec86
stream1,2511,wmt14_de_en,346,full,DEL|APRIL|LayerSkip|AR,c60e5a1c1937e03ca7969f16313d7c04282ffebd59fb7f6d66fddb100f2ea372
stream1,2512,wmt14_de_en,347,full,APRIL|AR|DEL|LayerSkip,2d6384392ac0b8fcaee4fafa80f3eff0e04136c4ed8ab37a9a9af7faa3f4d736
stream1,2513,wmt14_de_en,348,full,AR|LayerSkip|APRIL|DEL,4757d6c2d61ac5c1a09317a19021e14d2d2878146d8fc66f8fb57e7915b98503
stream1,2514,wmt14_de_en,349,full,LayerSkip|DEL|AR|APRIL,db95c90187456347c13edc4569e0511899aaa523bff204770acdaba1094beffc
stream1,2515,wmt14_de_en,350,full,DEL|APRIL|LayerSkip|AR,0d18e882e963607974685dfe86038ed6643a8a7e04fb0ba46378ce495e78dffe
stream1,2516,wmt14_de_en,351,full,APRIL|AR|DEL|LayerSkip,e81e82f321bbac8d732f8b970184eaa23637863bef690d5cd9eec401471e8a59
stream1,2517,wmt14_de_en,352,full,AR|LayerSkip|APRIL|DEL,de8e8c5ae3ef8c842916a9a0caa8f6063f32b4b885908fecc174d2669acc175f
stream1,2518,wmt14_de_en,353,full,LayerSkip|DEL|AR|APRIL,32492cac637e5ce3df0ba061edf928d46057d5ddb1e8f489f4d7135fc21654b7
stream1,2519,wmt14_de_en,354,full,DEL|APRIL|LayerSkip|AR,c6596838c173591497180a8e63d071d5ff448611203237c3d9f739ec19b9b03f
stream1,2520,wmt14_de_en,355,full,APRIL|AR|DEL|LayerSkip,55a526376c194861c0cd400d495770024d243d938542426fcbf63ced4ea76a89
stream1,2521,wmt14_de_en,356,full,AR|LayerSkip|APRIL|DEL,dd3cc1d82c7f8291ea8a8728df13db539325e4de1bb70d535f82d13d67db860a
stream1,2522,wmt14_de_en,357,full,LayerSkip|DEL|AR|APRIL,cf85e09c9dc21c9f8c38c8ecc49d8ac5a50c0e44d69779583ecf98ad713046e1
stream1,2523,wmt14_de_en,358,full,DEL|APRIL|LayerSkip|AR,28d44f024c21530b57117b4e3c65cc9684e7f871b7bc655329f5c0f14664ec16
stream1,2524,wmt14_de_en,359,full,APRIL|AR|DEL|LayerSkip,1e9b13af7828773aaa4d38c588e92656c7f34442f70d0dc3600e79fb51233d8f
stream1,2525,wmt14_de_en,360,full,AR|LayerSkip|APRIL|DEL,0309f3f163177312c7d64f5e3de4e25297c6fbc5f17c186085196b9d13a85bb5
stream1,2526,wmt14_de_en,361,full,LayerSkip|DEL|AR|APRIL,b7718d63ed80cef69bd3b142f8047a2dd947d9351e67c47da595726708283bb3
stream1,2527,wmt14_de_en,362,full,DEL|APRIL|LayerSkip|AR,c37806d13e8fec1248775058f17809f402014e11a993edb0bd8498abc2c8c417
stream1,2528,wmt14_de_en,363,full,APRIL|AR|DEL|LayerSkip,967303d8de5c0a2cb875d89d82be7463775b57788bc4456169a86b1d7ed40f4f
stream1,2529,wmt14_de_en,364,full,AR|LayerSkip|APRIL|DEL,62a2819db6d4d9709b4fb7c46e8178e3ce8624418bfc20fefc9727f6cd1061e5
stream1,2530,wmt14_de_en,365,full,LayerSkip|DEL|AR|APRIL,75d34e74e29b5d3e2f588bc78fd6eda4ef29a3b97a0c6256f0628d8dd93c6314
stream1,2531,wmt14_de_en,366,full,DEL|APRIL|LayerSkip|AR,946301f16b8bbacbcb727fcb2cdc582667b9e16a3f4494fa095ecf3f735a8a29
stream1,2532,wmt14_de_en,367,full,APRIL|AR|DEL|LayerSkip,d1dbebc3903df827f33c0d5c91c16458d48d94addc683199a503afa579d5235c
stream1,2533,wmt14_de_en,368,full,AR|LayerSkip|APRIL|DEL,8e94bc1d518d8de51b52c364511b8d7f10525e22352f2a1481a4316390c0c3dc
stream1,2534,wmt14_de_en,369,full,LayerSkip|DEL|AR|APRIL,095d473cbc0f724c3085fadc9621229c95d5d606d45a8c1632198a23d5461d5c
stream1,2535,wmt14_de_en,370,full,DEL|APRIL|LayerSkip|AR,7e83bd817f1a3d081d97682c2139ca9739c9788fbc038ddeb3e2b4ab9c4460f0
stream1,2536,wmt14_de_en,371,full,APRIL|AR|DEL|LayerSkip,ee129a8f895b181daa8115624c57ab85fd7ac7b0f23098344c0147ea5ad7e395
stream1,2537,wmt14_de_en,372,full,AR|LayerSkip|APRIL|DEL,49361984bcdf5ac01022a7f7c186a01ed6a7139540cd10581667eba9b2cf63ca
stream1,2538,wmt14_de_en,373,full,LayerSkip|DEL|AR|APRIL,74dc43e8953267b469ab3d0dd38c29a71c1bf98108ec5eee8f4881a88209e3ac
stream1,2539,wmt14_de_en,374,full,DEL|APRIL|LayerSkip|AR,4f6b26484c19ab1ce0a7ee7648ac5e7f46f9bf787ba843f08382e41c87c5007e
stream1,2540,wmt14_de_en,375,full,APRIL|AR|DEL|LayerSkip,64b8b00adb5586ad946d1f5acef2989ea501c3db013e11abdfa8dcc23268a463
stream1,2541,wmt14_de_en,376,full,AR|LayerSkip|APRIL|DEL,e1081fe8c95f66c29725682a887b7a9ed9673a442daf040f357a90129e17bde0
stream1,2542,wmt14_de_en,377,full,LayerSkip|DEL|AR|APRIL,ccd8a9dc604189152c549dab8d4f478822f3f706b5445b362e2bb08024ad0099
stream1,2543,wmt14_de_en,378,full,DEL|APRIL|LayerSkip|AR,3527420be2f186fdf43ecc5a2e432b08e3421aa2b9a03c833915b9ed296e0388
stream1,2544,wmt14_de_en,379,full,APRIL|AR|DEL|LayerSkip,1daac192efd4e719564b4b3e10e4d6e97cb6884141deb451e280dd90b641919e
stream1,2545,wmt14_de_en,380,full,AR|LayerSkip|APRIL|DEL,7e2e1489e26152c7bae1ce10981f61d5dc0216b1cc0a802b54a34f48cc460938
stream1,2546,wmt14_de_en,381,full,LayerSkip|DEL|AR|APRIL,b57a1f510644ef43871b1a1cf2f7dbbd3b9089ee445bb9fd2da4e5b6eeeacba5
stream1,2547,wmt14_de_en,382,full,DEL|APRIL|LayerSkip|AR,749c462c0993c7f56bc2416dd993f39fb1cdb79c780e0d7bc7aab97ca96dc5d1
stream1,2548,wmt14_de_en,383,full,APRIL|AR|DEL|LayerSkip,6fd266806d5c5c17ca37e4e9785d64db1840f4137571188c8484c457b6bcd7be
stream1,2549,wmt14_de_en,384,full,AR|LayerSkip|APRIL|DEL,926a580f3a6f8f2c345bf01b3ef5f58098264a7ee92de1e2977ba4a9e9447c4f
stream1,2550,wmt14_de_en,385,full,LayerSkip|DEL|AR|APRIL,6591ee63537415cca529181e41a1ea6243486463a62a605c37c8a1ae8d9a1b0f
stream1,2551,wmt14_de_en,386,full,DEL|APRIL|LayerSkip|AR,e5bd5e254be70e6613c4c3aa3b908ebe28e4ab226489cc2753a9187755ce58fe
stream1,2552,wmt14_de_en,387,full,APRIL|AR|DEL|LayerSkip,701b0aa061430044046f7952f512503de99825b07dd57c5a016fa07591bc7d92
stream1,2553,wmt14_de_en,388,full,AR|LayerSkip|APRIL|DEL,7a60016ed23ba35324d572d0b9242bbce9ddb488ab8beead3c6e62bd89c179ef
stream1,2554,wmt14_de_en,389,full,LayerSkip|DEL|AR|APRIL,6eecf69251e6275c075e73f7409f61ef15b19ff35da6c0abc6195a7a82459b4b
stream1,2555,wmt14_de_en,390,full,DEL|APRIL|LayerSkip|AR,23547a68d8118c4b710e310ac9be479a10bbf648965fea682f1a03c99cab8ef6
stream1,2556,wmt14_de_en,391,full,APRIL|AR|DEL|LayerSkip,038f1bc4bde372d139b2706b9c1ddafedc17ea1c71165ede37a97cd014c71bbe
stream1,2557,wmt14_de_en,392,full,AR|LayerSkip|APRIL|DEL,5b48a8fb901ac4727312cb52e50773c1e54e9219fea3ce7355bd9673d598197d
stream1,2558,wmt14_de_en,393,full,LayerSkip|DEL|AR|APRIL,88ea24727f697bc234690c83a62d0a19646a6fc891e5d78413c51325a669d864
stream1,2559,wmt14_de_en,394,full,DEL|APRIL|LayerSkip|AR,a1dbed8ca37633cf8c9085e87bd6a28726e62b9eeaaf2b0d356c907db35bfbbc
stream1,2560,wmt14_de_en,395,full,APRIL|AR|DEL|LayerSkip,70a0d037ece27b048aaef8de4c085150e1c9a3fae3fb79358f53324d613b59e7
stream1,2561,wmt14_de_en,396,full,AR|LayerSkip|APRIL|DEL,43cda8b0cd22d458526aaa772341f7b28bd5b281e5d5f1fc15572a73d81cce65
stream1,2562,wmt14_de_en,397,full,LayerSkip|DEL|AR|APRIL,6d044909a54aa3f4d8c6271259902fd94f5ce4ec59d233a160c57a45602fdb9e
stream1,2563,wmt14_de_en,398,full,DEL|APRIL|LayerSkip|AR,5c37b213fcc2886e2c5121b8c7800e21eb82524c555506c02d374ebb53e6ac1f
stream1,2564,wmt14_de_en,399,full,APRIL|AR|DEL|LayerSkip,fc29151d60d3263a943a6cdb347a0eb662fa7e252cc25e9b9602a20e146c78a5
stream1,2565,wmt14_de_en,400,full,AR|LayerSkip|APRIL|DEL,2b7348155012aadf6aca0bcc9a48d75d235c231fe2548b27882587c4c0ffe36f
stream1,2566,wmt14_de_en,401,full,LayerSkip|DEL|AR|APRIL,757bf4ed9865054c1bc83086a979256788b2629227fb7383278179b404595dbf
stream1,2567,wmt14_de_en,402,full,DEL|APRIL|LayerSkip|AR,351ddfa49735de0e0d0fdcbac1447033a012cd14368a2fed27fc5b2168edc967
stream1,2568,wmt14_de_en,403,full,APRIL|AR|DEL|LayerSkip,13cce906735db9e0810d254da72102b49fc0019a7a37691f1b29059a90da7205
stream1,2569,wmt14_de_en,404,full,AR|LayerSkip|APRIL|DEL,7c68f48a67eaa27e13fce9e8646e0cadc444148b0f9abba6b6e7f170edf4881b
stream1,2570,wmt14_de_en,405,full,LayerSkip|DEL|AR|APRIL,f37c12163f1ca8b530cdffefde99b24fece0d9eab9afd513ee8c52a9607395cb
stream1,2571,wmt14_de_en,406,full,DEL|APRIL|LayerSkip|AR,859f56febf6f5540f37d823ee66fb7c8a36a75db376bff90a60ba19a09b74ce0
stream1,2572,wmt14_de_en,407,full,APRIL|AR|DEL|LayerSkip,c54b7e1c58efa4ef578d95cea202097b5d96bbdd832fe8f9161f7d41b04a2047
stream1,2573,wmt14_de_en,408,full,AR|LayerSkip|APRIL|DEL,08c99aadd391383f8f10c9437dfffb44d3c232b29b37b153e9dee38db1a45410
stream1,2574,wmt14_de_en,409,full,LayerSkip|DEL|AR|APRIL,cb55f3a2db8595deef965f03e0fd1e2c61cb72bb4355787c5f4d1743cc4c8b14
stream1,2575,wmt14_de_en,410,full,DEL|APRIL|LayerSkip|AR,e5565de453dd3a60a165fc16238182aa7b15368065cf0656a6c7d17005bb82c8
stream1,2576,wmt14_de_en,411,full,APRIL|AR|DEL|LayerSkip,526e9bff85cb4fb4e2dad4fd16ff6f0a3f9f6d4c699e5d0bf7dd10bfcb0830ed
stream1,2577,wmt14_de_en,412,full,AR|LayerSkip|APRIL|DEL,3c1f1aa6acb61b2caa216faa4d2f3a14320807f5b9c95181179b8da62a2ce16c
stream1,2578,wmt14_de_en,413,full,LayerSkip|DEL|AR|APRIL,4c8bb1e16d9df1fe549dcb5cedde560bda095de8ddd26dad887561defe9fbd14
stream1,2579,wmt14_de_en,414,full,DEL|APRIL|LayerSkip|AR,1f29386e3be83aa13daf0b83ad457cf933ee47a728d788699741ead63059f33b
stream1,2580,wmt14_de_en,415,full,APRIL|AR|DEL|LayerSkip,83652749fece887cffe34b23f0bc3c8fefa689e57fde25f59ad9d2735d69589f
stream1,2581,wmt14_de_en,416,full,AR|LayerSkip|APRIL|DEL,076c0960b63b66d87e1fcc0e5f76a07d2df355488dfba471afb49a56c62bf048
stream1,2582,wmt14_de_en,417,full,LayerSkip|DEL|AR|APRIL,50742d72926cbf997cd0798429f32cf0de24553380c4b2d355b3ff10098266ed
stream1,2583,wmt14_de_en,418,full,DEL|APRIL|LayerSkip|AR,5967a52eb16d21072b7913999482290ba7f3dde9d4886292b91a23feda594d73
stream1,2584,wmt14_de_en,419,full,APRIL|AR|DEL|LayerSkip,fe1bfceb56e43847115ca575dd37a5af2402433ce8175a2ccfb41083dc1eae41
stream1,2585,wmt14_de_en,420,full,AR|LayerSkip|APRIL|DEL,821615dfeee19eade29cd49850a730d4fe7023d4ec2da86d73c88391803a97d9
stream1,2586,wmt14_de_en,421,full,LayerSkip|DEL|AR|APRIL,9f2d6f31639b35dbf11d62a416328ef79feed8daa4f48e0f016c6357836f4b71
stream1,2587,wmt14_de_en,422,full,DEL|APRIL|LayerSkip|AR,008bb47d5ec5a921d007046ce0eb7cb0c7a799041f9ed6448ae4fc728f916768
stream1,2588,wmt14_de_en,423,full,APRIL|AR|DEL|LayerSkip,7a0e5881d14a427725fd8c40fb26d995551de2ce4c58df6a92454e492d40ae3a
stream1,2589,wmt14_de_en,424,full,AR|LayerSkip|APRIL|DEL,bf4ae70aaf075e59cbb27f3e6d2c2cd1e1a53a972a2603709d0fb7a91592577f
stream1,2590,wmt14_de_en,425,full,LayerSkip|DEL|AR|APRIL,0569132906bf5676ea0f29e6e3d6900279c048429c229950cc01451637b038b4
stream1,2591,wmt14_de_en,426,full,DEL|APRIL|LayerSkip|AR,92093d1afd43b3a3f21caf2a198df9e296880027d9e408253ef74e83194abb77
stream1,2592,wmt14_de_en,427,full,APRIL|AR|DEL|LayerSkip,9718e520eeda7e35a6b216571069a553838eb581ea375cba29643a7b7a075415
stream1,2593,wmt14_de_en,428,full,AR|LayerSkip|APRIL|DEL,e543c5afdbcfacbc36a7d89af2ac69a3d6f8ec6d58d07e771649eb7c4caec395
stream1,2594,wmt14_de_en,429,full,LayerSkip|DEL|AR|APRIL,cc6186385577fdfcfecaaea46c4d6d509163a57270b85828938cb502f0eff535
stream1,2595,wmt14_de_en,430,full,DEL|APRIL|LayerSkip|AR,22d91f124b217da8669a389cf7f32c63661ff92d9d6fbeb9ae44c9defd973be7
stream1,2596,wmt14_de_en,431,full,APRIL|AR|DEL|LayerSkip,9af8dcc618d045b1dcc83f91d58dce53f7458f975d965ffe4661839fe3fb6692
stream1,2597,wmt14_de_en,432,full,AR|LayerSkip|APRIL|DEL,f73b41086d6f9b5624a06d3245e6bd67cabde35f58d6a9beb3c7b3567b960506
stream1,2598,wmt14_de_en,433,full,LayerSkip|DEL|AR|APRIL,a9fd146fde2f7516278fee94b775fd54029cb403354799ec03bb2f11a0fa78d2
stream1,2599,wmt14_de_en,434,full,DEL|APRIL|LayerSkip|AR,28e43df7c6879e3c94e22de2a89e5ad5a30e1bf72a7baf3ea67517eaa756ccac
stream1,2600,wmt14_de_en,435,full,APRIL|AR|DEL|LayerSkip,15db149d01563a964fb30860e48aec0215303fb036d96ad528de40e88eb88ffc
stream1,2601,wmt14_de_en,436,full,AR|LayerSkip|APRIL|DEL,cf42fe08ff3f7ebec6a6a69c2a026082fedf88523dd21fe5bda6c44a9533430a
stream1,2602,wmt14_de_en,437,full,LayerSkip|DEL|AR|APRIL,55c841b05340c3fdd8a7513607d196c4cdcda3387253bffe72f69343d0ac48cb
stream1,2603,wmt14_de_en,438,full,DEL|APRIL|LayerSkip|AR,0b117add5f90074f5fc3ca6262c5281e67b14e693cda14df91a92c6fc0420ef5
stream1,2604,wmt14_de_en,439,full,APRIL|AR|DEL|LayerSkip,572365851dc08a758378352a36209f7a1cb93417c2478ba0e8f5dee8ed6ecda2
stream1,2605,wmt14_de_en,440,full,AR|LayerSkip|APRIL|DEL,40a4105270a82b97196cf53e419bb692ead25f47306a2295ccf402f93def1f0b
stream1,2606,wmt14_de_en,441,full,LayerSkip|DEL|AR|APRIL,b9541c4030602a3e42beb133addc0f2a0f43bd9a4c4acc70a6ec04754c011ec6
stream1,2607,wmt14_de_en,442,full,DEL|APRIL|LayerSkip|AR,0510cdf59e5204eef54d5c1328211089935784849f5a15407faea54d7f05dd5d
stream1,2608,wmt14_de_en,443,full,APRIL|AR|DEL|LayerSkip,113768abdbc1e737a10751dbfc48da51a00147f35190f9e43c480dbbc4de4340
stream1,2609,wmt14_de_en,444,full,AR|LayerSkip|APRIL|DEL,cafdb52594bb56d990ed9e311b4bd162d94c64f3c0c99b69d96ddddc01d4204a
stream1,2610,wmt14_de_en,445,full,LayerSkip|DEL|AR|APRIL,949beda34d70c3b8847741e7a5481b8eb7f2ed231d534fcc6000840702f8499d
stream1,2611,wmt14_de_en,446,full,DEL|APRIL|LayerSkip|AR,58f259c9405b9e245f9be554b17f3d74039619a4f3c91b57c156eb6b8c77abd2
stream1,2612,wmt14_de_en,447,full,APRIL|AR|DEL|LayerSkip,5b655dbd4883951d7a8c788b17dcd0e702efac8ae07a515e3988f080bdcd44d7
stream1,2613,wmt14_de_en,448,full,AR|LayerSkip|APRIL|DEL,3f3aca4783e88ae94ab44d4fc32f7bcd8ad37d72ad9a764341312acd95c61f45
stream1,2614,wmt14_de_en,449,full,LayerSkip|DEL|AR|APRIL,7f1ca968b82b8f228f4328047e8fba901d01a4af86d5c2ea7c8a30ea3e5572f7
stream1,2615,wmt14_de_en,450,full,DEL|APRIL|LayerSkip|AR,78be721947f9f99c815dfbe8d77c60f9f3cda46cbca02037729c6299b06d06ce
stream1,2616,wmt14_de_en,451,full,APRIL|AR|DEL|LayerSkip,375947cb32920a3dd382cadc7fadbcfd8c56867c55fcda24074eeb71f0076f36
stream1,2617,wmt14_de_en,452,full,AR|LayerSkip|APRIL|DEL,4a02f68b71bfab60e96dd76525e88b6fc1ae3d150b0fbf94b5e80046f357ac62
stream1,2618,wmt14_de_en,453,full,LayerSkip|DEL|AR|APRIL,7b6314fe8cbc35c94a6bf2333a20237fdd7d6529745ab8eb1fe5f6175f9fb9d0
stream1,2619,wmt14_de_en,454,full,DEL|APRIL|LayerSkip|AR,af8f98ee8c2cfbfeec8294c7580191995b3e20fdcd2f07ddac26b7fc4559db5f
stream1,2620,wmt14_de_en,455,full,APRIL|AR|DEL|LayerSkip,fc577ce9d654cee784f69f64c1e05eb13180f6ada2772f8ed1e05647b262bd4b
stream1,2621,wmt14_de_en,456,full,AR|LayerSkip|APRIL|DEL,956fff6813e83fab079089101cd55691424e10cb3417aee3bf586dbf97af9985
stream1,2622,wmt14_de_en,457,full,LayerSkip|DEL|AR|APRIL,b0f0048f34907b1c315dbb1b506b0209a5088f3967cd05d96b8450f50c61f776
stream1,2623,wmt14_de_en,458,full,DEL|APRIL|LayerSkip|AR,4a0df8892294d89f2362e00810ee36acd5df9e3fd2a6a51ff95d202ab9d1dd44
stream1,2624,wmt14_de_en,459,full,APRIL|AR|DEL|LayerSkip,22e48c76f0b4d137fabda26944b2d84102b4a38cab10088710efa65abe7438d2
stream1,2625,wmt14_de_en,460,full,AR|LayerSkip|APRIL|DEL,4f1f55f598b0a6151b4647f371a2eff5669f5b5094f801749aef89c3f7bb48fc
stream1,2626,wmt14_de_en,461,full,LayerSkip|DEL|AR|APRIL,26d10ffab6e9beafa8ced170848c899ce6c3e440b691703f8b021a890104db24
stream1,2627,wmt14_de_en,462,full,DEL|APRIL|LayerSkip|AR,f6397cf5d123e6329aba7e4ab9344bca19db4ae0ca634cad7476c1ec5ba73769
stream1,2628,wmt14_de_en,463,full,APRIL|AR|DEL|LayerSkip,64065ce23d7300af9d3b2d4933437bd03e6fc8abbf02c43011e8b46708ea268e
stream1,2629,wmt14_de_en,464,full,AR|LayerSkip|APRIL|DEL,9fc73ee394a9066554246589f1b5742f1e28e00c92d07615f1500dfaee3879c3
stream1,2630,wmt14_de_en,465,full,LayerSkip|DEL|AR|APRIL,3109021161f2628cec78f5b4557246f33cade0f5cb34b7e02700eee09316099e
stream1,2631,wmt14_de_en,466,full,DEL|APRIL|LayerSkip|AR,425df4c026b1da398bedefdd6b4ed68e12bdfd216473e9209328f0e3dd8fb473
stream1,2632,wmt14_de_en,467,full,APRIL|AR|DEL|LayerSkip,329f5703b3d9dad8ffb6b10eccc376b183ba8e467723cab42782e6d553dc02aa
stream1,2633,wmt14_de_en,468,full,AR|LayerSkip|APRIL|DEL,5aef6fb722073b399f895b74f1aa526f3e3c37d1fc6748229dd0ebe9fdc72d6a
stream1,2634,wmt14_de_en,469,full,LayerSkip|DEL|AR|APRIL,553bc1f4a1d0d8cebf9ebddb36e84658ab6e88c790c08c3183b8e8047c19ba66
stream1,2635,wmt14_de_en,470,full,DEL|APRIL|LayerSkip|AR,49f3faa12d304e8b502fbb9c70dfb68aca32048ecf80d0920ff8cc9aa3add499
stream1,2636,wmt14_de_en,471,full,APRIL|AR|DEL|LayerSkip,caf0e321b5ce1e7f5ff6de094038ac6d4be5c7b0bb5fdd55cb13c1dcc5905408
stream1,2637,wmt14_de_en,472,full,AR|LayerSkip|APRIL|DEL,35c09a30f2f9d5ec8aa88292caf7be6c247c7eba2304705632dafceb68f9c118
stream1,2638,wmt14_de_en,473,full,LayerSkip|DEL|AR|APRIL,7819845917f06ca981f7394f8f264d9c0878226a4cf2084133c656b27d9a427f
stream1,2639,wmt14_de_en,474,full,DEL|APRIL|LayerSkip|AR,1404fa88a9756b47ef968a5715460f8dfcf6c9465da214272e469c9aaffa0c47
stream1,2640,wmt14_de_en,475,full,APRIL|AR|DEL|LayerSkip,ab0974a8887c35fe8aecb086edc798fd6dd587a3856730f9e79d9afc2f8594f2
stream1,2641,wmt14_de_en,476,full,AR|LayerSkip|APRIL|DEL,d4f30dcfbb68c47a50a8d06a29863c34afe6b9c073a6a667c16343f4c09528d6
stream1,2642,wmt14_de_en,477,full,LayerSkip|DEL|AR|APRIL,88506804a2b01c87891f9e390a971b076363bbadc0aae0282f4d7225fbbb3c1f
stream1,2643,wmt14_de_en,478,full,DEL|APRIL|LayerSkip|AR,d1ce5dda509f93161066591e87058c56e0647a2cbfc50f961f4802e17cf4594e
stream1,2644,wmt14_de_en,479,full,APRIL|AR|DEL|LayerSkip,1b9c333fde9ed4cc74b7d39ac98690a22ecfcdcde95c285eb72bf1d76c161b73
stream1,2645,wmt14_de_en,480,full,AR|LayerSkip|APRIL|DEL,b86014e5d82c203ac082d3788ce91b57ced1299ad7aed89e05e45abc6ea20f19
stream1,2646,wmt14_de_en,481,full,LayerSkip|DEL|AR|APRIL,66e09b58cf9b1005a9b012d603414cd9ba21b5d0c2a3229cf46a44dc1c3c6bcf
stream1,2647,wmt14_de_en,482,full,DEL|APRIL|LayerSkip|AR,70e3cbf59c6e47d3305824ca643a5dd1ed8fb64cd57e619d96fc4afd67bb6030
stream1,2648,wmt14_de_en,483,full,APRIL|AR|DEL|LayerSkip,1adaaa90a8af4e33a1d46bdd15e0d8bcb8e8c2a52322a4677712630ef8f4c98a
stream1,2649,wmt14_de_en,484,full,AR|LayerSkip|APRIL|DEL,60a44b6b6ad4f240e61418b98e40777f83f1a0c3721c5d4223924e2d71c341ec
stream1,2650,wmt14_de_en,485,full,LayerSkip|DEL|AR|APRIL,c8ff2bbf49a01a15f2283a52e40faaa1436a85311d5f59bd32aca4c030d43666
stream1,2651,wmt14_de_en,486,full,DEL|APRIL|LayerSkip|AR,766d45c7debcd3a7819119491192f9ee7440406ae667a442a22028e349cb92b4
stream1,2652,wmt14_de_en,487,full,APRIL|AR|DEL|LayerSkip,1a3375d2fac52f4ce94d5796d18a5e9568a3d4e88598667c7c508c553016a945
stream1,2653,wmt14_de_en,488,full,AR|LayerSkip|APRIL|DEL,87ed8aa884e50486f1931bd566f449a7fa61ed3002306ce4aba47722d5c40466
stream1,2654,wmt14_de_en,489,full,LayerSkip|DEL|AR|APRIL,96dd87205b117e79af4b288530389aac8126f82ba63174cd95dc897c274ea145
stream1,2655,wmt14_de_en,490,full,DEL|APRIL|LayerSkip|AR,940f3ee6e6bc68b03b7b78d624637c652f83e6a9c2f0140d7ae9244d833fea2e
stream1,2656,wmt14_de_en,491,full,APRIL|AR|DEL|LayerSkip,e52af4f129d2c6582ff1bc4a4945b7d7f79378d7ea28f0f458c334241952a55c
stream1,2657,wmt14_de_en,492,full,AR|LayerSkip|APRIL|DEL,13b3350af003aaa3dea2f6be0ce0b35ea84afa3029e22e6ae56e46ede12718a7
stream1,2658,wmt14_de_en,493,full,LayerSkip|DEL|AR|APRIL,87fc7e7a5d7fec9a88563c5311ab10102558d6e56dad66d08a2a61d56bce482f
stream1,2659,wmt14_de_en,494,full,DEL|APRIL|LayerSkip|AR,e951fbafe913345a8e208d27a1af93364e360160685db4dfabfdfa267b37fcf3
stream1,2660,wmt14_de_en,495,full,APRIL|AR|DEL|LayerSkip,0de55fd58a99d31b0a1ec476452efb060b68344c2bb15fac34eee151307dfa13
stream1,2661,wmt14_de_en,496,full,AR|LayerSkip|APRIL|DEL,0ac9eee44be7d73b26c5c110d0aa2182d8bd6789bd842752ad2e60b2d53bad8b
stream1,2662,wmt14_de_en,497,full,LayerSkip|DEL|AR|APRIL,8b01f2cb19e3c0db570772de10f41b1f22cbf266a15d8c6e5c5e4e649e34e3ca
stream1,2663,wmt14_de_en,498,full,DEL|APRIL|LayerSkip|AR,7295ebda036f332f27655f82a63c67aca744dfae11aab7e7715d51907f12843a
stream1,2664,wmt14_de_en,499,full,APRIL|AR|DEL|LayerSkip,a0fc5a1728b7e530096ff30447286a63d534b85548cda144f89063771660d1e5
stream1,2665,wmt14_de_en,500,full,AR|LayerSkip|APRIL|DEL,e35c5821979a4c3899493c003e6d20a55b062720c37ab48fa5539f901ea27e51
stream1,2666,wmt14_de_en,501,full,LayerSkip|DEL|AR|APRIL,c7f1b2dc9c3ac827a26543a206d485f5e595b922fa63ce3afbf0195ad8c00dfe
stream1,2667,wmt14_de_en,502,full,DEL|APRIL|LayerSkip|AR,d087e765f1a9ff0efb1d8ef76cf5a0a8402d0f4557c2f5fe3c7c3ded996abc8c
stream1,2668,wmt14_de_en,503,full,APRIL|AR|DEL|LayerSkip,d9bdb4fd6407825e1f5dc7a91d9dd406d628817c3379e0bd8727d62ce5ac0523
stream1,2669,wmt14_de_en,504,full,AR|LayerSkip|APRIL|DEL,aa98f29b7eb9c86ff65799d661cbae09edbc40cf22db7e8dfd56a9ce5b7c23e5
stream1,2670,wmt14_de_en,505,full,LayerSkip|DEL|AR|APRIL,28c9c7e89e7fa9a5f8c8c33f398cc0c88abed6e6f8165ce43cf53296c99cc2c7
stream1,2671,wmt14_de_en,506,full,DEL|APRIL|LayerSkip|AR,7fa2ec3046b7e0cb079a54856dd23efea315ba20a75fb0df708deba46a063cdf
stream1,2672,wmt14_de_en,507,full,APRIL|AR|DEL|LayerSkip,c108983ec405f7221b3c652ff81841292c563c91e52109148a723a252ff189ec
stream1,2673,wmt14_de_en,508,full,AR|LayerSkip|APRIL|DEL,b3e7f99401e1f2917fc53986d1c66adf05f70bc458e97ee02746ccc125597fd7
stream1,2674,wmt14_de_en,509,full,LayerSkip|DEL|AR|APRIL,3c347aa2bdf926565cfbaa5f56d92ee28fe39fb11cd49dc277b955846b98c253
stream1,2675,wmt14_de_en,510,full,DEL|APRIL|LayerSkip|AR,e628f8d4be86a0bdc211821f1d514c87a0b77cd83eef6191ada30d5d3a158f39
stream1,2676,wmt14_de_en,511,full,APRIL|AR|DEL|LayerSkip,4ce44a6d6db122fd68d82c5fcb255611641d6d427b66f544e719a593e9f16d5a
stream1,2677,wmt14_de_en,512,full,AR|LayerSkip|APRIL|DEL,5b6a7791c9b5df7142e7b573e06ee811408a5053f5aa80c84f83f4514b76d4b3
stream1,2678,wmt14_de_en,513,full,LayerSkip|DEL|AR|APRIL,56f8091be425ab7b4e8cbad3ba076892107765f5ef420517f4cf0cab3dc4a509
stream1,2679,wmt14_de_en,514,full,DEL|APRIL|LayerSkip|AR,0f756dc70aa2d94d17e6e2cf955f6973c3a88facba97d0928c6cff85f74e126f
stream1,2680,wmt14_de_en,515,full,APRIL|AR|DEL|LayerSkip,6b8f7b0629ec2c95ff850329a41dcb4fbcea01cecd9fcdc82c048607ad2de8c3
stream1,2681,wmt14_de_en,516,full,AR|LayerSkip|APRIL|DEL,1d28c906fbf16b331676286321b22619306d0947a574be41307d961ccfb6cb01
stream1,2682,wmt14_de_en,517,full,LayerSkip|DEL|AR|APRIL,3b31efb2f57d398212a94ae47eb990fcd4e4f5a4a11094f4737b88d54006d1db
stream1,2683,wmt14_de_en,518,full,DEL|APRIL|LayerSkip|AR,5209bd80ed49dc1e3c6b4981f976d1422e1c326d66d91d7bb8a8441eeb431d88
stream1,2684,wmt14_de_en,519,full,APRIL|AR|DEL|LayerSkip,e752d218da90f0cb33b73ce68b2e917323ecf7fb97e213a0fbbab958c015fbbe
stream1,2685,wmt14_de_en,520,full,AR|LayerSkip|APRIL|DEL,f3e8feac3a2d6400ee190c150b04c83f44e999d05f317d993bab54cb9b20bf40
stream1,2686,wmt14_de_en,521,full,LayerSkip|DEL|AR|APRIL,78f963483ea94673a3497eb70c2e9e2ee28c5f4324aeefeda7c543c19bc3d1f5
stream1,2687,wmt14_de_en,522,full,DEL|APRIL|LayerSkip|AR,20dc24efe2b92d8b11e20492b3f066fab59853f2333499eebdfe2a606abf5f76
stream1,2688,wmt14_de_en,523,full,APRIL|AR|DEL|LayerSkip,0cf85962f6ead0e247d36526f7f9a6cab33732fbb0b4f7f4f94c8d51f446151f
stream1,2689,wmt14_de_en,524,full,AR|LayerSkip|APRIL|DEL,5feed43e53c99eeccf884c3c7b44670e5583a8abeed716751f29cd95daedabcf
stream1,2690,wmt14_de_en,525,full,LayerSkip|DEL|AR|APRIL,0a0a9b49efc0e8ab792b39a436e21b651d7d941f8795f065cda2b4fd465d6337
stream1,2691,wmt14_de_en,526,full,DEL|APRIL|LayerSkip|AR,eb04bf5c0a71c6c9b679fd1c2f79115c18456e0fda54a669ad729b45849306e1
stream1,2692,wmt14_de_en,527,full,APRIL|AR|DEL|LayerSkip,8b8572089a23d73e3c096542d031b57df0af309b761c9029d4862d370f1a5853
stream1,2693,wmt14_de_en,528,full,AR|LayerSkip|APRIL|DEL,39eeb83203574fcc05a1ccd14251d8017abdbaa0d847d23d9c3d4dd5d35681c6
stream1,2694,wmt14_de_en,529,full,LayerSkip|DEL|AR|APRIL,4b83ec6a46169e8b5f9986469942f8df67f7fe326df91d55c0a0ab9a503a5f03
stream1,2695,wmt14_de_en,530,full,DEL|APRIL|LayerSkip|AR,26fe60a26fcf3bf804596fd76e9df1472ce61096a01efc04389f126626c94464
stream1,2696,wmt14_de_en,531,full,APRIL|AR|DEL|LayerSkip,4cb9cfc937f91a01507347f9279d766b0e6b13d04fe4597e2ce04d9f8d1766dc
stream1,2697,wmt14_de_en,532,full,AR|LayerSkip|APRIL|DEL,97ae454fc76c95b15bb461e28c3c1bc71f0d631d703c547302ae620d314a7570
stream1,2698,wmt14_de_en,533,full,LayerSkip|DEL|AR|APRIL,f44872f68a89af62553a7abb78d7e56ef8c066e36dd3989757cedd279dddf4fd
stream1,2699,wmt14_de_en,534,full,DEL|APRIL|LayerSkip|AR,fb5104251ea9ce832ca807b5346734c6e896b78a59ffa52453041222b92a8d32
stream1,2700,wmt14_de_en,535,full,APRIL|AR|DEL|LayerSkip,ff94057316612471f1baea3ce90a76a8ebf678e1c3c79f5938cbda49e19e2dd6
stream1,2701,wmt14_de_en,536,full,AR|LayerSkip|APRIL|DEL,5e6cedfcf096c36c4fa05a821349be213d7c65e19aa35deeffe731a633a0732d
stream1,2702,wmt14_de_en,537,full,LayerSkip|DEL|AR|APRIL,0112e3f48e9aefb43215196d8de79d02a04cebf2104e7d29fc589730bf20b1b3
stream1,2703,wmt14_de_en,538,full,DEL|APRIL|LayerSkip|AR,8207c46465a8c8f21795f0bc02a89dd41250e04323801b8158f500d7df0a11fa
stream1,2704,wmt14_de_en,539,full,APRIL|AR|DEL|LayerSkip,d2bc41b94272fbc55c82d726dc292a11d0b535b764252a0be125b90d8051dfde
stream1,2705,wmt14_de_en,540,full,AR|LayerSkip|APRIL|DEL,4778db1a35fb625ca0018ee3729f0c623c593d352f10eb8be5bc04deba9318fb
stream1,2706,wmt14_de_en,541,full,LayerSkip|DEL|AR|APRIL,43acc355e183cbfa4c7e94d627ccb5c8b111923a1ea3e7577530fa50652aba24
stream1,2707,wmt14_de_en,542,full,DEL|APRIL|LayerSkip|AR,6ac3de4111b95f35685122c1ca32b8673010127d3b247872b5aeb3bfb7374233
stream1,2708,wmt14_de_en,543,full,APRIL|AR|DEL|LayerSkip,4e54bc863b313be4a4447818c630f9c64962bda866c3f634dbc1f058e8ad8ef8
stream1,2709,wmt14_de_en,544,full,AR|LayerSkip|APRIL|DEL,34d1c329c52df77aed1870a7c3d040bf2f6b2bb2f20cdeba735b21f5c9b38e84
stream1,2710,wmt14_de_en,545,full,LayerSkip|DEL|AR|APRIL,42aa109a715a81eb424de56c7dd8d4c65a84746afb4dade28de726a4229bda1a
stream1,2711,wmt14_de_en,546,full,DEL|APRIL|LayerSkip|AR,06bb737c68032ff660665404b25922ce6d1562480e9262d48e7701aad03fb362
stream1,2712,wmt14_de_en,547,full,APRIL|AR|DEL|LayerSkip,996d8e9ec747f6b3d4d7417f9a05a773f5768e1f25a03f0bb8ba23793907d3ea
stream1,2713,wmt14_de_en,548,full,AR|LayerSkip|APRIL|DEL,d0ae468479488b6b5bb3ab276038ac5c22e189f2bd774f416cc26a218901e217
stream1,2714,wmt14_de_en,549,full,LayerSkip|DEL|AR|APRIL,7cc312e55e4ccc1741a936eec4a942b497fb53c159ebfa9d5f5f808e92186324
stream1,2715,wmt14_de_en,550,full,DEL|APRIL|LayerSkip|AR,439e15e53b4e3c574c8ecca8f3fd52d624c0c1e5d6de9aa00fe0a3f361b2ef87
stream1,2716,wmt14_de_en,551,full,APRIL|AR|DEL|LayerSkip,df768076fc68afb99fbfa9fa2c91de798eab95f1e610fefc71d5a619ae863330
stream1,2717,wmt14_de_en,552,full,AR|LayerSkip|APRIL|DEL,14626686e81ddbb6e2b5f69752b042355e16460b7e22d682b33a88409e1a197c
stream1,2718,wmt14_de_en,553,full,LayerSkip|DEL|AR|APRIL,eb8c8fcf60882cf775c070808a54b7d8a013d8cbe9e8a1652b8f56f6b1908375
stream1,2719,wmt14_de_en,554,full,DEL|APRIL|LayerSkip|AR,7a3ec97b5dd326b651ac2b6d5e662af165bf3c1469fbd38798c0a6c2017cbbc9
stream1,2720,wmt14_de_en,555,full,APRIL|AR|DEL|LayerSkip,db621a7f728aba008c53cd50cfb51cb49a226c6c3d2a3fd7d77b1f5a2cc9a45a
stream1,2721,wmt14_de_en,556,full,AR|LayerSkip|APRIL|DEL,8c62b110c63b7da81deb367a086fc2e6cfd4ae8898d36a9b437a626f3a1ed344
stream1,2722,wmt14_de_en,557,full,LayerSkip|DEL|AR|APRIL,b71dc8f95a06ccdf59a50e35bd60a6086220667ae51a1722abc85cd2354d2798
stream1,2723,wmt14_de_en,558,full,DEL|APRIL|LayerSkip|AR,c0384fcf0ed456e6a47f16cb55429bb5dbf5b9433f619ef262d67c7084374144
stream1,2724,wmt14_de_en,559,full,APRIL|AR|DEL|LayerSkip,226c8514a5a959372d00f2972e3ea617a815344a796e24dfa93ea731cbbc2c60
stream1,2725,wmt14_de_en,560,full,AR|LayerSkip|APRIL|DEL,3c3192e70da4cd72c4bd934d69acbe81f04cbb104079c9ea24851c1e3a240ea1
stream1,2726,wmt14_de_en,561,full,LayerSkip|DEL|AR|APRIL,22503c695448e5d4092ca3d74f88a62c7b587d9fde1947c32adf72893b249ed5
stream1,2727,wmt14_de_en,562,full,DEL|APRIL|LayerSkip|AR,a4afee0c44f4df15dead0f283c66bf79ad2c5cfdc5b1710903c21ae875eff26a
stream1,2728,wmt14_de_en,563,full,APRIL|AR|DEL|LayerSkip,30384ce6fd5b01f85796b7bf530a56e6c5e8892eb86eed670dc5e3451ca2b195
stream1,2729,wmt14_de_en,564,full,AR|LayerSkip|APRIL|DEL,745e153863b8ed76cfdf99e1108aa1ceb7a993a38f8ad5d34381765624afc441
stream1,2730,wmt14_de_en,565,full,LayerSkip|DEL|AR|APRIL,f1f4d802c74dce98761345ab987bfbaee39e05a1b107d928e79ddb751efb6de6
stream1,2731,wmt14_de_en,566,full,DEL|APRIL|LayerSkip|AR,0c7a8f7d80a4592d7866650b56e9b6ee84b8872ef5f0aee2ea081be77b0ce006
stream1,2732,wmt14_de_en,567,full,APRIL|AR|DEL|LayerSkip,99ea5b245c939215e44f0489c2c9d84d28d5ee6e6c11ef45d9c0690d17cea314
stream1,2733,wmt14_de_en,568,full,AR|LayerSkip|APRIL|DEL,ce33c206be5cfdbac6320c1a05484912139514a9315ec1dcd6b4fed1dd1ef4a5
stream1,2734,wmt14_de_en,569,full,LayerSkip|DEL|AR|APRIL,3def701ada2f5549c0d574d140235ecbfde0dcee2f12f4d9c9c67a7cd28cf0be
stream1,2735,wmt14_de_en,570,full,DEL|APRIL|LayerSkip|AR,956bea8a31f5e216bad3cb820bd89609472d6a471be33bd308fbef8732ac1b76
stream1,2736,wmt14_de_en,571,full,APRIL|AR|DEL|LayerSkip,24b1cc2663235ae237c9956cb8130dc32d9fba0f71cd2ba5251276e9403238eb
stream1,2737,wmt14_de_en,572,full,AR|LayerSkip|APRIL|DEL,835e65a9d5ae94e9aee28447aeccc2820cae90004623d4fc83947b1a9c2cd479
stream1,2738,wmt14_de_en,573,full,LayerSkip|DEL|AR|APRIL,15e03a97613c4887c903141ba86350d469a5aabb9735a8f4314632c9b65fbbf2
stream1,2739,wmt14_de_en,574,full,DEL|APRIL|LayerSkip|AR,8de8aa36e752ba7872437e40d7d506b6b3b9611c90cef1008879130c3bd85fc7
stream1,2740,wmt14_de_en,575,full,APRIL|AR|DEL|LayerSkip,66629e63991472371bdf809abfc666e6881e3cb0e91b3d502930b8a460f5025f
stream1,2741,wmt14_de_en,576,full,AR|LayerSkip|APRIL|DEL,8ac4555cf1052cabf9644ef564b1e31c13ee09fd7b611cf348a2f341df4d4377
stream1,2742,wmt14_de_en,577,full,LayerSkip|DEL|AR|APRIL,ce3b035d76f5ed5a2dd9c429ab75d033ea1e24740664b81ec2a32919a2259abf
stream1,2743,wmt14_de_en,578,full,DEL|APRIL|LayerSkip|AR,8db2942550e8de0b1638cbe23f7b2015e5d6436bff3294633479a62b91b67432
stream1,2744,wmt14_de_en,579,full,APRIL|AR|DEL|LayerSkip,f9a9bb8973621551ff91e1266d6470207bc82bb824372e3b8a73d58113029caf
stream1,2745,wmt14_de_en,580,full,AR|LayerSkip|APRIL|DEL,364d72cce15b5278880ed1c75adaf8b52c6354a76648096fa57fe84ce5be82a9
stream1,2746,wmt14_de_en,581,full,LayerSkip|DEL|AR|APRIL,4e49f5b2946198255d8b34eb291d1ca2e03ebaf5a6d27b8e1d6742a1730436c5
stream1,2747,wmt14_de_en,582,full,DEL|APRIL|LayerSkip|AR,3ab6d01783fcd1ab158269facbf6f0766cb808d4c425760694956afebc8ed77f
stream1,2748,wmt14_de_en,583,full,APRIL|AR|DEL|LayerSkip,9a815faaf275bd376617220b483968d5d22dc1ce36902e309957863ba4878609
stream1,2749,wmt14_de_en,584,full,AR|LayerSkip|APRIL|DEL,67a425d8385a9c655e152c578ae66c48ff88fc8bb3485172cca4dadbd07503cf
stream1,2750,wmt14_de_en,585,full,LayerSkip|DEL|AR|APRIL,b85b685cc6623e2522a8733916c772a91d008e360b61d7747cde9db3a48e7fa2
stream1,2751,wmt14_de_en,586,full,DEL|APRIL|LayerSkip|AR,59b98a2b955d25cd3e98fac7a1ce7cfb6f1ad614208d39ee1ca3b7cc7798962f
stream1,2752,wmt14_de_en,587,full,APRIL|AR|DEL|LayerSkip,ba7f6f7d53ac1721b630297b220193294003fd29aaf9c26a8b8900a61f102624
stream1,2753,wmt14_de_en,588,full,AR|LayerSkip|APRIL|DEL,ca420a6824771c3b60b33a62a5c5f78c5645ae81a03734f8805ffe53eeecb149
stream1,2754,wmt14_de_en,589,full,LayerSkip|DEL|AR|APRIL,4642558e02b3919eaa8a5883e93418cc0a201ca01df9f2f657661ff7e6539250
stream1,2755,wmt14_de_en,590,full,DEL|APRIL|LayerSkip|AR,0398fda626320d862fca123b639d7152530bef325e9c6f87e616b7121215d14d
stream1,2756,wmt14_de_en,591,full,APRIL|AR|DEL|LayerSkip,ff4300d0120af14b05e4a978f627ff2dc53e952749aa97fda94bdfd134a72378
stream1,2757,wmt14_de_en,592,full,AR|LayerSkip|APRIL|DEL,8c8e5ed172d366e1f6b519879504ca2fd1ce15c68656bbba1e0f6f6e79691e71
stream1,2758,wmt14_de_en,593,full,LayerSkip|DEL|AR|APRIL,8176722d30c21d17bf1d102608dde56e3c5a86dda70328a11c816fe60d0dc4c9
stream1,2759,wmt14_de_en,594,full,DEL|APRIL|LayerSkip|AR,26355f69e8654403f91ba8750076fc5710d9eeadae832c47d8d0ae5c01826b33
stream1,2760,wmt14_de_en,595,full,APRIL|AR|DEL|LayerSkip,08e211a33a4bc9b14dd7ce86ea4af393d8883f1795529ba91ae61706354f8e2b
stream1,2761,wmt14_de_en,596,full,AR|LayerSkip|APRIL|DEL,62380640910199c3cd297c54f4fb0c70d73a9bc10eb484425996325d986b887e
stream1,2762,wmt14_de_en,597,full,LayerSkip|DEL|AR|APRIL,b0cfc19ccc36a4c378864adaa5cf5f951430a5005794cbb2634e5da01f252935
stream1,2763,wmt14_de_en,598,full,DEL|APRIL|LayerSkip|AR,7e753b567f421cf2c5143ff590e288cd903fcb2642d97fb17cdb220bd7e7d577
stream1,2764,wmt14_de_en,599,full,APRIL|AR|DEL|LayerSkip,244dd768aab16c637ba5f65f8b61851f10cb039af0559e19eb414d108354ad0c
stream1,2765,wmt14_de_en,600,full,AR|LayerSkip|APRIL|DEL,c4230505c77fcce0a18a958fe2a1faa04b57132168e2bb93926bbb30982af3dd
stream1,2766,wmt14_de_en,601,full,LayerSkip|DEL|AR|APRIL,441a50006b865ed2e2eb7d969140b91abb4d4f6bc31318e043cc979605345061
stream1,2767,wmt14_de_en,602,full,DEL|APRIL|LayerSkip|AR,343b25029867a5b9fa7fd0313a4b99d2de88a1447a69fa47f697d833f43c08a5
stream1,2768,wmt14_de_en,603,full,APRIL|AR|DEL|LayerSkip,bc0f00ecac4f0c2552b5dd64ae40fbd08bf545f152924ee7fecc08be51ca4df9
stream1,2769,wmt14_de_en,604,full,AR|LayerSkip|APRIL|DEL,b6ec84859c09128f72383ed75074a1e077a90eb707dbc774fd4740ade02dd3c5
stream1,2770,wmt14_de_en,605,full,LayerSkip|DEL|AR|APRIL,7bec0e7839f45e5921b2c296fe9af4aef9266c1378e5c8d5094986b894ecc4ff
stream1,2771,wmt14_de_en,606,full,DEL|APRIL|LayerSkip|AR,143de25646a64e5547878a16aeb4adf5cce069b00cf530b374802ed6b7d4939f
stream1,2772,wmt14_de_en,607,full,APRIL|AR|DEL|LayerSkip,877bfd4ab79bdc82168b6f3dd7b48dac22ca4871c7ea358630c717b5633b9e0c
stream1,2773,wmt14_de_en,608,full,AR|LayerSkip|APRIL|DEL,f20d74506eaf6be37ce3d5f8a92d216b8a2c2e7f0eab32426a244cd6c70a1f04
stream1,2774,wmt14_de_en,609,full,LayerSkip|DEL|AR|APRIL,02c4eb480bb71683a31ee7578adbb34a1ace1b29765760424125b877b8b83de2
stream1,2775,wmt14_de_en,610,full,DEL|APRIL|LayerSkip|AR,820afa773f149555fcae2ad47d557cc49466d7434801b271d987c31e3251f8c2
stream1,2776,wmt14_de_en,611,full,APRIL|AR|DEL|LayerSkip,fb4aeba9787864a0213ddd4ab70f7797d45773430fb8cb4cab58f4af46be8dc6
stream1,2777,wmt14_de_en,612,full,AR|LayerSkip|APRIL|DEL,9f5f05e7c4013cb1cb81c7e7f3e3fe234834348f279a572fa66e2f40a85c7f4f
stream1,2778,wmt14_de_en,613,full,LayerSkip|DEL|AR|APRIL,03e4b4add715f90443f916774c741792d0fb339c1ab085e868c6c71f7edcb52c
stream1,2779,wmt14_de_en,614,full,DEL|APRIL|LayerSkip|AR,2f3377d17e556fa2ce813ea0dadf7897ef07fecf98b69979ae073aa8252936c1
stream1,2780,wmt14_de_en,615,full,APRIL|AR|DEL|LayerSkip,6934fa98ed5ca1ebfbcb51e9a4ff07fffae1ceddbbb36868e81463ecb5232b77
stream1,2781,wmt14_de_en,616,full,AR|LayerSkip|APRIL|DEL,e0421682153bba1e849dfcac90e48c3dee6f8ec4b91bbd44e608417615152292
stream1,2782,wmt14_de_en,617,full,LayerSkip|DEL|AR|APRIL,9dcb3bdb3e2541d79c5b3014d56732050fbbb43a0cd95aafabd1bf3ed6436638
stream1,2783,wmt14_de_en,618,full,DEL|APRIL|LayerSkip|AR,0fbf04fcb147a15cf22f2a89576e4de62201c0b78fc921a130b74c56a3b3598c
stream1,2784,wmt14_de_en,619,full,APRIL|AR|DEL|LayerSkip,192a0446b39db47f06e438f0f8d102aa5aa97083ef70db851d80ab7ad853d2ee
stream1,2785,wmt14_de_en,620,full,AR|LayerSkip|APRIL|DEL,35664a4b5b941e42a309bb74e3abdd30db000b02625ec95d309f7227f81b95fd
stream1,2786,wmt14_de_en,621,full,LayerSkip|DEL|AR|APRIL,2f4499cdfe73b80312b84e2e50727607a8137ff4b2a05c61b8cf6e2e1071c4f9
stream1,2787,wmt14_de_en,622,full,DEL|APRIL|LayerSkip|AR,25f1434642961c49dceded9985a6b59043fc8402fdcd733fa95f2c28fa424c7e
stream1,2788,wmt14_de_en,623,full,APRIL|AR|DEL|LayerSkip,3d82fad23e14c6331d8436018fdf6adad0d777ef059b1e33eef1e6371b89b89e
stream1,2789,wmt14_de_en,624,full,AR|LayerSkip|APRIL|DEL,f197cb08c68495c9976ec14d0c239d72c5bd65d2c84d85d9cb7a519cc2721213
stream1,2790,wmt14_de_en,625,full,LayerSkip|DEL|AR|APRIL,901a12b23c8ef575927fbd21ea003f3e211abe78004e9d63173d5acf513ede0d
stream1,2791,wmt14_de_en,626,full,DEL|APRIL|LayerSkip|AR,886c2588e51549b3a6678b7ce27652d10958a47fef9a6baac51da30e7d4ef6bc
stream1,2792,wmt14_de_en,627,full,APRIL|AR|DEL|LayerSkip,ad27e0462a0846e9c18f99fc6428cb37fabed4c4ff553eba06f087a89c10bb9b
stream1,2793,wmt14_de_en,628,full,AR|LayerSkip|APRIL|DEL,3344d345624bf71ddd184507848871e09a45ea2ccfad0c2860df9a91b6289d5d
stream1,2794,wmt14_de_en,629,full,LayerSkip|DEL|AR|APRIL,a22b64c38f1318af3c277ac955d0038947a4e16859c0dfa0bdaee46d91d3b223
stream1,2795,wmt14_de_en,630,full,DEL|APRIL|LayerSkip|AR,6214ee9d0c4ce2a940493b5fe867a2089fc40398e5c62c6ca920090a72de5481
stream1,2796,wmt14_de_en,631,full,APRIL|AR|DEL|LayerSkip,e50139b4c05701a3551bd8e12bb605651e66cd3a5997224ac270067190bb1666
stream1,2797,wmt14_de_en,632,full,AR|LayerSkip|APRIL|DEL,78e81ff8c36ddfda25aaaf6376ea7424f50644f17ae2d15ce4c1dd41f5a9ee2a
stream1,2798,wmt14_de_en,633,full,LayerSkip|DEL|AR|APRIL,767a47aa400d5c10f0705d32ffeafac51d559bae3c12c28e51b0be18144efc9e
stream1,2799,wmt14_de_en,634,full,DEL|APRIL|LayerSkip|AR,e23e54239352c170c6dd72477e0ccba341dc473937f4f43fdc6bee55acc63e66
stream1,2800,wmt14_de_en,635,full,APRIL|AR|DEL|LayerSkip,c790c9bf5af96fb559d266f83ad0ba7204f9befef9d84a415fcf3ab147d10f29
stream1,2801,wmt14_de_en,636,full,AR|LayerSkip|APRIL|DEL,e216b5290c4641855ebae05a98a7c47d504db95165190a13e3999493a5f46044
stream1,2802,wmt14_de_en,637,full,LayerSkip|DEL|AR|APRIL,3bed8abc7a5eba504c6f27d2588ccf1fe67d926cd0fdbe59c108120bf3638cc2
stream1,2803,wmt14_de_en,638,full,DEL|APRIL|LayerSkip|AR,079c1a7a5ec554c355e1b3edb99e0fc1d0edc34965750bc246b03ac708cf1be8
stream1,2804,wmt14_de_en,639,full,APRIL|AR|DEL|LayerSkip,cbd6d5420fd5004665f53c2060fc9c51d23857f5cdfefe2262651f753e77b0ad
stream1,2805,wmt14_de_en,640,full,AR|LayerSkip|APRIL|DEL,c7417d46e60c23583e7a033eb317dc7427d43d381f5f7a0cacd80b05d29e159a
stream1,2806,wmt14_de_en,641,full,LayerSkip|DEL|AR|APRIL,626bb95f329bbe174771e1c99bc7c209b28f861188a1985f917c43bd35f8be3b
stream1,2807,wmt14_de_en,642,full,DEL|APRIL|LayerSkip|AR,d6cf2246f3924557dec7cdee6206ebc3b48961f99573d4164b5a4a35e1f702aa
stream1,2808,wmt14_de_en,643,full,APRIL|AR|DEL|LayerSkip,9a2918d339398b23ce925c5fe338faa1bcc274fe0a61d5f39d5862629bbc677d
stream1,2809,wmt14_de_en,644,full,AR|LayerSkip|APRIL|DEL,90cc2f7317c01f984a53e7288df8e9eb3eaca4809b397066ef33522821967055
stream1,2810,wmt14_de_en,645,full,LayerSkip|DEL|AR|APRIL,a997717a44e4e49e5cc8cc9a87e1ac4c0ac0b9520b745b3eba2f643cddb293ee
stream1,2811,wmt14_de_en,646,full,DEL|APRIL|LayerSkip|AR,dc07b0887bce0c4339c502cd41faadad9730d49877cef723bb18f8a31440b829
stream1,2812,wmt14_de_en,647,full,APRIL|AR|DEL|LayerSkip,7f47a0f4cef9406d5700e51429ee6db7d11f289ab57a8f84f5b2642d484be6e4
stream1,2813,wmt14_de_en,648,full,AR|LayerSkip|APRIL|DEL,50f2c6c585c2bc9ae5b43eeb48ba678be9fd6bcef85065f9c74097d1ab287358
stream1,2814,wmt14_de_en,649,full,LayerSkip|DEL|AR|APRIL,729ba90b2bd73217394ae5b9e12d3984617768940634dd430498a0598569cda3
stream1,2815,wmt14_de_en,650,full,DEL|APRIL|LayerSkip|AR,f6a0e13aa99c4cb0d2b11a01bece82cd513b10716bf38dbb80067a8372d5c7b3
stream1,2816,wmt14_de_en,651,full,APRIL|AR|DEL|LayerSkip,0762bc736880c2e67f57d57fa6c574dda025f740e964d119f6e941963a87ed0e
stream1,2817,wmt14_de_en,652,full,AR|LayerSkip|APRIL|DEL,6207b2acc52dc79efe9e722c16d7989c9247ae937e26d7243e56c932fd3ee8e2
stream1,2818,wmt14_de_en,653,full,LayerSkip|DEL|AR|APRIL,94d1a9257ac9ddb4dc124ce522eccf6cedcc4152cb6a148fcc813ddadc60a796
stream1,2819,wmt14_de_en,654,full,DEL|APRIL|LayerSkip|AR,6bc3287a75e2c67e53f8ccb1e048d6a3f1d5537ae234670693e9f5d624c4b8e4
stream1,2820,wmt14_de_en,655,full,APRIL|AR|DEL|LayerSkip,7d8dda9e129ba6c611f16c8465940d82be6962c5e945f8c8c2283081ccb3f6ff
stream1,2821,wmt14_de_en,656,full,AR|LayerSkip|APRIL|DEL,a060a1351a358b584157fbe624db43e35a07ab3cc1d574a87541c9db920865ef
stream1,2822,wmt14_de_en,657,full,LayerSkip|DEL|AR|APRIL,f190d98fc68cd6fa6f141580d16fbf78ed233c9f799b0665902f20089bae00e2
stream1,2823,wmt14_de_en,658,full,DEL|APRIL|LayerSkip|AR,89fec6e3b1146207354f57832edbbd0d9b15c64a585d750c9c3aabfb3fbcc326
stream1,2824,wmt14_de_en,659,full,APRIL|AR|DEL|LayerSkip,179d790213f8530734467ad9032694205ae3ecf104fcd8bd9aa4ecaacff76e32
stream1,2825,wmt14_de_en,660,full,AR|LayerSkip|APRIL|DEL,27fe2abae9356e030a2f4370e7efee34131c82b37bd7a2feb13ad95e10846928
stream1,2826,wmt14_de_en,661,full,LayerSkip|DEL|AR|APRIL,e4932ba10f34c810807d8c090c2be050d060e53275b48bd1c171a91b352ee345
stream1,2827,wmt14_de_en,662,full,DEL|APRIL|LayerSkip|AR,06b80bf622ac8bf5e7c47edfc51fff18de8e99d6a5a6eba332df83f8bf9dddde
stream1,2828,wmt14_de_en,663,full,APRIL|AR|DEL|LayerSkip,3dee68559cc1cc8e7a58bc634031b079ee5631b381e982cfc39ea85aedbc4cc8
stream1,2829,wmt14_de_en,664,full,AR|LayerSkip|APRIL|DEL,64988d6b1f0ec3cbc29edc2a4eed5c3380a8311c8652e054293bb69b59a96311
stream1,2830,wmt14_de_en,665,full,LayerSkip|DEL|AR|APRIL,c96fa3e1e6d12285a07494f6db92da06a217df0a1a9df45d329237eae1995055
stream1,2831,wmt14_de_en,666,full,DEL|APRIL|LayerSkip|AR,57f70c25b0609a3543d5c6547fbc7771c8cb8cdca97995680c6735a7540d055d
stream1,2832,wmt14_de_en,667,full,APRIL|AR|DEL|LayerSkip,6c45e5ac9ee8c15f3eb607f33fd09fee7002e1266aefe9041502f5451cc12a58
stream1,2833,wmt14_de_en,668,full,AR|LayerSkip|APRIL|DEL,677383924472b6698247515c514fe0e3de4126d8fb91005b705b8fff5eedb621
stream1,2834,wmt14_de_en,669,full,LayerSkip|DEL|AR|APRIL,a82bef7f304ce52670576d1fd157412502969968bb44a9cc92140136180c4205
stream1,2835,wmt14_de_en,670,full,DEL|APRIL|LayerSkip|AR,42c1d8268f93afefc68118231d02f7dd4301fdd79a804f3b932ce5591cf0506c
stream1,2836,wmt14_de_en,671,full,APRIL|AR|DEL|LayerSkip,0ebae32f3242406ece03f8ab3fd228cb071885d67b3590c72d90618133116a35
stream1,2837,wmt14_de_en,672,full,AR|LayerSkip|APRIL|DEL,bced64d3ffc1d39656f617577160944a09f2c97556a2c58e42b35b3fc610cb1b
stream1,2838,wmt14_de_en,673,full,LayerSkip|DEL|AR|APRIL,96564d006d8afd8ae9c8d56110855127f0cebc96adf58abe0a0d38987e985de2
stream1,2839,wmt14_de_en,674,full,DEL|APRIL|LayerSkip|AR,0917d8adbe91d0dd9db543948c32a8d68cd91098ffaa0a2a966ded6c137c8fa7
stream1,2840,wmt14_de_en,675,full,APRIL|AR|DEL|LayerSkip,acf4c9bb5f2ce37a4371a00d27bc73b64d7a22cfd60a3e6759eac07ea6456785
stream1,2841,wmt14_de_en,676,full,AR|LayerSkip|APRIL|DEL,cec241eff15f273edbc80817cae3c8f038da7ff1a7270df35242f9757bdf1ea1
stream1,2842,wmt14_de_en,677,full,LayerSkip|DEL|AR|APRIL,d12e7142000965c91907137e6826a7f447d6e85a4ffec39b69f49f4f1c2cfd00
stream1,2843,wmt14_de_en,678,full,DEL|APRIL|LayerSkip|AR,9d09e59472b6c96687e1517f0ced2815955a0038d2c170201e0063f6c231016d
stream1,2844,wmt14_de_en,679,full,APRIL|AR|DEL|LayerSkip,0de86eea48d60e9623ee2096e35c9f1d46901f47627a55726d0964c5d0c91443
stream1,2845,wmt14_de_en,680,full,AR|LayerSkip|APRIL|DEL,fed256f441e5ad9d8e7d60cb032d3979a4b2444eb54dc0e0d47f053de25c5e1c
stream1,2846,wmt14_de_en,681,full,LayerSkip|DEL|AR|APRIL,f30afdaed517e51c489f4a9c709e7d3f19a0104e5c2e9e14374d79823e5f5dc1
stream1,2847,wmt14_de_en,682,full,DEL|APRIL|LayerSkip|AR,688a8a342ba63247eec4ff02393f952ea1ebe85bc1da0960c25169adf92b9739
stream1,2848,wmt14_de_en,683,full,APRIL|AR|DEL|LayerSkip,572ed7f0575f2a063d4f34e2d9b3b69d924ff830e82ec04450a72a7775d57b8a
stream1,2849,wmt14_de_en,684,full,AR|LayerSkip|APRIL|DEL,6cea4e46ea620219f60162c2a37ce31c726ffd6fba509a1e6b7046e4a0b91441
stream1,2850,wmt14_de_en,685,full,LayerSkip|DEL|AR|APRIL,cba1b7a0a2b64901b606d497352fb5f85a4a26ea96c4d53cd78050e435090356
stream1,2851,wmt14_de_en,686,full,DEL|APRIL|LayerSkip|AR,ebb9264c73281f65fa7aea0ced1eab115f0bd5eba24088ae42ecc2aca8092fd5
stream1,2852,wmt14_de_en,687,full,APRIL|AR|DEL|LayerSkip,a2d2c3c479867b3e1c7846f3eb3f2bf3f13c4e108f321bcafdf8b02c311d3a39
stream1,2853,wmt14_de_en,688,full,AR|LayerSkip|APRIL|DEL,bd2c16daad14c5f0f8b746bc89b51a189f51cb3a4ce395d23c6d4702a20ff8de
stream1,2854,wmt14_de_en,689,full,LayerSkip|DEL|AR|APRIL,b828b99248b64c3b1c926199b8a12f7224d0af2224288969ed6ace9722ccdea7
stream1,2855,wmt14_de_en,690,full,DEL|APRIL|LayerSkip|AR,b524ad29a5a9923ea55b9bfef0a99ce25da138abb8232153ebed8388f4e9d271
stream1,2856,wmt14_de_en,691,full,APRIL|AR|DEL|LayerSkip,ee99dae27493a4f8a5f6c47b4b30d250e7bbc17ff8c3d4ef6ba849c96774796d
stream1,2857,wmt14_de_en,692,full,AR|LayerSkip|APRIL|DEL,a56543d756a74c0f68a8f284ff3e8ec73a434ef403fd7081c68fa7df02c37e9b
stream1,2858,wmt14_de_en,693,full,LayerSkip|DEL|AR|APRIL,4418293fea5c8a4943935bbc45618c91a5a0748c49bf6d7c0c1bb477cfd44586
stream1,2859,wmt14_de_en,694,full,DEL|APRIL|LayerSkip|AR,8f4c635986ca70e7fabf0139911de33d952715a328ea2ae9370a798f8bb173a4
stream1,2860,wmt14_de_en,695,full,APRIL|AR|DEL|LayerSkip,3b6a8b5983ca8c18165a60033c25e67ee922ec024710a7ab7a4c575104e55b4e
stream1,2861,wmt14_de_en,696,full,AR|LayerSkip|APRIL|DEL,de8bd458cc4877009d1430b89cf4323d87dc2be9800d37245f1a0932bd9b0d84
stream1,2862,wmt14_de_en,697,full,LayerSkip|DEL|AR|APRIL,7dc7d68ce2ff4d8a6fe4872b1e6fbce91dbc2d9a5deb9048a08561c82c03c2d1
stream1,2863,wmt14_de_en,698,full,DEL|APRIL|LayerSkip|AR,80e6456466a1a49d492d04ebde21dbf260c61efaa5afa3752fa6c1b59cf4f2fe
stream1,2864,wmt14_de_en,699,full,APRIL|AR|DEL|LayerSkip,dd8427f6af44673a21b926d18f4880feaa913ac9da1328b0d7d586cd5eda83b2
stream1,2865,wmt14_de_en,700,full,AR|LayerSkip|APRIL|DEL,9a2ad07d3a80b317edb611ccab02dd04c577cde891967ded907e5f0d5a9ac2df
stream1,2866,wmt14_de_en,701,full,LayerSkip|DEL|AR|APRIL,554e85f797f0423ad1fbe18390ccb3d007885d565657d2b11a32bf00f80b9909
stream1,2867,wmt14_de_en,702,full,DEL|APRIL|LayerSkip|AR,07ac76f3556a7e3a4160b4be5b10b2d06546203fcd8894eaf9723f0cd78aed0f
stream1,2868,wmt14_de_en,703,full,APRIL|AR|DEL|LayerSkip,6da14ec66c99e6d184e5f656f9e5e70cd9a131c40199b8e5c9d66b172c73f750
stream1,2869,wmt14_de_en,704,full,AR|LayerSkip|APRIL|DEL,9b151428beb1656cdf617457117d37db68fb39141471a616824331812b117f4e
stream1,2870,wmt14_de_en,705,full,LayerSkip|DEL|AR|APRIL,e9b4d5ffc65e72bdbf73e02958d1b5068ad925c39ad946235238c3095c542c74
stream1,2871,wmt14_de_en,706,full,DEL|APRIL|LayerSkip|AR,242c43cc56d59128f25785f7f6956330414bbbb57cc02d03190439629eeb781d
stream1,2872,wmt14_de_en,707,full,APRIL|AR|DEL|LayerSkip,de5b72fb6f9308c5cc21df46f200d5838351d1f4753850bfd8c68a052b64f8f7
stream1,2873,wmt14_de_en,708,full,AR|LayerSkip|APRIL|DEL,cd51ce4b65c4e4bf3c7cfc3e49c9a3204b070448ad8a4eb3db2b944da605c9c6
stream1,2874,wmt14_de_en,709,full,LayerSkip|DEL|AR|APRIL,9937cb0ce6e01260b67b1f2f420ca65d951dc2b61e69e301270ea2756e747102
stream1,2875,wmt14_de_en,710,full,DEL|APRIL|LayerSkip|AR,9d3385b2e15258794d7fcad5630bb1f5ea6e29d66798fc6293be6670e195bc70
stream1,2876,wmt14_de_en,711,full,APRIL|AR|DEL|LayerSkip,904922bfa797f281c1743777c4d735c9a2dcb0a8a8013cbc691e65c7a27b488c
stream1,2877,wmt14_de_en,712,full,AR|LayerSkip|APRIL|DEL,dcc124b6863610b92830404c62235cd46111698980636802ed2cfac8a77ade6b
stream1,2878,wmt14_de_en,713,full,LayerSkip|DEL|AR|APRIL,f06d27963182fcd0b09363362f941bca092c9f143ea0acbffc7602e1c3223acc
stream1,2879,wmt14_de_en,714,full,DEL|APRIL|LayerSkip|AR,d294313b17ff9669a73533e19348843386273730adc30062ae14e2d025918068
stream1,2880,wmt14_de_en,715,full,APRIL|AR|DEL|LayerSkip,064b283f6d37c8c694b8b1593298145500b831b490483747a72976c385a5b755
stream1,2881,wmt14_de_en,716,full,AR|LayerSkip|APRIL|DEL,4da64da398fe3001544d899bb6fdeefb91f95125777dda664b9330f461dadc1f
stream1,2882,wmt14_de_en,717,full,LayerSkip|DEL|AR|APRIL,895550d2aa51eeb2e0c5bc13e0fbc228ba26ee57c11cbd9236838e5c1f44e8e5
stream1,2883,wmt14_de_en,718,full,DEL|APRIL|LayerSkip|AR,9d29a2568c5bcd3591b131ab0f529c6db752efb4d5d14ab9b5e6f9c06436a4aa
stream1,2884,wmt14_de_en,719,full,APRIL|AR|DEL|LayerSkip,6a3d2807f55d146bf9ec739a0ea15b34382cb3fac873553720c4545f5681130e
stream1,2885,wmt14_de_en,720,full,AR|LayerSkip|APRIL|DEL,51387ef04040474b4057e27c7c6ce0f4618320a4f35e0ad35bf832ed47f68201
stream1,2886,wmt14_de_en,721,full,LayerSkip|DEL|AR|APRIL,cc6e459780fee57eb765dfce73a629dadf9cd6adadf0f935609fb7368d12106d
stream1,2887,wmt14_de_en,722,full,DEL|APRIL|LayerSkip|AR,9e8e67990f557f04e4efbce05edc0129feae84c51972e3b8a9f6978176f58c14
stream1,2888,wmt14_de_en,723,full,APRIL|AR|DEL|LayerSkip,1f428ffdf841fb5b532a006ce7d6f52f2b9d81c18529e09bd4518892f001780e
stream1,2889,wmt14_de_en,724,full,AR|LayerSkip|APRIL|DEL,ad986f3f9959e7b2fbcdf022b7ef381a3c57198e6195072fc3e06fae5fb6cf2d
stream1,2890,wmt14_de_en,725,full,LayerSkip|DEL|AR|APRIL,c7c8b935665756724cb9cb0021403b58072233a8a2b7316c47103af5935f4507
stream1,2891,wmt14_de_en,726,full,DEL|APRIL|LayerSkip|AR,b3b16e9a124d79fb454605f6479dc6ac97102d9d26ec4a4450739e6b86d73d7b
stream1,2892,wmt14_de_en,727,full,APRIL|AR|DEL|LayerSkip,2c5392ad04d8356fcb4d13f125fa68bdb38356d2cd13365a485ba7b97225df83
stream1,2893,wmt14_de_en,728,full,AR|LayerSkip|APRIL|DEL,65de922d487d552c8b39f8a42469cd64a75abd03c838ec34e7d17e8d0fde446b
stream1,2894,wmt14_de_en,729,full,LayerSkip|DEL|AR|APRIL,756cab70501d73fb51e9a8bf5553893d2eab19c86a0f2abd27f8bcb2e2209475
stream1,2895,wmt14_de_en,730,full,DEL|APRIL|LayerSkip|AR,a3ffb28ff29d2ec7ba9590d84ba2fd8610f8b59f7ba7cfddc9dd2cd6bae8f7a5
stream1,2896,wmt14_de_en,731,full,APRIL|AR|DEL|LayerSkip,d7d6fd8cdda6f9d2bd4a8e9ab0c3252cc2652108aa8d39eefa5d0e6472679880
stream1,2897,wmt14_de_en,732,full,AR|LayerSkip|APRIL|DEL,3b5f89b997111315e7aa50243727d2c6ef3422fc422d1ab5190a1131c73e8f91
stream1,2898,wmt14_de_en,733,full,LayerSkip|DEL|AR|APRIL,ff0662e7c279c915cfea8e509dd1b18b678770ed87ec221887b84d946ef8d7bd
stream1,2899,wmt14_de_en,734,full,DEL|APRIL|LayerSkip|AR,a9532d74c6906da9af353c2ea9eb31ccc0144e479adc0aa30cc6c71281cdf124
stream1,2900,wmt14_de_en,735,full,APRIL|AR|DEL|LayerSkip,201c9c40023400034eb893ea627b389748975da1c00f27d6fc2cb4c1637ff902
stream1,2901,wmt14_de_en,736,full,AR|LayerSkip|APRIL|DEL,6a70372ef44614100d848ac83da4ae1b213b21f22ac226325c10704fd7079013
stream1,2902,wmt14_de_en,737,full,LayerSkip|DEL|AR|APRIL,c45e4dde3e7b10a2a83a32b2445499d197f11ab94a89dd363b352486ea4299e9
stream1,2903,wmt14_de_en,738,full,DEL|APRIL|LayerSkip|AR,1e937c4cf6017efa374fb52e28213950e4629c2827504e932a8bbfc0c2cef270
stream1,2904,wmt14_de_en,739,full,APRIL|AR|DEL|LayerSkip,3cfb9bfb51e87bba40f7e4c5fec2bd24595172790f06c034abefad8b514c2ec9
stream1,2905,wmt14_de_en,740,full,AR|LayerSkip|APRIL|DEL,f734ee09f92e0e44dda7daceabd37f11c197434e51cc846e61330680222c1629
stream1,2906,wmt14_de_en,741,full,LayerSkip|DEL|AR|APRIL,a2cd23be5804ccc11fbd451fac34ea364d9a4cf6d47d00c6033d60bdf392f723
stream1,2907,wmt14_de_en,742,full,DEL|APRIL|LayerSkip|AR,e7488414aaa974844c940f0313b195b82800c198e4e15839e6dc33b849b6ab65
stream1,2908,wmt14_de_en,743,full,APRIL|AR|DEL|LayerSkip,ca76f863e4c624512cb39815efaff3fa6efc748763b6575b0bb69833f171772d
stream1,2909,wmt14_de_en,744,full,AR|LayerSkip|APRIL|DEL,f072cdc0371e7e0b9ca6ca9a96b64cf35bbbf2d86a3c305be3e6e5a894a0d16d
stream1,2910,wmt14_de_en,745,full,LayerSkip|DEL|AR|APRIL,a99571f99e245e0feee81ce2565df921df4f3f497214035635a82b80ebc8b5a7
stream1,2911,wmt14_de_en,746,full,DEL|APRIL|LayerSkip|AR,bfaaa7ab50e5e0f3e87386b5163982c16673855b0245985366812b95f630e8a5
stream1,2912,wmt14_de_en,747,full,APRIL|AR|DEL|LayerSkip,1abdcf37be4e3802722836ab120f41a408087399213d17d2cc61ff39cd859857
stream1,2913,wmt14_de_en,748,full,AR|LayerSkip|APRIL|DEL,27c6859cfd91345c3f0309a74a8fb9c3a4d309f49cece0b3cc7efdcd647b7f43
stream1,2914,wmt14_de_en,749,full,LayerSkip|DEL|AR|APRIL,103952a6bb44ea55ec3d689c61c8b7f3fea28381172569ea384b32ff1091bfd1
stream1,2915,wmt14_de_en,750,full,DEL|APRIL|LayerSkip|AR,b70d6f193641f70771d850cd5ba8fb16b0d486495d3afcf7fbbf89f830ee54b9
stream1,2916,wmt14_de_en,751,full,APRIL|AR|DEL|LayerSkip,75d1ba2bf227ec5479df4a84a0eca490f6e5e83ea8d59245d70349e0ecea1084
stream1,2917,wmt14_de_en,752,full,AR|LayerSkip|APRIL|DEL,7b58d79df0967bb2e54f547b770dc5a7e5c91bcd65f71e71a9fd9c9883e3ffd2
stream1,2918,wmt14_de_en,753,full,LayerSkip|DEL|AR|APRIL,5bcc855115358ce5a3b8f1cdcf0e2f9d5bbd5e4e0d67b35304afaf13f06ed930
stream1,2919,wmt14_de_en,754,full,DEL|APRIL|LayerSkip|AR,7efe99aaff8ca97dd086767ce401a957d78b78f0c5d6c2a2eec93ed162bbcc04
stream1,2920,wmt14_de_en,755,full,APRIL|AR|DEL|LayerSkip,0af43fb36f336850d7f0845f61ee1492cdacd9d49e5ec8bfe80073dcc8a69e82
stream1,2921,wmt14_de_en,756,full,AR|LayerSkip|APRIL|DEL,c95d27dce2f9875d2a059fd807f2f2df824c64989114b7bc7c3cc48a689f2059
stream1,2922,wmt14_de_en,757,full,LayerSkip|DEL|AR|APRIL,b30f1c42d4b3cbd8154692e11942547f319c93b25a77c3bd39b0c0acdd2790c7
stream1,2923,wmt14_de_en,758,full,DEL|APRIL|LayerSkip|AR,010007b491adb5fdc7ce937773a0140db3876ff6ec95f5d3bc8eb07cddf7b055
stream1,2924,wmt14_de_en,759,full,APRIL|AR|DEL|LayerSkip,c4cbc43a7a81284c6ea466e85cdcb7d8bf57a9a1d34e790dbb4e8637d57e796a
stream1,2925,wmt14_de_en,760,full,AR|LayerSkip|APRIL|DEL,c773119cc41918704433c03421f3192be21ef86b42c4cc22e4d081d329200dab
stream1,2926,wmt14_de_en,761,full,LayerSkip|DEL|AR|APRIL,96ebfefa021ee6020f3c46a5720f08b92b735baa6851f421d685a182f8ccb9df
stream1,2927,wmt14_de_en,762,full,DEL|APRIL|LayerSkip|AR,bb1e587f6282f29ba99d6b7fccc6fa9c45f3bd7295f5abad76d5d0687c19b037
stream1,2928,wmt14_de_en,763,full,APRIL|AR|DEL|LayerSkip,85232787f8f1c7d57fe48d5b56719dd31053ce925e472ca991c42df125d9a013
stream1,2929,wmt14_de_en,764,full,AR|LayerSkip|APRIL|DEL,fc56aeef8ac37cb63722e73e9ec3e7b9c2c9777a5971f820f2b2a1007466fcb3
stream1,2930,wmt14_de_en,765,full,LayerSkip|DEL|AR|APRIL,94022d8abd9e89014008c985f6b23b09b387bc3f9daf33de83dcf67495a720b7
stream1,2931,wmt14_de_en,766,full,DEL|APRIL|LayerSkip|AR,a5c1279cb7d14b3dc0cbefe9340a4a0aebb482602552d2ed2b578c0a91ba50f7
stream1,2932,wmt14_de_en,767,full,APRIL|AR|DEL|LayerSkip,8b8277e34636b9229a5bb8afc7132eb798a346d1f83cc04b6f59a3007a9734ea
stream1,2933,wmt14_de_en,768,full,AR|LayerSkip|APRIL|DEL,b47567dcbeeb1d154c09319ae77aa83b86cad288c70e1adad73b32d68440b85e
stream1,2934,wmt14_de_en,769,full,LayerSkip|DEL|AR|APRIL,b0020859275b03b221ca105534fd6d94e78680ebce1a75bfc4feb4ceaea6ce15
stream1,2935,wmt14_de_en,770,full,DEL|APRIL|LayerSkip|AR,e566610900a90302486043640c017536dea0b7920dd6615973cf45b128853a9d
stream1,2936,wmt14_de_en,771,full,APRIL|AR|DEL|LayerSkip,5c6f7f5db7f29cbc5af66aa93cbc8f59181ffdad25b1dfec1edae3d5defab6a2
stream1,2937,wmt14_de_en,772,full,AR|LayerSkip|APRIL|DEL,fd5d167c86f76ce8532d9b30376f6ccfd69ff9cfb7b142f9b8c488adf4f2cddb
stream1,2938,wmt14_de_en,773,full,LayerSkip|DEL|AR|APRIL,7a48f1730f2de67f52ea123c41cbfb282962a77f92a3501ab8487ae5aefdf713
stream1,2939,wmt14_de_en,774,full,DEL|APRIL|LayerSkip|AR,9ab79288470465b655d5ab036b87afaac7cc73ef1188911bb31f14f69247b6c9
stream1,2940,wmt14_de_en,775,full,APRIL|AR|DEL|LayerSkip,009976200e9512a2a5366a4fcdf15a17926d65492d187f06978171102ad971cf
stream1,2941,wmt14_de_en,776,full,AR|LayerSkip|APRIL|DEL,9b6853f492caf7f013f302d329adcdaa44a69b08bc2d292ef185fae18c75a219
stream1,2942,wmt14_de_en,777,full,LayerSkip|DEL|AR|APRIL,4f0ae8314bd5198b86fd6b04546e29b2211b67dc6c926a7bb8d7f6c1bf6f9760
stream1,2943,wmt14_de_en,778,full,DEL|APRIL|LayerSkip|AR,65f176ab131f981dc30c77289fa5a0145ed6ca776da3a60fbd0e69a87cdb7a7c
stream1,2944,wmt14_de_en,779,full,APRIL|AR|DEL|LayerSkip,d9014dd18e086c663b0064b1991bd8e27c8f06b30d4e623f6681b12853d3d939
stream1,2945,wmt14_de_en,780,full,AR|LayerSkip|APRIL|DEL,f6ba39bc36dede00cae6e0a6ecab307bb76f36274fcebb7b7dc8e8004a208415
stream1,2946,wmt14_de_en,781,full,LayerSkip|DEL|AR|APRIL,d4b2c5937fdba6107f1e2c324317949146eec6c38af8aca9f58bff732499241d
stream1,2947,wmt14_de_en,782,full,DEL|APRIL|LayerSkip|AR,8a4f1230e2d8226b0237ff9bd87648192307c8eda7355418fcfcd7fc2b24b720
stream1,2948,wmt14_de_en,783,full,APRIL|AR|DEL|LayerSkip,d4d3886bd4cf006982318797b8a820401979dd73175454c1252f7d42f108d352
stream1,2949,wmt14_de_en,784,full,AR|LayerSkip|APRIL|DEL,62a5af208944111be9f956a7bf18d1ea7a3e775393bd67e985a18df1e289506d
stream1,2950,wmt14_de_en,785,full,LayerSkip|DEL|AR|APRIL,d6f167db509d4d1a0e6f76cf0bd07d6b949ab1ad87dca93e429911319a3d47ba
stream1,2951,wmt14_de_en,786,full,DEL|APRIL|LayerSkip|AR,de44312a9077b847d48e3cc6812b3611c91e3a2ae2998a3199ceb0bbe6b5e389
stream1,2952,wmt14_de_en,787,full,APRIL|AR|DEL|LayerSkip,366444902d724f4b345310b5b4888f2d7485873044e7e788053f31f8b33f9220
stream1,2953,wmt14_de_en,788,full,AR|LayerSkip|APRIL|DEL,3e762eab0b2ba5166fe15c1a6e478a1feea54312a8261805bc467f7ea77ace7b
stream1,2954,wmt14_de_en,789,full,LayerSkip|DEL|AR|APRIL,2bee4596f2a145f163445dce0983bbffa004ce12ab34e5d983d131cb5ee9d247
stream1,2955,wmt14_de_en,790,full,DEL|APRIL|LayerSkip|AR,3236f4f70aa8ac1ffa994000c7b491209e6fadea851d0239c609a8ba18bdaf7e
stream1,2956,wmt14_de_en,791,full,APRIL|AR|DEL|LayerSkip,279206a2ba5f445e8854afe641d5d8c8ca3bf037f9648d8262873b802b6eac75
stream1,2957,wmt14_de_en,792,full,AR|LayerSkip|APRIL|DEL,b423a10fbe00568e3b8ab96ab1c7bcce24e45ce754cb1c5f91b8d5c3c798c3a1
stream1,2958,wmt14_de_en,793,full,LayerSkip|DEL|AR|APRIL,b605478ad2fec26a7199f6b76f3cfcf07f1a224d8d303b55e87aa5afde5a33fd
stream1,2959,wmt14_de_en,794,full,DEL|APRIL|LayerSkip|AR,7e4e0b210c631e05e905566ce7213a5bee03299196d20186fa19238fc951d7f4
stream1,2960,wmt14_de_en,795,full,APRIL|AR|DEL|LayerSkip,1ea719e7c547bbed2eafc2ef051954d8793d3e075368d304c4c392fd15136eaf
stream1,2961,wmt14_de_en,796,full,AR|LayerSkip|APRIL|DEL,2c460b59b8a20f779c160ce6cbad8cbd4468bd6f17adfcf5774e4757be594d34
stream1,2962,wmt14_de_en,797,full,LayerSkip|DEL|AR|APRIL,8225ca846f644aacb2075c6199932f7c08e05654d8f31f6426b62fbb54e18e34
stream1,2963,wmt14_de_en,798,full,DEL|APRIL|LayerSkip|AR,38356f0378e8dd01a92511ca9b88ca31fa8fc6de316777d7e546ffe8b1cb8756
stream1,2964,wmt14_de_en,799,full,APRIL|AR|DEL|LayerSkip,13e37dca0f478981794bee49e6d4ca21f4fba61d60c114a93a7ee12594532660
stream1,2965,wmt14_de_en,800,full,AR|LayerSkip|APRIL|DEL,c856521fa4f16e5106813bcfaea4fb6979596fa1dcd79b417fcfec0076fcf0a6
stream1,2966,wmt14_de_en,801,full,LayerSkip|DEL|AR|APRIL,38cd03afa19f825d7f204c537a34691403c7bd6f3b0164f7311f8873d246ee6a
stream1,2967,wmt14_de_en,802,full,DEL|APRIL|LayerSkip|AR,c3d408eedeb19c43a06b7707ad5fdf10b022ff35ed5cc1904bcdd9efa763b5d3
stream1,2968,wmt14_de_en,803,full,APRIL|AR|DEL|LayerSkip,c7e1a922fe4ffa178f238c0a1ce4a96602ca44ddf7b35164b0102264c2d78644
stream1,2969,wmt14_de_en,804,full,AR|LayerSkip|APRIL|DEL,873df348fae37c0b2257276d8383f3d75036d4a9bbeb13d96e19929161ded193
stream1,2970,wmt14_de_en,805,full,LayerSkip|DEL|AR|APRIL,150aa81e8db929fd2a44c129082cb844249f85f448d6bb3436a62cdeaa239f2e
stream1,2971,wmt14_de_en,806,full,DEL|APRIL|LayerSkip|AR,c1d10a1d8472d56fff2db9516bdd1fc2708462470be6d561ac30d225ba8e5871
stream1,2972,wmt14_de_en,807,full,APRIL|AR|DEL|LayerSkip,5d8209d5f4f03072f12bdac9e4f4b133058080de5f870c48d2cdb3d3ad84d3a0
stream1,2973,wmt14_de_en,808,full,AR|LayerSkip|APRIL|DEL,3602c5e0972b680fc73909d458b01d7658bef29f271f6f7f5db5379ffa191be6
stream1,2974,wmt14_de_en,809,full,LayerSkip|DEL|AR|APRIL,5052e0d9ba605a052dc350a2ff431e832c2d80176b9f926946d7e75290930169
stream1,2975,wmt14_de_en,810,full,DEL|APRIL|LayerSkip|AR,d37e59117803208ba7a934ee935ef1f57311ee311f025f7d7aef02956f17c63a
stream1,2976,wmt14_de_en,811,full,APRIL|AR|DEL|LayerSkip,9fc8944d894c48ba3e65931970a74a6dee1b2a391528ef715fdeabc07264f63d
stream1,2977,wmt14_de_en,812,full,AR|LayerSkip|APRIL|DEL,cd327012560d4ae25422274b430422675158103b4e7fc43724bad5a37032ea6d
stream1,2978,wmt14_de_en,813,full,LayerSkip|DEL|AR|APRIL,b69c54b547c549f10b6c1f74de55b2b61bf87cb8e74547db4fdabc5b48c6ae7e
stream1,2979,wmt14_de_en,814,full,DEL|APRIL|LayerSkip|AR,b3b318697d22ece3c7b30c76644740b50f17c9f2e6cab7eb61502f440eceb53f
stream1,2980,wmt14_de_en,815,full,APRIL|AR|DEL|LayerSkip,676e91a8608e75b9f6ebc6acfec6f8bcd135c63710f7389d70b445a84823c985
stream1,2981,wmt14_de_en,816,full,AR|LayerSkip|APRIL|DEL,de769d04cce0d4a7d6042332c1d392c57609ee6fa13a08e1aecd2b1066f3fad1
stream1,2982,wmt14_de_en,817,full,LayerSkip|DEL|AR|APRIL,fc48c63f3b702e4dfc2737709d7fe7c88b5d16d4ff1ce62a777f76119c675841
stream1,2983,wmt14_de_en,818,full,DEL|APRIL|LayerSkip|AR,6bdf30feb1b13051ca281f0c3b50622accb3a28d6914d91952db11aa69afcd50
stream1,2984,wmt14_de_en,819,full,APRIL|AR|DEL|LayerSkip,e376ea9c22bda26186fdeda5b8ed9e5278d3037a7f226ab0af50faa7e4d61e8b
stream1,2985,wmt14_de_en,820,full,AR|LayerSkip|APRIL|DEL,e31e66f6a07fa1d3721995bc3f4868ca52fc75a7c05f57d807a39fa73b5cfb09
stream1,2986,wmt14_de_en,821,full,LayerSkip|DEL|AR|APRIL,e59f7d2d61f8e846cae7bfca00eed4b3d065f3e981a3105c627639d3748782af
stream1,2987,wmt14_de_en,822,full,DEL|APRIL|LayerSkip|AR,bf5ec83b36a3f0b65a9b614f8f8540c67ac228b43e30159c630a543e62542828
stream1,2988,wmt14_de_en,823,full,APRIL|AR|DEL|LayerSkip,931bf0206a7a6e09b0422292681ddd2665481e88f1e2803a047f5cb326e50f37
stream1,2989,wmt14_de_en,824,full,AR|LayerSkip|APRIL|DEL,407eb958a05d3423463a74dab496e061b663047f96ad3fb79ed749a0336e4cd1
stream1,2990,wmt14_de_en,825,full,LayerSkip|DEL|AR|APRIL,17cb28cb621f8e9a23e1fe77befab988af228c43aab032df0831c71d00e6924a
stream1,2991,wmt14_de_en,826,full,DEL|APRIL|LayerSkip|AR,a2619638b6445d7736317c0192e21e7f3a2456bb366a02c9c6ee0dfea9333e84
stream1,2992,wmt14_de_en,827,full,APRIL|AR|DEL|LayerSkip,3d92bb0a9e49bca2927cd716f439a446b1d1fdfafebab03f831ab155052729d4
stream1,2993,wmt14_de_en,828,full,AR|LayerSkip|APRIL|DEL,e8e68c5c6ccc87b04568e141d0c5ace7a1b5fcc8959e49fe9fdaa315646bc056
stream1,2994,wmt14_de_en,829,full,LayerSkip|DEL|AR|APRIL,70563140e3165a49bcc29e2902049edca7ef6ab2a1869a441416a4f9b1bd59ae
stream1,2995,wmt14_de_en,830,full,DEL|APRIL|LayerSkip|AR,33a930a3e759556c732930dad10276dd6993ee7d3e9a32c3141842eef8aaabfa
stream1,2996,wmt14_de_en,831,full,APRIL|AR|DEL|LayerSkip,9c8ff27348d4907fc3d00873fe36b43af432a4327e7127b7bd9847a647e8ca6b
stream1,2997,wmt14_de_en,832,full,AR|LayerSkip|APRIL|DEL,4f1cc8f949c351e5c791861a376e0df41970df397389f7f9b73e0467ef18bcd5
stream1,2998,wmt14_de_en,833,full,LayerSkip|DEL|AR|APRIL,dc983209d389a37d6a06752caeceabd7af0945029229a4be98f5ee1b6addc685
stream1,2999,wmt14_de_en,834,full,DEL|APRIL|LayerSkip|AR,5a8a9234e6dc4480f589175921ab19362b867ef6a124de4d1727eca8a8a239e8
stream1,3000,wmt14_de_en,835,full,APRIL|AR|DEL|LayerSkip,fba783c45b66c9af31a05d83d27f2a84cd2cd55d4d0a1d0e217a6ca692bc08c0
stream1,3001,wmt14_de_en,836,full,AR|LayerSkip|APRIL|DEL,85850976bed927d1c579ade95fc366f28e5979b6cc8b0d68358009cd2a59be60
stream1,3002,wmt14_de_en,837,full,LayerSkip|DEL|AR|APRIL,50aa45b3931e7d36643adae388b1e6e6aa4a84f49fe8f2be848c98ea65757c52
stream1,3003,wmt14_de_en,838,full,DEL|APRIL|LayerSkip|AR,3066b886876cb35f0ce3a604a078952af4ffdd9a61899f9d9378d818d1c86546
stream1,3004,wmt14_de_en,839,full,APRIL|AR|DEL|LayerSkip,aa25f0c8344c7ded515195f4c0dc38ea7d58a6faf416ed9b9a75dcacad500c21
stream1,3005,wmt14_de_en,840,full,AR|LayerSkip|APRIL|DEL,796e6e4754dfbff98f4ea5965b2a811e406777282270fc62d203cdb56d574a1a
stream1,3006,wmt14_de_en,841,full,LayerSkip|DEL|AR|APRIL,87426b9ccc0772197bd6647f44c4a670ba7d7ec7470de3740df5b18f937c2d18
stream1,3007,wmt14_de_en,842,full,DEL|APRIL|LayerSkip|AR,44573dd61b00cb1b2a5755918d3213223e41976cc805945fca451f34b7fc1847
stream1,3008,wmt14_de_en,843,full,APRIL|AR|DEL|LayerSkip,14a46ffa593e265cdfc1635f05080ba6e7d3cbbe919f05dbf7898eeceb489f30
stream1,3009,wmt14_de_en,844,full,AR|LayerSkip|APRIL|DEL,abe898c612c9e6dd3f221b2395de121ff2a348e8066cdfc8b92c327ff5764b7a
stream1,3010,wmt14_de_en,845,full,LayerSkip|DEL|AR|APRIL,668238a921fb16cf384ffbc8c994cae83f1a015d1f0be312eb514c8820173367
stream1,3011,wmt14_de_en,846,full,DEL|APRIL|LayerSkip|AR,fab0d66f36b9ee87e379a8f1083a0ecf0d835eeb33169ac1bc58e3b5ea18e0dd
stream1,3012,wmt14_de_en,847,full,APRIL|AR|DEL|LayerSkip,290839eb73534dda66f7ecb35af29ac1e245ff904331b8c3eec0e4f249efd2e9
stream1,3013,wmt14_de_en,848,full,AR|LayerSkip|APRIL|DEL,ec609127c470dab87712b8a653ccb27a129ee8e8af98cbb629381c6bee169f38
stream1,3014,wmt14_de_en,849,full,LayerSkip|DEL|AR|APRIL,1696ff5fa4e63d7c50a5d24885a00965c3ed0c92b1f1bc5140ee8752eb55817e
stream1,3015,wmt14_de_en,850,full,DEL|APRIL|LayerSkip|AR,10d6b507add6c4ffa8306189af11d931a1faa0511e1e96191ce19feb06639960
stream1,3016,wmt14_de_en,851,full,APRIL|AR|DEL|LayerSkip,ca1d0670aa08863a12f18bfb6294c7cc2fb0635592abda6f01f8ef9f7e364f3d
stream1,3017,wmt14_de_en,852,full,AR|LayerSkip|APRIL|DEL,c372675b397c4582f24ffa03b1832c6d62e4cabef115585703d911c99e31c296
stream1,3018,wmt14_de_en,853,full,LayerSkip|DEL|AR|APRIL,12bcc2f93bb3af789b0887612c46b522fa042f2fbbbedf2642c395512e999949
stream1,3019,wmt14_de_en,854,full,DEL|APRIL|LayerSkip|AR,8e7a184955197e6d807afe1fe6d67b8cd435a792fc5b007b335264bc4aebfa5a
stream1,3020,wmt14_de_en,855,full,APRIL|AR|DEL|LayerSkip,54eea7038e7efaf501d1e2df09cae9b411161943e057fd8ac3beeeaeab9cade3
stream1,3021,wmt14_de_en,856,full,AR|LayerSkip|APRIL|DEL,135737be0b475e9f0611f0ad400573b279230ae8fe955a0c881d726a79a3b976
stream1,3022,wmt14_de_en,857,full,LayerSkip|DEL|AR|APRIL,cda8f7c57bcb5b428b93c973834eae76b42c603654fed76a4ed60f4752e826b8
stream1,3023,wmt14_de_en,858,full,DEL|APRIL|LayerSkip|AR,96a59168dbf91e7bd48fab16f6b91ed87ddfb1b2c6acfab864ce2a698cbd9c4f
stream1,3024,wmt14_de_en,859,full,APRIL|AR|DEL|LayerSkip,0b23303c0aa5692eff1ee160cc9b2ee0c5838286c6a42b914f55868410869ded
stream1,3025,wmt14_de_en,860,full,AR|LayerSkip|APRIL|DEL,3a58151031d9003f1de217f3e1a43b776a023d1a4fdf362748c56fdf9e73d459
stream1,3026,wmt14_de_en,861,full,LayerSkip|DEL|AR|APRIL,3b654de74eda876756bfa0457e3a4d9432ce4df0d66abb0e2db96799840af953
stream1,3027,wmt14_de_en,862,full,DEL|APRIL|LayerSkip|AR,6e02dce8615412a81a70c9215864907437a45313ce4a0eb59ca394ab588ff7c1
stream1,3028,wmt14_de_en,863,full,APRIL|AR|DEL|LayerSkip,af60988508be56e4c9ccf2873d5f0f1d600412d32240b5fe3abd776fe43c4abf
stream1,3029,wmt14_de_en,864,full,AR|LayerSkip|APRIL|DEL,5d4197a7378fe769bff9944d5854d2410b0f67eb50402de9dfdb3c6bd9289bb6
stream1,3030,wmt14_de_en,865,full,LayerSkip|DEL|AR|APRIL,6249fd9f8f5a88bb148f970b10fc3d157bd57514dd92416494c46d8261016e68
stream1,3031,wmt14_de_en,866,full,DEL|APRIL|LayerSkip|AR,3cf8896e7b80236ff79c29f423789f03400533471c2115caee30e6f710841832
stream1,3032,wmt14_de_en,867,full,APRIL|AR|DEL|LayerSkip,99e99cca1ba403b71d91bf8c598282410b96417d9eff0a8ab7b5848c4e2ea23f
stream1,3033,wmt14_de_en,868,full,AR|LayerSkip|APRIL|DEL,3f69299b0160f2677601ce913dcdcfc61ccaae9b93c531d28d9af6a92c1b1377
stream1,3034,wmt14_de_en,869,full,LayerSkip|DEL|AR|APRIL,4323baf0b8e45e8bafdc52f040f03cc8aa0ac821bb857a1830976651e25d2330
stream1,3035,wmt14_de_en,870,full,DEL|APRIL|LayerSkip|AR,724bfd2f83a57dc9081c28a0302ca05a850489bfaa6ab17e714190b974909a50
stream1,3036,wmt14_de_en,871,full,APRIL|AR|DEL|LayerSkip,1946e533ea98e2044775d20244eb125ce3d3cd58fbd0ebf674ecf4d2aabb447e
stream1,3037,wmt14_de_en,872,full,AR|LayerSkip|APRIL|DEL,73f45f64d48dddcbddafd71e6041566d479af6dee3b4aa812536b710f45097c3
stream1,3038,wmt14_de_en,873,full,LayerSkip|DEL|AR|APRIL,419ae40e5bf201406a57ce296b6243aec926db477e4a36ab430f9d19997640c1
stream1,3039,wmt14_de_en,874,full,DEL|APRIL|LayerSkip|AR,958cfe23443a55b8c887e3380bc594a1684c8c54c802f583af5e617ba129ab1e
stream1,3040,wmt14_de_en,875,full,APRIL|AR|DEL|LayerSkip,3c169a42c46a7d692a1695520309db7d9be1c90ff554cb2a5fc95c6248ed522c
stream1,3041,wmt14_de_en,876,full,AR|LayerSkip|APRIL|DEL,242ddf2ae3929bb3d775cf7bab229b7fc0ac028c0dc2b183ff214496ce9ff5aa
stream1,3042,wmt14_de_en,877,full,LayerSkip|DEL|AR|APRIL,706cb90f7964d5a33af764a09fd1daf3baa7441b00f6fe93421e925ab553130d
stream1,3043,wmt14_de_en,878,full,DEL|APRIL|LayerSkip|AR,7ea67115cf45f2c0b8e80cc2716cd6a27b047abe8082573bc109fb8b9cf1519e
stream1,3044,wmt14_de_en,879,full,APRIL|AR|DEL|LayerSkip,859fffe023f01431f022d95da714f194331b8c19495d02c9cadcab23c1e2dac2
stream1,3045,wmt14_de_en,880,full,AR|LayerSkip|APRIL|DEL,9e8fb5ff1e3fabf87552cf814b536812a697b6d9fc83a9dd5a2aca76531591f8
stream1,3046,wmt14_de_en,881,full,LayerSkip|DEL|AR|APRIL,2ffb737aae2ae7583ec2b6a8db4c67f886f134b3020f012180c13cc880a12262
stream1,3047,wmt14_de_en,882,full,DEL|APRIL|LayerSkip|AR,f8099a196ceff31653a29ea4186429f82179ca785fa5f5b68383786930a72e80
stream1,3048,wmt14_de_en,883,full,APRIL|AR|DEL|LayerSkip,071363383a5a9ae8914ca47819d63039eae5fbbcf3bb9b8599dd67c584371378
stream1,3049,wmt14_de_en,884,full,AR|LayerSkip|APRIL|DEL,ed40930a126eda9d7c68d65f8ad01feddaecc0411a616a599bb9703ff388c385
stream1,3050,wmt14_de_en,885,full,LayerSkip|DEL|AR|APRIL,36f0b7b2bde4ad63bf19340e280fba1eb621721b5a8dbae9bd5aa2e6248696cd
stream1,3051,wmt14_de_en,886,full,DEL|APRIL|LayerSkip|AR,f10fec22f9894e87e7e3fa9a89c68dc78c43a9c05c186335b47d08453035994b
stream1,3052,wmt14_de_en,887,full,APRIL|AR|DEL|LayerSkip,3a37ac263c6c95a28437af5edc2dd2a88d572add662db77ef6b422f73c3db5f6
stream1,3053,wmt14_de_en,888,full,AR|LayerSkip|APRIL|DEL,89f8e8677bab04c9fec1578ea61674035c2e2008d5c32a9c320e8dc610f83101
stream1,3054,wmt14_de_en,889,full,LayerSkip|DEL|AR|APRIL,6e4b1564b59a14cc8255662d726c3c4ed89eaf3683804ebfa5901ae3287b00ee
stream1,3055,wmt14_de_en,890,full,DEL|APRIL|LayerSkip|AR,4ad64c2f0d6f64a93f46ef78fda8de88c684b1c976e7e101ea9d6a774bdb0673
stream1,3056,wmt14_de_en,891,full,APRIL|AR|DEL|LayerSkip,e72fafab5aff556b00d1330449cb7d5af7e4ff78c41f94f9a8ffe994044e7741
stream1,3057,wmt14_de_en,892,full,AR|LayerSkip|APRIL|DEL,9df6366d46eb38bfcc711df916e087846c7a5ac2d395987ed0b37afa78de7ae1
stream1,3058,wmt14_de_en,893,full,LayerSkip|DEL|AR|APRIL,128da58baefd084b1f95420ddc08d4d664617c21589143358596f1a691403666
stream1,3059,wmt14_de_en,894,full,DEL|APRIL|LayerSkip|AR,551a3add001bdb9b9119bfcf8298ccf9f72e7c6bf3c94fa3cfbf0986327b2a16
stream1,3060,wmt14_de_en,895,full,APRIL|AR|DEL|LayerSkip,41d61e4dec3a4447876bf71d5a02799dedcdd12e7a2253461172e2f06134ae13
stream1,3061,wmt14_de_en,896,full,AR|LayerSkip|APRIL|DEL,2b88cd86b0201366f1b042f3382071bfd2f1b3b61950bb44947da7e6c7f58953
stream1,3062,wmt14_de_en,897,full,LayerSkip|DEL|AR|APRIL,c14af0122617c02294abd6e57034549996ca9cdace7939cc148ac5614c6e1011
stream1,3063,wmt14_de_en,898,full,DEL|APRIL|LayerSkip|AR,18baae2b47657f9174134d9a2cb6646a100a86525d643bc6003ea54df0fa8372
stream1,3064,wmt14_de_en,899,full,APRIL|AR|DEL|LayerSkip,3fe4bd7705195b3ba5133a95380a825f63f86bcc8d65cd5ca84be88e02d9ac2c
stream1,3065,wmt14_de_en,900,full,AR|LayerSkip|APRIL|DEL,11fe4e2f755011e071fdd401f9c57295e950c1e3cd92a0425cd0d24bf63ff9c1
stream1,3066,wmt14_de_en,901,full,LayerSkip|DEL|AR|APRIL,4418a5a98cd31ca07295466cfb6ad9737517ce3e70e8eb3b0485488ce9d8b48b
stream1,3067,wmt14_de_en,902,full,DEL|APRIL|LayerSkip|AR,21822c846b1c049a97624625105a0cfedb7b2879e1a2c4c9cb4c1b7e0d6c0889
stream1,3068,wmt14_de_en,903,full,APRIL|AR|DEL|LayerSkip,8fb646d5e5d0d98ed482f828c0498f91d1dde93e46e0615fa364e4953cfead0c
stream1,3069,wmt14_de_en,904,full,AR|LayerSkip|APRIL|DEL,53507678c324c7a68d03e36e88de9a367f361f874f2ae3ccec6d29f0b33acb23
stream1,3070,wmt14_de_en,905,full,LayerSkip|DEL|AR|APRIL,ec9c74d3db7db3e00261d7ca962634794c1d9df3e2f6d56e0fa229540e672f72
stream1,3071,wmt14_de_en,906,full,DEL|APRIL|LayerSkip|AR,e8e265c66d41a701367786bb4b65b6b2bc4ec6847cf748536a2ed777c5471a56
stream1,3072,wmt14_de_en,907,full,APRIL|AR|DEL|LayerSkip,42effc9eea07bb47431d753eb329fa68b1eda9920e82955a1456801bd32e24d9
stream1,3073,wmt14_de_en,908,full,AR|LayerSkip|APRIL|DEL,2f1ac4c8a180c57c1d750d839785498f4735aef8b87f9778d5d2a9129ce04460
stream1,3074,wmt14_de_en,909,full,LayerSkip|DEL|AR|APRIL,a9a3356cdd7d2d053d1760efea2f8dab037bd2c6903466d59fae2d1ddff3c924
stream1,3075,wmt14_de_en,910,full,DEL|APRIL|LayerSkip|AR,f0a856075c8fdeeae2cc73569244adb59339e8d46e98728f0daabe3e52525efc
stream1,3076,wmt14_de_en,911,full,APRIL|AR|DEL|LayerSkip,09d15d4d184ae51588b35657d386544dcefc8a8efd576873c520af3d30022bb5
stream1,3077,wmt14_de_en,912,full,AR|LayerSkip|APRIL|DEL,2188b16e3a9265bef71e909f3b03ca7c3e6a33ba679187c4eaff91ef331ede08
stream1,3078,wmt14_de_en,913,full,LayerSkip|DEL|AR|APRIL,b352614e99e566d17a7ae43f1cc8cc566045881600adb2cd28b9be1ec4f7a433
stream1,3079,wmt14_de_en,914,full,DEL|APRIL|LayerSkip|AR,8275b7f7d2898c1361ca7e2f75a7d580e8f6474d2385d53b88a57b6adfc56dc9
stream1,3080,wmt14_de_en,915,full,APRIL|AR|DEL|LayerSkip,4d1600aab2fefdfdacec2ae9b5ef6a378d56dd2fec991269d7d58d46ae98f2f7
stream1,3081,wmt14_de_en,916,full,AR|LayerSkip|APRIL|DEL,c6118242602564864bbb426bf886298c9176390b88bf7cb6a0a6143c6d59cdc3
stream1,3082,wmt14_de_en,917,full,LayerSkip|DEL|AR|APRIL,c8a0418c5a420900a664efa9d0fca2073b6127971371dbcf98de902f953afd41
stream1,3083,wmt14_de_en,918,full,DEL|APRIL|LayerSkip|AR,55c6422e0caff5a95d2bb16a1d76d0abf010d507e817693f572d044617eba789
stream1,3084,wmt14_de_en,919,full,APRIL|AR|DEL|LayerSkip,e336f40da5ef9d0d83895b1b9b344bb4061cf0621df103013ad8a5f13d229365
stream1,3085,wmt14_de_en,920,full,AR|LayerSkip|APRIL|DEL,741be8a99a2fd22ed25f86303ba2a3d4e1a98c62cbf50ee6de0513b88830c40b
stream1,3086,wmt14_de_en,921,full,LayerSkip|DEL|AR|APRIL,61838e5bcec2573f96a94e83d8014ae9f6ade7825c7a21351e7b1eaa042d1218
stream1,3087,wmt14_de_en,922,full,DEL|APRIL|LayerSkip|AR,a5a614e936bad4091cd18acaa8024191697ff26ac44d33bd655a9a95f312b7d3
stream1,3088,wmt14_de_en,923,full,APRIL|AR|DEL|LayerSkip,910c393fe08017e5b5bcfe2027a1aeff580343a77ab541c3005c2b153739ebf1
stream1,3089,wmt14_de_en,924,full,AR|LayerSkip|APRIL|DEL,ae388618ba41cb1c9d34fb472a378b9764329f724940f71626bf81abbc5abf01
stream1,3090,wmt14_de_en,925,full,LayerSkip|DEL|AR|APRIL,6ad7b9eded67e0af69a20e1f8327b3119e49855177c747938950ccff88cb1aed
stream1,3091,wmt14_de_en,926,full,DEL|APRIL|LayerSkip|AR,b62c5ab106d3820edd1e53ab040c93aa4d5244cba21e32e60852602ad9b8dca8
stream1,3092,wmt14_de_en,927,full,APRIL|AR|DEL|LayerSkip,61e01b3c794cd707bcb645f1bbe6b410886d83dc72866b63b185c40dd6d353d4
stream1,3093,wmt14_de_en,928,full,AR|LayerSkip|APRIL|DEL,2e37712c33ed8b9001ad6d9bad437f9030c12dc7339ff771c462fa4acda31f14
stream1,3094,wmt14_de_en,929,full,LayerSkip|DEL|AR|APRIL,4d2ea307a559ed422b7a787f3363da1bbbb6dc385aba920df41fb5e73ca466cb
stream1,3095,wmt14_de_en,930,full,DEL|APRIL|LayerSkip|AR,d5ad0fcfe6b99ba74c9e66b69b571e94e35969360f692f085d4b39fc7e102944
stream1,3096,wmt14_de_en,931,full,APRIL|AR|DEL|LayerSkip,b2dac7c037b5b48896ea8711193925aa5c6fecc5778064900f7927e118b7c780
stream1,3097,wmt14_de_en,932,full,AR|LayerSkip|APRIL|DEL,55da4b9cc32f34c5ba98889bcdd9b7d7bb86ee55b3ee7bc95786d3c7dcd36f2a
stream1,3098,wmt14_de_en,933,full,LayerSkip|DEL|AR|APRIL,82da605cb80c9b54af5a84578ffdee012a5765c87c4a398a9941ed1f8000855d
stream1,3099,wmt14_de_en,934,full,DEL|APRIL|LayerSkip|AR,65e0e1b254a444644e742c0f2ccee1196c3cfd49efdd7ead9828d83042df602e
stream1,3100,wmt14_de_en,935,full,APRIL|AR|DEL|LayerSkip,85ec3f18621724a120881251ab5b417d95bc7b50ff05b3416363246549ff7c39
stream1,3101,wmt14_de_en,936,full,AR|LayerSkip|APRIL|DEL,f93e4863835c57ec6ed0e660ed7d673f93e817e9eab54f73bb280ac265facee9
stream1,3102,wmt14_de_en,937,full,LayerSkip|DEL|AR|APRIL,985306fdcedda61702aa5d0bf74bd587825e17cb8f2b76551db06c4f0791505c
stream1,3103,wmt14_de_en,938,full,DEL|APRIL|LayerSkip|AR,0f9a65b45098ed429cec46eee95cc5b34f6f3110e9d9948cbecec7ff1d07643e
stream1,3104,wmt14_de_en,939,full,APRIL|AR|DEL|LayerSkip,6c517f0935a129f8d59a2b782173fd361207460d765cbcd355264451374d9e6f
stream1,3105,wmt14_de_en,940,full,AR|LayerSkip|APRIL|DEL,85424d8001f07be42743b474708cc9e1e232a6ca90ab7a77540c580bf3af3691
stream1,3106,wmt14_de_en,941,full,LayerSkip|DEL|AR|APRIL,a71032a9b92079516f02efec936d77b903dfab712abbc0806f80ca897931765d
stream1,3107,wmt14_de_en,942,full,DEL|APRIL|LayerSkip|AR,e8f4a65102d3539c4453dd469a07d26977bcaa0570c49ea79c2ca94a138207e8
stream1,3108,wmt14_de_en,943,full,APRIL|AR|DEL|LayerSkip,c49f81403c7a520e13eb9b00f13fa657040c75fbe036d674754afb8f2d66fe1f
stream1,3109,wmt14_de_en,944,full,AR|LayerSkip|APRIL|DEL,171c1096697c24d3944d1d9977349228acef08b57bf13f6f1b2b0ff980a2fa1d
stream1,3110,wmt14_de_en,945,full,LayerSkip|DEL|AR|APRIL,e93e82df55b6baefacc72f5e86a1fd95ce34ab1932ee75540e98ff5e0c213c7a
stream1,3111,wmt14_de_en,946,full,DEL|APRIL|LayerSkip|AR,7fa928d76fc76a6e2388f41f581819a4b6633f07e1255d37f2f389d7a4fb62ad
stream1,3112,wmt14_de_en,947,full,APRIL|AR|DEL|LayerSkip,4900533d53b71f27b0e7708a7b92b1625587c49e61b261b8b30d22a4a0cd7264
stream1,3113,wmt14_de_en,948,full,AR|LayerSkip|APRIL|DEL,d61b3fce9c47740324a03d13af3961fec70d95d5271615dbb5c6789dd2a89eab
stream1,3114,wmt14_de_en,949,full,LayerSkip|DEL|AR|APRIL,92d04d0aca1c56e3b0cefa9593403ef89f5978144c001a8d014ba6d2d5922640
stream1,3115,wmt14_de_en,950,full,DEL|APRIL|LayerSkip|AR,92a0c10c4921ffde9bd20124f55d6d3c9ed4112c99ddda44cb2621ef68ca70b0
stream1,3116,wmt14_de_en,951,full,APRIL|AR|DEL|LayerSkip,a77affb8275bd616dd3cc2a2043c7835f8d325a9500dd84483be24d50dacc813
stream1,3117,wmt14_de_en,952,full,AR|LayerSkip|APRIL|DEL,0d3ef1bc9c60277ac95b571de6d324ace404ca04efe70e7eeaa2fb7d4b64429b
stream1,3118,wmt14_de_en,953,full,LayerSkip|DEL|AR|APRIL,7a80fb474a28ee8a77e8bddede37903919d48be4d40d48df0a8072c9623593c2
stream1,3119,wmt14_de_en,954,full,DEL|APRIL|LayerSkip|AR,76a95a1323db6543a629d7a69c97de2a428ef0e84a1a20e21ce4a0d95b12b24f
stream1,3120,wmt14_de_en,955,full,APRIL|AR|DEL|LayerSkip,a86e03f526b96e403647fdace904736a133d2ef789f091bc96630aee15e78417
stream1,3121,wmt14_de_en,956,full,AR|LayerSkip|APRIL|DEL,316494ebc6f852e253d1097cfddae2abe131967b815f5ec408f504a23c0f374f
stream1,3122,wmt14_de_en,957,full,LayerSkip|DEL|AR|APRIL,302a7999c9e85b6541f7d00c373b26c4234f59036dfd06f378a3489a6a044b7e
stream1,3123,wmt14_de_en,958,full,DEL|APRIL|LayerSkip|AR,f90c2b8029d58e1c81a10f06e6d4ed44387fcb13f327df0009623e89b04c8613
stream1,3124,wmt14_de_en,959,full,APRIL|AR|DEL|LayerSkip,ab7b35c9f1667b61621279909ee6fef5052b90a00e24fd41cae1c65c9459dbbd
stream1,3125,wmt14_de_en,960,full,AR|LayerSkip|APRIL|DEL,6fb04cd2599cbdab46ebec516865caa4d2d0defeb482d25b80663f0e136cfbdb
stream1,3126,wmt14_de_en,961,full,LayerSkip|DEL|AR|APRIL,b51b109cf3db0030ab4c05167ecf186f8552b06b104787bd6dc14052acc68c75
stream1,3127,wmt14_de_en,962,full,DEL|APRIL|LayerSkip|AR,cfb55fa1685a25be8df8b3f9fdabd0822baedb8318616f0b6fddda81ac0ff8b8
stream1,3128,wmt14_de_en,963,full,APRIL|AR|DEL|LayerSkip,7c83953ceacbe48d05fb25712a026c88a6d5873b7017a2183fdc6dd5fe06aecb
stream1,3129,wmt14_de_en,964,full,AR|LayerSkip|APRIL|DEL,f95bb985501bb176167964e835af703fc9dcecc6d6467ad7175e1e8e20614de2
stream1,3130,wmt14_de_en,965,full,LayerSkip|DEL|AR|APRIL,a6b19e625ee6511f483421743417f29dc9fb8b2b72d84371f633939c28fcb601
stream1,3131,wmt14_de_en,966,full,DEL|APRIL|LayerSkip|AR,5c2085e16b8ee96afa02c58eef7b306043c37ec74bdda3c93cc2d5167c5621ae
stream1,3132,wmt14_de_en,967,full,APRIL|AR|DEL|LayerSkip,db036ce30905e8be23e70d9c0b0dceef589fc004c6cca9684c8ced191933353c
stream1,3133,wmt14_de_en,968,full,AR|LayerSkip|APRIL|DEL,172ebc661cb4ffa6a5d6d416fc8f54237877eeb276151262efb66385976cd652
stream1,3134,wmt14_de_en,969,full,LayerSkip|DEL|AR|APRIL,6ae6c59c298ed443896608086762f05220ef1462ed6e786e436d90faecbc9fc6
stream1,3135,wmt14_de_en,970,full,DEL|APRIL|LayerSkip|AR,dfe8045cf22898125b6f96a6991008bd49e8eb96450ea383ef59919c00c0d1f0
stream1,3136,wmt14_de_en,971,full,APRIL|AR|DEL|LayerSkip,5c3fb96ff4d5000ed9175738c61268bd7de817e1976f33abcb283c8e4ff17dfa
stream1,3137,wmt14_de_en,972,full,AR|LayerSkip|APRIL|DEL,56517b92f4c0eae3de38360fff57f38daae7168509b69e4f8c6880e9983ebdc8
stream1,3138,wmt14_de_en,973,full,LayerSkip|DEL|AR|APRIL,b94893e3c68d9b55823fe32098bd41ef974d83a18fcda382e2d2c0ae52fff902
stream1,3139,wmt14_de_en,974,full,DEL|APRIL|LayerSkip|AR,8322b042b8704cd9635df24a246dac450bf7c54bbc249658699fe3c4f72e67fa
stream1,3140,wmt14_de_en,975,full,APRIL|AR|DEL|LayerSkip,3b3083a53518bca35214e83338d77c50a049baca5e6f9c2584504b679132c049
stream1,3141,wmt14_de_en,976,full,AR|LayerSkip|APRIL|DEL,f87c767ac7bf29b6b515ff14981e344f9e8d0d157528ec8fc611f12d04267724
stream1,3142,wmt14_de_en,977,full,LayerSkip|DEL|AR|APRIL,0220d410b8907a5f0a50d4fe37b907bd3b48cf03ef5d0cc01f5e54b911f4add7
stream1,3143,wmt14_de_en,978,full,DEL|APRIL|LayerSkip|AR,0d0c4e7da3fc23933bd9172ed3d731de702c618fa43a819ddba2b5e641623985
stream1,3144,wmt14_de_en,979,full,APRIL|AR|DEL|LayerSkip,b9a540f606e8ea4ccfc234de7f53f2e2836e3a2a024d06b1aabc626c836244bc
stream1,3145,wmt14_de_en,980,full,AR|LayerSkip|APRIL|DEL,b547b4a12b673ead8ffcbeb0215ef6a0ca41ab9d6c5c09dec39cc03827d62dec
stream1,3146,wmt14_de_en,981,full,LayerSkip|DEL|AR|APRIL,c20c6e5a2756b8745618e4bf1e6d32300b6a2c94a63fbf338bb188cba7a05365
stream1,3147,wmt14_de_en,982,full,DEL|APRIL|LayerSkip|AR,283ad0824dda7ae60bfd8e1e754e427957f972b64d30cba4b72e1b3b802012cb
stream1,3148,wmt14_de_en,983,full,APRIL|AR|DEL|LayerSkip,e36e7e2658b7eec25698cf667b1ae80a1b70545d8189d7716cfa5b0587a1c7b9
stream1,3149,wmt14_de_en,984,full,AR|LayerSkip|APRIL|DEL,f6bd273a6af2cf8476bc55a2af4110ff7fd65d9d1c42f78fb63c4782c74d36a2
stream1,3150,wmt14_de_en,985,full,LayerSkip|DEL|AR|APRIL,6c3691b861b41ea92a2bb4a49ac189d1491a98080af242dea2bb311f24ddf951
stream1,3151,wmt14_de_en,986,full,DEL|APRIL|LayerSkip|AR,a4b07689958c7c80d744b4206cea32e8f2cd698c270a40b5d5fb9210b98d39d9
stream1,3152,wmt14_de_en,987,full,APRIL|AR|DEL|LayerSkip,bf23fa1909b7c9ec1bce21f2c136fc9200f55a71f354f943d796fb23b17386fd
stream1,3153,wmt14_de_en,988,full,AR|LayerSkip|APRIL|DEL,1944fa89f16bc06720a3a6a027e57de19940bbb82978736694a5e577499a4a14
stream1,3154,wmt14_de_en,989,full,LayerSkip|DEL|AR|APRIL,57c62932c3cc5fe0a3ca15b7bf12c5751e77c95b63657de4cc233881dbfcfece
stream1,3155,wmt14_de_en,990,full,DEL|APRIL|LayerSkip|AR,f7b1611d4dcc1932b551e125bbe9a46bd304639c5baa9400491dd30906be25f7
stream1,3156,wmt14_de_en,991,full,APRIL|AR|DEL|LayerSkip,89e1a9634b0b9d67b992b574908ed2f128c5cbaa2cc42cb830c1edcbe5330b33
stream1,3157,wmt14_de_en,992,full,AR|LayerSkip|APRIL|DEL,70668b89d52271a795f8d3a797a36c95accd25f379f7760bb74b2efb0c611b9a
stream1,3158,wmt14_de_en,993,full,LayerSkip|DEL|AR|APRIL,c8e3908107cc42f4addacaf8397291f231e3bfdfe62d65530774fda09ddf218e
stream1,3159,wmt14_de_en,994,full,DEL|APRIL|LayerSkip|AR,39d1a3f68e70dcf99d537201139be54b2deb5b44a3f40e8860c3a9def0e17c8d
stream1,3160,wmt14_de_en,995,full,APRIL|AR|DEL|LayerSkip,d9e5ae5d2746a933ffb3bb3f97672024ae84a50425705bb3e6acaacac90cfda4
stream1,3161,wmt14_de_en,996,full,AR|LayerSkip|APRIL|DEL,1e6fe00bce81e07654573f358e2778a8049725e1248b39ade691513f6d6ebb12
stream1,3162,wmt14_de_en,997,full,LayerSkip|DEL|AR|APRIL,7c506cd7d02dbaa71a31129bbe7dc8a56116ff050620b9e7cea030ffdc6ba2cc
stream1,3163,wmt14_de_en,998,full,DEL|APRIL|LayerSkip|AR,0c32d3d9d625cb550c4d2cd7ba53c64d6675746ab5853fb434d6dff898e5bbf5
stream1,3164,wmt14_de_en,999,full,APRIL|AR|DEL|LayerSkip,af1a8d17c9e23b5e02b047fd8e1085086e454932e04314f959f36b093f1a7780
stream2,1,cnn_dm_lm,0,gate,AR|LayerSkip|APRIL|DEL,8f52507d5e098ef26fce013af35aebcb0f4f8a9e5d15a42f32a8817c5c7266df
stream2,2,cnn_dm_lm,1,gate,LayerSkip|DEL|AR|APRIL,1e8cc8cf2dcbff3ebd6f6441a286205fd71cd8b18d7337ffd52cf18f0beb8284
stream2,3,cnn_dm_lm,2,gate,DEL|APRIL|LayerSkip|AR,0067772418efd00869eddf14f339366d3cfa4c9d5714354f1ffe04e034ad31ca
stream2,4,cnn_dm_lm,3,gate,APRIL|AR|DEL|LayerSkip,64ceca75d0b8284d45a5928af1a820cf04021b4ef4dfb0ab1ecc41dd4814e464
stream2,5,cnn_dm_lm,4,gate,AR|LayerSkip|APRIL|DEL,0083cc8fd1bb4ac55f15080925705b96f713fdf08016c166f49d68473b5e6b8e
stream2,6,cnn_dm_lm,5,gate,LayerSkip|DEL|AR|APRIL,ab31ed6f54706cec1b695d2766eb9443c5b385e769fe5a409e34f18f8eae6bd3
stream2,7,cnn_dm_lm,6,gate,DEL|APRIL|LayerSkip|AR,f941a3e691f8cf1cbec024383d358d770d9640f15b7710c02ebe87885d63c74d
stream2,8,cnn_dm_lm,7,gate,APRIL|AR|DEL|LayerSkip,0b83a11578da74ac31fc9272dba772e602e29775df3102e8d967a896ace2988d
stream2,9,cnn_dm_lm,8,gate,AR|LayerSkip|APRIL|DEL,ce23ca2e35832455046a21ce0f99c8277a3a553fd8713bbe7458b5270206c730
stream2,10,cnn_dm_lm,9,gate,LayerSkip|DEL|AR|APRIL,a7c373c5e60d8f4b659148fb293948e3c5743d0abdd4cb7b7858796360aadbc8
stream2,11,cnn_dm_lm,10,gate,DEL|APRIL|LayerSkip|AR,215149958c2c4354c14afc0f4addb2cdce2b2b727acaf5d25574090f19ef133e
stream2,12,cnn_dm_lm,11,gate,APRIL|AR|DEL|LayerSkip,6ac4d24608586353bf7085f4daf2b153b885732b6b38cdb2cbfee0e4bb024184
stream2,13,cnn_dm_lm,12,gate,AR|LayerSkip|APRIL|DEL,483f1ba3c0df3f1724051aa6d29eafdc51930173b53a88d1c7d5e4ba19030d77
stream2,14,cnn_dm_lm,13,gate,LayerSkip|DEL|AR|APRIL,af4e67cf52d175d146eab5e1ca76c8d7e78660f7ae0120c2017d3304d3feae80
stream2,15,cnn_dm_lm,14,gate,DEL|APRIL|LayerSkip|AR,7b3b57121d615f3455622655a71f639d6bd189924ae8702ab4a4f407d16eeaf8
stream2,16,cnn_dm_lm,15,gate,APRIL|AR|DEL|LayerSkip,593dec9b89d4c9554b1fab83774b45c61d74582d1a949e95f9a8e08f6b388e5d
stream2,17,cnn_dm_lm,16,gate,AR|LayerSkip|APRIL|DEL,378739deb99a2a93e27ea7004c05c9e00870d6f8b73dcd000752ccec1f33fa1e
stream2,18,cnn_dm_lm,17,gate,LayerSkip|DEL|AR|APRIL,ab0783456afbfb1f650211f4d66fd8f68b8815b8d95286054392bd2f40ec2ef5
stream2,19,cnn_dm_lm,18,gate,DEL|APRIL|LayerSkip|AR,d08decde2389999a8c8fb04826070706defd865cdb4913e6affcab480c59eea8
stream2,20,cnn_dm_lm,19,gate,APRIL|AR|DEL|LayerSkip,0895186aa8a63d1717ece4e1199a987b0aec58dfecb5d3a725db53cb483e5dfa
stream2,21,cnn_dm_lm,20,gate,AR|LayerSkip|APRIL|DEL,5968d9944427436f773fb3d0a3e44559e54bd626bf4cddcb92fbb39dde562e87
stream2,22,cnn_dm_lm,21,gate,LayerSkip|DEL|AR|APRIL,228509f287d8bff44dc70137cf8947502412e3320b6fdf487bb3045fa70b1316
stream2,23,cnn_dm_lm,22,gate,DEL|APRIL|LayerSkip|AR,d012fef0218805fb2405e62f50c60bb2d9cdc3688b3efcff3e17a9c328ac34ca
stream2,24,cnn_dm_lm,23,gate,APRIL|AR|DEL|LayerSkip,90adeedda2a926163d222551665700b10442c64a989c21ab6244818d3d60dd6f
stream2,25,cnn_dm_lm,24,gate,AR|LayerSkip|APRIL|DEL,0b6004f86aa03a942ea42aa3ebb0c117ea1f99f5013dbf59714368c85876872b
stream2,26,cnn_dm_lm,25,gate,LayerSkip|DEL|AR|APRIL,d09324b9e58b096563fb83a2ea744a42a10b4a5d46349eeebd45fd253aed1a7e
stream2,27,cnn_dm_lm,26,gate,DEL|APRIL|LayerSkip|AR,aa9a04aa8010aeb75a63b7d36a42e57ef70fb986024c078dc8e34e6228328cd5
stream2,28,cnn_dm_lm,27,gate,APRIL|AR|DEL|LayerSkip,e4970c4792f4c6acef7d909eedc76c31e2dcf5423740d09fd7b202facbf63399
stream2,29,cnn_dm_lm,28,gate,AR|LayerSkip|APRIL|DEL,5d14fabddb15fc32fd921ea20efa16e94f840f2bc04ce137bb6e3a281f64039c
stream2,30,cnn_dm_lm,29,gate,LayerSkip|DEL|AR|APRIL,29ccd0dd2ec312b89b30249f566efc23d809876e9ba35205e6dd26174b62911a
stream2,31,cnn_dm_lm,30,gate,DEL|APRIL|LayerSkip|AR,0919311524a4f6b5d0fe6ced4f477367a30c86ac8842ca653bd330ef7501a202
stream2,32,cnn_dm_lm,31,gate,APRIL|AR|DEL|LayerSkip,2a647c824e34140e216a667eb679588fec2bfeb4837fb8757bcecb3a0e2da5ad
stream2,33,cnn_dm_lm,32,gate,AR|LayerSkip|APRIL|DEL,9dc429c464ca09f1c8901d35db93d6a57843de69eab2db714383747a6b436135
stream2,34,cnn_dm_lm,33,gate,LayerSkip|DEL|AR|APRIL,b537e5d17e6cc276276b9d107498428311a39ad4764acfab5841b275352a7e57
stream2,35,cnn_dm_lm,34,gate,DEL|APRIL|LayerSkip|AR,327304606a45ff5886bd817954343a3859eaff6debf879873aa130c9740b9902
stream2,36,cnn_dm_lm,35,gate,APRIL|AR|DEL|LayerSkip,2c8e2576e4d75ddf42f7af850bd1a5b12e10ac9c9fde7b148f2d9d6ddbddb673
stream2,37,cnn_dm_lm,36,gate,AR|LayerSkip|APRIL|DEL,dc8fd1776b4d390a78b686e0988186e3d6838599b1910a2b512f7472d8cc4cb2
stream2,38,cnn_dm_lm,37,gate,LayerSkip|DEL|AR|APRIL,c7b3d8a57eb8ad045a041e5faac58a8b7fd112ed8accee784bc12422104ecf32
stream2,39,cnn_dm_lm,38,gate,DEL|APRIL|LayerSkip|AR,fc28e1a66607827bff1261359b94c6478b9f276632c93542835bdb2d2cd9325b
stream2,40,cnn_dm_lm,39,gate,APRIL|AR|DEL|LayerSkip,c12e22ad6297d94ff5d4bb8abc59c8dec5456e20086a27af917ebe3194baec09
stream2,41,cnn_dm_lm,40,gate,AR|LayerSkip|APRIL|DEL,6a09f95465641b7f5685fca7ef5722376f6bc3baf9abebab2e2d06ee3b25a4b9
stream2,42,cnn_dm_lm,41,gate,LayerSkip|DEL|AR|APRIL,caaa32f058b54b144b55328cf529dd06c0f8d7f536dc82cfa6ff4739bf98fc1c
stream2,43,cnn_dm_lm,42,gate,DEL|APRIL|LayerSkip|AR,24f4ed4cef6aa1b0d52605b93cba984b7ddcc4f74c7885b30d5a82fe1aa2360f
stream2,44,cnn_dm_lm,43,gate,APRIL|AR|DEL|LayerSkip,a469b3a97faf036beb9b8bcbae120038e74f31418a3e44ae4371661bb89de7ac
stream2,45,cnn_dm_lm,44,gate,AR|LayerSkip|APRIL|DEL,6a362667f28bbb2e85802cd6a4dfa31fc2c76820f32fdd7586dfe511e2a650d7
stream2,46,cnn_dm_lm,45,gate,LayerSkip|DEL|AR|APRIL,7a4a54c04464b902e4e7ba4d08675cce2a2eba014ba58b5ca15eba5515bb141b
stream2,47,cnn_dm_lm,46,gate,DEL|APRIL|LayerSkip|AR,25e982ee0f550a09e56c07c00fcc3372966501a3379691c016bbad1d9887a0e3
stream2,48,cnn_dm_lm,47,gate,APRIL|AR|DEL|LayerSkip,465cbce67e83f4556f2e5fdbb9e08fff3872dab60158764b540844fea2462b01
stream2,49,cnn_dm_lm,48,gate,AR|LayerSkip|APRIL|DEL,3f92c2978ee012d1cbad7f1f96f4ed9069535f50ecbce847fad88c706d2ba2ff
stream2,50,cnn_dm_lm,49,gate,LayerSkip|DEL|AR|APRIL,3cb57970b760700850671cd34dc2c8d826886712bfb98ef84f9c300c8133d652
stream2,51,cnn_dm_lm,50,gate,DEL|APRIL|LayerSkip|AR,38bdf0f041eb036bff6d3cfcd904038a6492f03a1d79ef674453d210516daa23
stream2,52,cnn_dm_lm,51,gate,APRIL|AR|DEL|LayerSkip,692e040c847dce1a1ba5306e235fbf3c7b51002ea7dab17263bec90ba50d9de4
stream2,53,cnn_dm_lm,52,gate,AR|LayerSkip|APRIL|DEL,7e88cc13a6a735ffb7f30e0c51a4420a19e7066fb273dc87961c869f895d0202
stream2,54,cnn_dm_lm,53,gate,LayerSkip|DEL|AR|APRIL,20a9d8877c51bafb4a823ad5cb6d83589208d53e28cc8eec89dadf52d1179109
stream2,55,cnn_dm_lm,54,gate,DEL|APRIL|LayerSkip|AR,516e50b93de421a32a917fbe0c47525db0757f10e2e485d90c870479dc6cab8e
stream2,56,cnn_dm_lm,55,gate,APRIL|AR|DEL|LayerSkip,36cf1201d9dd474923707e7ef4c702bb872a8860d162d083a33a73947c2f95ae
stream2,57,cnn_dm_lm,56,gate,AR|LayerSkip|APRIL|DEL,2139f8d575b141bd4231dff02ba8880ca41556c755e846932ee4ed04fcf74704
stream2,58,cnn_dm_lm,57,gate,LayerSkip|DEL|AR|APRIL,004a933fcedab36de88a2cc0f159fae95545f5e3dedba7809dedacdc1423c4f6
stream2,59,cnn_dm_lm,58,gate,DEL|APRIL|LayerSkip|AR,5419422ff9e28a373abdf214b64554d487a34347f46b64fe6089d432a6dcb64c
stream2,60,cnn_dm_lm,59,gate,APRIL|AR|DEL|LayerSkip,79fd203fd3b7285f061cd1c011078bbbb7c69bca9f2aebe1da86591a55896f8a
stream2,61,cnn_dm_lm,60,gate,AR|LayerSkip|APRIL|DEL,805affd5d424571b7cc95f077c07b69ab0f1b4984bde32efe847ee821c7c06c4
stream2,62,cnn_dm_lm,61,gate,LayerSkip|DEL|AR|APRIL,707fb8f3fe361c2edfaf5c561fbf1dbd4839a679e3b373457c0490f82d90e970
stream2,63,cnn_dm_lm,62,gate,DEL|APRIL|LayerSkip|AR,21a12ac5f0aae74b120c2c75872b917e49b811d58ae1f67805f889d50e7c2ac3
stream2,64,cnn_dm_lm,63,gate,APRIL|AR|DEL|LayerSkip,c1e3c5938f84c7602600dade996da2cf40328667e0146e06e6116b5722178d4e
stream2,65,cnn_dm_lm,64,gate,AR|LayerSkip|APRIL|DEL,ee6cef462ea7511f6e1cbdbc43a05aadafc511b747311488856dccc49574fc5d
stream2,66,cnn_dm_lm,65,gate,LayerSkip|DEL|AR|APRIL,9f342f1a535cdc61c28db95cae3c423677390218876d7803fa23f7cc77f0ebb5
stream2,67,cnn_dm_lm,66,gate,DEL|APRIL|LayerSkip|AR,24d7f5f53a4192d049214a0c22056b979188ece3b2c382c82f0d809d49d2f127
stream2,68,cnn_dm_lm,67,gate,APRIL|AR|DEL|LayerSkip,fa45f6641a42e3f575233ba56a2e75a12c1750e76e4364d3f11ac25f737fe8bd
stream2,69,cnn_dm_lm,68,gate,AR|LayerSkip|APRIL|DEL,b40fb80e25371301fb3ed88620f29a1d7f1d32053bf858c08624d85b735f07d5
stream2,70,cnn_dm_lm,69,gate,LayerSkip|DEL|AR|APRIL,4945eea1367af3b64459c338ef49a3d76e604b55d2798c620f3d965b9f5e095e
stream2,71,cnn_dm_lm,70,gate,DEL|APRIL|LayerSkip|AR,a39fe419a61814ca4c5644a776ee3fa28888f055d0d0c6d840091e4388636b17
stream2,72,cnn_dm_lm,71,gate,APRIL|AR|DEL|LayerSkip,a19a6193895a563310bd50cc18436eb459b6ac84031e3f8aee69423147bc596c
stream2,73,cnn_dm_lm,72,gate,AR|LayerSkip|APRIL|DEL,28e8e90b130f36d723d7b09467cf595f4e334093dc5c8cbbf182dd66526487aa
stream2,74,cnn_dm_lm,73,gate,LayerSkip|DEL|AR|APRIL,3702c5353d142887430a3afb79541db2416b2e458d808ba75a20e9b4c3d1c4d0
stream2,75,cnn_dm_lm,74,gate,DEL|APRIL|LayerSkip|AR,8644712c1af59efbf35fbc79a9b198deb540fd5b7cb3e207d2ce22822b40ddc6
stream2,76,cnn_dm_lm,75,gate,APRIL|AR|DEL|LayerSkip,35d426288d35a8b8580634a964ccd31e4cb176ae817283ac27e14db9d163227b
stream2,77,cnn_dm_lm,76,gate,AR|LayerSkip|APRIL|DEL,39818c0836faa6d95799b6fd15dcf7314dc32e3f9242d606a64a5df05a20d21f
stream2,78,cnn_dm_lm,77,gate,LayerSkip|DEL|AR|APRIL,999db18d33a3f6470ec6b330647f48194cf9a04073b856ff674748cb1c5c48b4
stream2,79,cnn_dm_lm,78,gate,DEL|APRIL|LayerSkip|AR,da5257a0073284363a869f9bb7993abdf6e5670e356c7d6e083b0bb0f17003ef
stream2,80,cnn_dm_lm,79,gate,APRIL|AR|DEL|LayerSkip,720263d70e80d76b5ad412466e563fa4ecf07d3e051102ed5eb7ab737dc018a2
stream2,81,cnn_dm_lm,80,gate,AR|LayerSkip|APRIL|DEL,488e4c355f3acb0de125b05c91e669705453e33efd5f8fa7997adcf6a3ccabb9
stream2,82,cnn_dm_lm,81,gate,LayerSkip|DEL|AR|APRIL,56f7048b8dc69eaa8a58fb7f90fb23989c8de4ffec7ffc6dc6cf68b9ae246a9e
stream2,83,cnn_dm_lm,82,gate,DEL|APRIL|LayerSkip|AR,b2cfdf24c2022703e325610a212ab90e8b9b81ba3701ef926bca23800a2818e1
stream2,84,cnn_dm_lm,83,gate,APRIL|AR|DEL|LayerSkip,daf47d114fd7e4651a9cda61255f4b537e5c37e77c659ca48a16ffc429b13533
stream2,85,cnn_dm_lm,84,gate,AR|LayerSkip|APRIL|DEL,601df6bdf9db2e8acc04500a62c800de9d1ba7122b564cbddc8b2c270f099dcc
stream2,86,cnn_dm_lm,85,gate,LayerSkip|DEL|AR|APRIL,94667946cc4c33ec016dd5597c05fcbffd1824c460f4b554b79ebe68f7b8a81c
stream2,87,cnn_dm_lm,86,gate,DEL|APRIL|LayerSkip|AR,07c86738eb2372cb8d89a7f011a0ac3d9ab066c88ca0d5188ec55acf7d377d6d
stream2,88,cnn_dm_lm,87,gate,APRIL|AR|DEL|LayerSkip,5c4e526a59039d87f8178799a661cd21b197163fc233224c36863541c6036d25
stream2,89,cnn_dm_lm,88,gate,AR|LayerSkip|APRIL|DEL,02046d9ff42a62ef8e45e37d205f34783edb16f58746643d8bfa249e87218ce2
stream2,90,cnn_dm_lm,89,gate,LayerSkip|DEL|AR|APRIL,a7a0757bc0bbd2e695dd5feb6e740895ee759ff798fe4b5fce01640847f916c5
stream2,91,cnn_dm_lm,90,gate,DEL|APRIL|LayerSkip|AR,6c64836fa4ff2c327d4316ebbd11e9a4705134d692b456981c54e3390f91e131
stream2,92,cnn_dm_lm,91,gate,APRIL|AR|DEL|LayerSkip,a66fe3677eb884047f435a67d7a2afdc2484077e17953ee6454bbd625b394985
stream2,93,cnn_dm_lm,92,gate,AR|LayerSkip|APRIL|DEL,cb181daf5805c280855e7a6deca5b638f1a453f82e83a5f8bca3c7235b5b90bf
stream2,94,cnn_dm_lm,93,gate,LayerSkip|DEL|AR|APRIL,4ab62b12f2d5b73c6c1710571999e4bc16d79d3ee72beb552fe7f05cebd92225
stream2,95,cnn_dm_lm,94,gate,DEL|APRIL|LayerSkip|AR,2df3b011d2f0d0ef6f90bfb07b7f586cac878d46e1460b0ff55ce1a2ed6edbaf
stream2,96,cnn_dm_lm,95,gate,APRIL|AR|DEL|LayerSkip,b9a249509ad907bcd04c2fee986c201b5eca473c721bae742ce0a04170803421
stream2,97,cnn_dm_lm,96,gate,AR|LayerSkip|APRIL|DEL,347dce74fbb3287c6ad69821875614d221ccb63012b27d4cfa8e732259b255ca
stream2,98,cnn_dm_lm,97,gate,LayerSkip|DEL|AR|APRIL,9fa823564791e4298a014191bdd7c7a2b35f9ec8eb752ae8e0059797f3f93165
stream2,99,cnn_dm_lm,98,gate,DEL|APRIL|LayerSkip|AR,ceb5e258878351b413423fa2ec2d41c12a3eebf28e811869ca934d71f2ee94b9
stream2,100,cnn_dm_lm,99,gate,APRIL|AR|DEL|LayerSkip,a0e59d5bfb5f6786be79d0274825dee725c3aa021cfc9ce446e650c700f1daba
stream2,101,cnn_dm_lm,100,gate,AR|LayerSkip|APRIL|DEL,acfe68cfbbfde58456e7f0dbaa5c4c08eef46c26b7c3f2235df745bff47d0b55
stream2,102,cnn_dm_lm,101,gate,LayerSkip|DEL|AR|APRIL,e9b5b8e0fc82e62a8cb20e2b5e8a91a32d43bdd3de7da5e05a36af8146f3be39
stream2,103,cnn_dm_lm,102,gate,DEL|APRIL|LayerSkip|AR,62b3550452ce590a0337d357d8584a358dc5b8aa6d3dbb75065069b84d6242e9
stream2,104,cnn_dm_lm,103,gate,APRIL|AR|DEL|LayerSkip,16c89953386f8b132199ee873255a26e8936a0115daf835fee817091995ba17d
stream2,105,cnn_dm_lm,104,gate,AR|LayerSkip|APRIL|DEL,9daeac2f7a8b69e0262e141df9b2b1c3e7e72d9ff4888b60666b8f21e4e02f68
stream2,106,cnn_dm_lm,105,gate,LayerSkip|DEL|AR|APRIL,9e50251573408c2b5427ab350a67ad1a97c482649794d6551939357f2b4bd940
stream2,107,cnn_dm_lm,106,gate,DEL|APRIL|LayerSkip|AR,a0e1c58f367133ec5be7662357cb92dc18f1cdc372dfaea4260810d8c4928c5c
stream2,108,cnn_dm_lm,107,gate,APRIL|AR|DEL|LayerSkip,c8dfcad0ffc83aafa5688bec981ab3ad048e5aafe906784f80d734589c7d43b3
stream2,109,cnn_dm_lm,108,gate,AR|LayerSkip|APRIL|DEL,0f31e8b623eb278d891df1e2fdbcc8c3fe943f37da0534927fb4e055ca283129
stream2,110,cnn_dm_lm,109,gate,LayerSkip|DEL|AR|APRIL,3a6dfb2fa28cd2330a437ea78bcea064f11c22bf695d8beb7020de262cd71096
stream2,111,cnn_dm_lm,110,gate,DEL|APRIL|LayerSkip|AR,0488eba053d33d1523b7ac554bdfd2ec2fc7447833a7fff73e33e737554a8d95
stream2,112,cnn_dm_lm,111,gate,APRIL|AR|DEL|LayerSkip,cf618c91b2b003272a009c7786e1c014fc1a74cc1c195d87764a1f76e2dda4ee
stream2,113,cnn_dm_lm,112,gate,AR|LayerSkip|APRIL|DEL,6033b5f27d793228e40e84dae5fdc79b17fc9a3e6fb317540238616146a4e7f6
stream2,114,cnn_dm_lm,113,gate,LayerSkip|DEL|AR|APRIL,889e54746641c37f32efd80f7969d5fc01e6818a46b85cc28811564403a3953f
stream2,115,cnn_dm_lm,114,gate,DEL|APRIL|LayerSkip|AR,1d7014c3eeea855594949b58e6d4c51e27c7b845929d756d2e550610aa0252a0
stream2,116,cnn_dm_lm,115,gate,APRIL|AR|DEL|LayerSkip,380812b7e94171fbaebc00cd3698f7d7c7306bbe667bca3b6b1bb32cf0e72e06
stream2,117,cnn_dm_lm,116,gate,AR|LayerSkip|APRIL|DEL,58357c5072d8a896637ecab91163f9eee8c8eaac0fb17e26a03adb6000b74cab
stream2,118,cnn_dm_lm,117,gate,LayerSkip|DEL|AR|APRIL,2b019f34683f29f60e0c66a4a3a70fea161331acd1793eec2bade5dcd046912e
stream2,119,cnn_dm_lm,118,gate,DEL|APRIL|LayerSkip|AR,b8816d2192706ad3598f0c83ff4f5d93ff6f1d312ac107cdfa5ed29a4b22ad96
stream2,120,cnn_dm_lm,119,gate,APRIL|AR|DEL|LayerSkip,4ede02e855814d9d8218a0b83126a3d3d2066531ecb85d3e0926a2aab105c886
stream2,121,cnn_dm_lm,120,gate,AR|LayerSkip|APRIL|DEL,8341068223b9e4a20363a91136b8f7a205040c27e790153cf7953b13635f01a6
stream2,122,cnn_dm_lm,121,gate,LayerSkip|DEL|AR|APRIL,a843950f75ce8701654157862331d662ae542445206f3e5977cfd50b5df86f6a
stream2,123,cnn_dm_lm,122,gate,DEL|APRIL|LayerSkip|AR,a21d802cd1b045ad8515ccf296e3ca21aafacf41d3b7acf2aa9b2b175ce1caac
stream2,124,cnn_dm_lm,123,gate,APRIL|AR|DEL|LayerSkip,d9cdda74d5a7f57e5aa9d124dc39bbad4037c62aa5a1f1d414725640f039af66
stream2,125,cnn_dm_lm,124,gate,AR|LayerSkip|APRIL|DEL,4c51e3e587436479bc59a26c1498f65752c4a8d0e572b95000cd64eac91d94f5
stream2,126,cnn_dm_lm,125,gate,LayerSkip|DEL|AR|APRIL,6b0a65d00f99a48a9ac787da4c384644eea45b566ed1ba14fc27444b4b04ae93
stream2,127,cnn_dm_lm,126,gate,DEL|APRIL|LayerSkip|AR,0b6106fdc86691c30a4eb96b1204350fe1321b1a718ae74e56e9f2bbb05470e1
stream2,128,cnn_dm_lm,127,gate,APRIL|AR|DEL|LayerSkip,8d9821cf6af79b8897df506ef4a83b1d2be8c98b09f3cd7d47ad162b0d8e7074
stream2,129,gsm8k,0,gate,AR|LayerSkip|APRIL|DEL,df8b292637d1118ad54f3fc4b35ffe1634594058804f896cb347c0d24b70eb5f
stream2,130,gsm8k,1,gate,LayerSkip|DEL|AR|APRIL,610d79d87f9fc60e5d32d42d3e913ab91b37acfe00b7058caba87e47d72d25e2
stream2,131,gsm8k,2,gate,DEL|APRIL|LayerSkip|AR,71aa1fa32efced7efaa507bf075290de49f2e506af25332df58920f390cfa7bc
stream2,132,gsm8k,3,gate,APRIL|AR|DEL|LayerSkip,739c9b237c5275d72de3d9a596dcf927b38ec3b27b125d62ad5e9c29abf155eb
stream2,133,gsm8k,4,gate,AR|LayerSkip|APRIL|DEL,3f345852bde65bde74c0b6ba82b146b51f86e7cb7eace491d67fcffac41128c7
stream2,134,gsm8k,5,gate,LayerSkip|DEL|AR|APRIL,36e8df2bcee3076711c3a9be5ba6b6865a2035bdf2f71fc9c4c1669d173c4eb0
stream2,135,gsm8k,6,gate,DEL|APRIL|LayerSkip|AR,0e44265c8c64e085a34640c8c08f53222008fb0fecfad0bf8be37cb44555ec21
stream2,136,gsm8k,7,gate,APRIL|AR|DEL|LayerSkip,b15e4a11fd3761b34750b62242bd7fa4754b5e50a201f8d4dba0151e4554e823
stream2,137,gsm8k,8,gate,AR|LayerSkip|APRIL|DEL,4ea43353910591c963cda4f1c72058e48955f2e9dd3d419734a840ebbbbb5e12
stream2,138,gsm8k,9,gate,LayerSkip|DEL|AR|APRIL,e35b3cc98064ee75e26a9e0ad30744b702b6c3ebec51eebb2bcf2c158674cb81
stream2,139,gsm8k,10,gate,DEL|APRIL|LayerSkip|AR,d5f889ec23871e7e8ede6af59781e515c16618fefca6d011f40335de8c126a64
stream2,140,gsm8k,11,gate,APRIL|AR|DEL|LayerSkip,61cf39d1b29cd0c55ca5647370f8041037fa66f88873a0e7003e70b16108f8b4
stream2,141,gsm8k,12,gate,AR|LayerSkip|APRIL|DEL,3ae6890ff3ac800cd2222c35c9e7a71956c5644f162c661e3e0eb073705f64c7
stream2,142,gsm8k,13,gate,LayerSkip|DEL|AR|APRIL,821296d9709fbf6b24bf3a8a4e1f223a606b8feab0082becbbea1509bcc7885a
stream2,143,gsm8k,14,gate,DEL|APRIL|LayerSkip|AR,fe49d7e3138001d2f89b2a14def206b603469d05845ef201126819a746fbeee4
stream2,144,gsm8k,15,gate,APRIL|AR|DEL|LayerSkip,7c67bba8af2625a9e095ac1cb84e2ca9a913028792595700417b9fded6548e64
stream2,145,gsm8k,16,gate,AR|LayerSkip|APRIL|DEL,bdbb622d0a8f13e8ca4501923f3b63b0fc1a554ba30f2814cef9064e31dcc788
stream2,146,gsm8k,17,gate,LayerSkip|DEL|AR|APRIL,670928dea759adc102851b4a543a2dd0de35ecc0938864587dc978dd28d2c8e5
stream2,147,gsm8k,18,gate,DEL|APRIL|LayerSkip|AR,fc0e331d898f7c7f1c87d1984ae1337162f8d0e4ec9d6fa9c974fde023a97414
stream2,148,gsm8k,19,gate,APRIL|AR|DEL|LayerSkip,56c3d87640a0b9a7024438a6157aff443c07cdcac8fe109230fd40ca98d15580
stream2,149,gsm8k,20,gate,AR|LayerSkip|APRIL|DEL,860a2477051c399cfe4cf97f6c680d31fb03a4adc1eeee9e1a20f71350a3bcba
stream2,150,gsm8k,21,gate,LayerSkip|DEL|AR|APRIL,95314c04959443e0ec59e53438ae2b38840498476d89a4145ed11d81dcc06331
stream2,151,gsm8k,22,gate,DEL|APRIL|LayerSkip|AR,9ed5de5bf34be18bf2b7c825b971ad5061fa221b572c77e80f0be3cfe6a251d8
stream2,152,gsm8k,23,gate,APRIL|AR|DEL|LayerSkip,15275b87f0277155c931b1c6339dc63bb9eb8252685e54eb385424446062245f
stream2,153,gsm8k,24,gate,AR|LayerSkip|APRIL|DEL,248b1eb936d059dd80a102b46f51cc91c55283b9418dc13a1701a2b47153224b
stream2,154,gsm8k,25,gate,LayerSkip|DEL|AR|APRIL,2ea6718de174fea7c7be9af0bfba03a472283df3986bcb61f2ee29ec37fcbaa9
stream2,155,gsm8k,26,gate,DEL|APRIL|LayerSkip|AR,8df23eff08e77bdb58a38f0de878ec0f7ca952468857aff4387761bc917c8e86
stream2,156,gsm8k,27,gate,APRIL|AR|DEL|LayerSkip,ea38b91b7e8d92bd017f1330cb910e5bbce2fc02309a71494d61250658468044
stream2,157,gsm8k,28,gate,AR|LayerSkip|APRIL|DEL,0daa018374923c27f9f51e76542a24855293902e07fec09184c9912720d41651
stream2,158,gsm8k,29,gate,LayerSkip|DEL|AR|APRIL,dd22541abda9997536bb0798c127cf04b7ca7d020c7ff8aeb89f3d8eaf149950
stream2,159,gsm8k,30,gate,DEL|APRIL|LayerSkip|AR,9697b91ad93766c3dbc1fdbb29f03463b1ffa6cb41940eab6b2c42653f456f17
stream2,160,gsm8k,31,gate,APRIL|AR|DEL|LayerSkip,7beb214f6527c36a110ba6488c573947ef635d5aaa3761ca50d7fd1ee9735182
stream2,161,gsm8k,32,gate,AR|LayerSkip|APRIL|DEL,1eac246fff28ef63208bdc255abc3c1720cb094fd0fd412483554b8b26376888
stream2,162,gsm8k,33,gate,LayerSkip|DEL|AR|APRIL,04b70b83a96059c85f4be54f2d0f41e6dc14f2b287442f02de9bd40fe13e6253
stream2,163,gsm8k,34,gate,DEL|APRIL|LayerSkip|AR,24130bb8b9df61c8c1b11a4570d2790e4f12505e2a47cac0316add54f3706451
stream2,164,gsm8k,35,gate,APRIL|AR|DEL|LayerSkip,5d9b7850fd6d67ed0bb242c625cd535887715bb5c42c65f62baa72707ab3c0ee
stream2,165,gsm8k,36,gate,AR|LayerSkip|APRIL|DEL,12f294bfb3e8c5cf60d11a56ceda3adf813c049611934e6e80f54550f3200188
stream2,166,gsm8k,37,gate,LayerSkip|DEL|AR|APRIL,6b2afa7901b485fc7e70b25f691f1d143a5d9e05fe0f6c5fad065adb2f66fe3c
stream2,167,gsm8k,38,gate,DEL|APRIL|LayerSkip|AR,29042a4572b50d98539706a14752da854898ad65bfe05984ef19ddf08ca609e6
stream2,168,gsm8k,39,gate,APRIL|AR|DEL|LayerSkip,adfa2384a070cb0c8954c364b9f42e45a05bfcd226a5ab4a7437b41b49e457d4
stream2,169,gsm8k,40,gate,AR|LayerSkip|APRIL|DEL,d202ee8c58807eeeb9b33f2e27c081e2e70e33bffb7ac38e20bb1cf53ba42a8a
stream2,170,gsm8k,41,gate,LayerSkip|DEL|AR|APRIL,e54e02b84d3f876f805131b25f94d48658dbcc4803bce9c3c53226d856dbdfb4
stream2,171,gsm8k,42,gate,DEL|APRIL|LayerSkip|AR,0469538dc96e5614119a3260887bc8cb38c0858da8b478be38e7d3dc4a63e3b0
stream2,172,gsm8k,43,gate,APRIL|AR|DEL|LayerSkip,dfda96a03cbc870e818551c899a96b967eb00cc111715e021cc41e689e526de9
stream2,173,gsm8k,44,gate,AR|LayerSkip|APRIL|DEL,e8c1b5ddf5547d5d9f8ed3fccdd470d109f32956c14fbd16c1030ef3108804a4
stream2,174,gsm8k,45,gate,LayerSkip|DEL|AR|APRIL,ea099ee49c2912b4d31553014d984b73f604ec80702496cf975761047c663e0f
stream2,175,gsm8k,46,gate,DEL|APRIL|LayerSkip|AR,34c090c223c0c9298d30d52082491f071ddb2b9f812698710bbd1074bdd950f8
stream2,176,gsm8k,47,gate,APRIL|AR|DEL|LayerSkip,963291cab2a30fc4e5a7c7b350bd46b56c74bac58b3b8a487d91555cb789c91c
stream2,177,gsm8k,48,gate,AR|LayerSkip|APRIL|DEL,6c500b33ff3f1deaf34b32dd4a179b9ff622e93876b0fe5d44adafc82e96d285
stream2,178,gsm8k,49,gate,LayerSkip|DEL|AR|APRIL,581b7e560211d37bca757f4324c245fb611964c0104f09475b744f9b56d67a7b
stream2,179,gsm8k,50,gate,DEL|APRIL|LayerSkip|AR,d470c78d849c97300b8c14dfbc938a60a0463f19bb69809b26ca1d312b461511
stream2,180,gsm8k,51,gate,APRIL|AR|DEL|LayerSkip,9a10d3aa25336501d249a781f0d4cff866d2a6d6dfdcd782e7ab7fccefc9e223
stream2,181,gsm8k,52,gate,AR|LayerSkip|APRIL|DEL,5b562268ae6bd3e7d906b0e0674e7c466b5ce23492bc265da28e887965f6f715
stream2,182,gsm8k,53,gate,LayerSkip|DEL|AR|APRIL,5bc97a2474b593c7a2a7ef5a306d59fe72dd8428fecbfb55934e7bcc172ace3c
stream2,183,gsm8k,54,gate,DEL|APRIL|LayerSkip|AR,d04e7a233ecdc618c06c2e5b7d8b48110055e70ae5b8b5f9669513f522cc6974
stream2,184,gsm8k,55,gate,APRIL|AR|DEL|LayerSkip,66ef8f30fc7046a4ddbdbbf37aa87e92718cdddfabad12fe9195b4b5dfbd846c
stream2,185,gsm8k,56,gate,AR|LayerSkip|APRIL|DEL,dccefba69169e43a4ffcb630d4a15e8190ce836e28abdf228de9cef158043216
stream2,186,gsm8k,57,gate,LayerSkip|DEL|AR|APRIL,852e2bbd180733b277cdaec2582f6993982742a21ccf6e60bea8c4ac9415622c
stream2,187,gsm8k,58,gate,DEL|APRIL|LayerSkip|AR,6a4a2610db7dacf53aad5906d1acca3923423842335c6a868ab79f070174c499
stream2,188,gsm8k,59,gate,APRIL|AR|DEL|LayerSkip,3f66e24371b0e232618aba3c610106ad14885828a2b4124849531bb44ad21015
stream2,189,gsm8k,60,gate,AR|LayerSkip|APRIL|DEL,b2b1f5887ff712098732e8a06fb6b7f5e9e9277ece4d1162576eee59e8ba2152
stream2,190,gsm8k,61,gate,LayerSkip|DEL|AR|APRIL,ee1bcc30609de0c71f15eae1a082573b880eac4818a388c0b16dfe55985ec684
stream2,191,gsm8k,62,gate,DEL|APRIL|LayerSkip|AR,109d3e2202acfe81f6e7d89b29b618abed572ba44669ef142362de786f4235fb
stream2,192,gsm8k,63,gate,APRIL|AR|DEL|LayerSkip,2b67896e6619cd02d130f6412467619327842127359edeb524584bce32a4cef8
stream2,193,gsm8k,64,gate,AR|LayerSkip|APRIL|DEL,4b9d4688970c756f915a5da190576b1b72d59ad8d6cd194400801d9bea526585
stream2,194,gsm8k,65,gate,LayerSkip|DEL|AR|APRIL,a0b16554dcb759201c1f7887dfffcad60d4b0bd3d8374dfe55c722a8d0c0fc8f
stream2,195,gsm8k,66,gate,DEL|APRIL|LayerSkip|AR,90392f59c84091b8a65b9fee97b5bd189220624cdecebc502c2978e09d3c67d9
stream2,196,gsm8k,67,gate,APRIL|AR|DEL|LayerSkip,564025387deb7e6b5a66e43b0c5d10fc9eabf7e18d5535cbe99b149de7e837d7
stream2,197,gsm8k,68,gate,AR|LayerSkip|APRIL|DEL,1e630a4b9311f168e147df1d326c7e5a67f8db7f369a507e4806f211612f620b
stream2,198,gsm8k,69,gate,LayerSkip|DEL|AR|APRIL,7b2942a7f2dfec7a7c63cbcda6853977aa38dc0cc2c89d5719f1bb8cec6a54e4
stream2,199,gsm8k,70,gate,DEL|APRIL|LayerSkip|AR,85f0d3b1a47fa90ca9bf8e204d1f7070c876df20e828f6d48f67f40de6f7ec02
stream2,200,gsm8k,71,gate,APRIL|AR|DEL|LayerSkip,be2d0154daa378e1a817058006125d6cdcb88c403553330d22b132a7e86f04b9
stream2,201,gsm8k,72,gate,AR|LayerSkip|APRIL|DEL,8550188c36d803011791124f0b472bee62de97d7f5c10398e5f3ae2e6d2f593e
stream2,202,gsm8k,73,gate,LayerSkip|DEL|AR|APRIL,5ddb80f69c8301f8e4ce8d27f80d47841a3e1ef7a8e5d5f999a674a41fbb7b7b
stream2,203,gsm8k,74,gate,DEL|APRIL|LayerSkip|AR,162a0cfbfa1dc0a0fb1280d08359bb427e37d62ce06d219ec0b7f40a548319c5
stream2,204,gsm8k,75,gate,APRIL|AR|DEL|LayerSkip,0ff678154f64eea5b9a8daefb76013807d403825337a9e6d051383ce5d88775b
stream2,205,gsm8k,76,gate,AR|LayerSkip|APRIL|DEL,8d2a912988480145d7390635b3dfb959e4000598328de857992a5b63bb45d255
stream2,206,gsm8k,77,gate,LayerSkip|DEL|AR|APRIL,64808a01dc90f0c76c105d495cb6a5919e09c4a6d5e68dc3697b7ab7462eed9e
stream2,207,gsm8k,78,gate,DEL|APRIL|LayerSkip|AR,13163f29fac57011564989af2c62a880b155cb7cef0285172388af71f564d35f
stream2,208,gsm8k,79,gate,APRIL|AR|DEL|LayerSkip,e521f4bd152832f5b081f9807f77cb0d1360a8a97ce4b642718801f5c93372ce
stream2,209,gsm8k,80,gate,AR|LayerSkip|APRIL|DEL,63ebf2373b10cca0fba2d550c565834cadf259baaad3f8db498766d56bfc3e4a
stream2,210,gsm8k,81,gate,LayerSkip|DEL|AR|APRIL,72b7f965c143a455b3f05da7aebfe388df1b6622931329ad7bb3810f2c5d5cf2
stream2,211,gsm8k,82,gate,DEL|APRIL|LayerSkip|AR,112935de9e968ecb5633f44a9e25eca4d885e1bf337dffe88183f91add367dd0
stream2,212,gsm8k,83,gate,APRIL|AR|DEL|LayerSkip,f66496b5187bf10a9b5be9b08b2c8534609585ad4015b0e93d50c90191f0cb86
stream2,213,gsm8k,84,gate,AR|LayerSkip|APRIL|DEL,206df4997e7d96dca2c5b58ca8f0889d166ec40cc6ede4caf91dbec18a81c47a
stream2,214,gsm8k,85,gate,LayerSkip|DEL|AR|APRIL,bc3174d73b8832f550304682ecc43d932465057788cd6a1795c9ea1c21decd35
stream2,215,gsm8k,86,gate,DEL|APRIL|LayerSkip|AR,873be4036eb3552f289381a23c233450fee48c16bed184b964c0d2fcce64b7dc
stream2,216,gsm8k,87,gate,APRIL|AR|DEL|LayerSkip,0593f4b28700fdb66199028ddf9b0ee30ef6b3cbbbab5decf241d9b031699342
stream2,217,gsm8k,88,gate,AR|LayerSkip|APRIL|DEL,c5ca58069ce58ad1fc0377c54f89d519254213d8e65e2d15b49b0fa448043b09
stream2,218,gsm8k,89,gate,LayerSkip|DEL|AR|APRIL,b88497072f714c5f177d89d5800402a1fc4379eae6cfda3920ae6e2fa08ac12a
stream2,219,gsm8k,90,gate,DEL|APRIL|LayerSkip|AR,1abf20fe10dbe083de41ba94e516112615d197a9329a994d3ae0c37ba90002f7
stream2,220,gsm8k,91,gate,APRIL|AR|DEL|LayerSkip,9c9a484f266838145a87b328974d87c67394264c6e0c9a26ed6ce95e110a38a7
stream2,221,gsm8k,92,gate,AR|LayerSkip|APRIL|DEL,4f95dec30c6de0e7f243ce366d11c4b66488f0ca794370e984f8c25dcd5416af
stream2,222,gsm8k,93,gate,LayerSkip|DEL|AR|APRIL,5eccfef814231dd2717085da120d15e587bdcec1a92de1a5f48f98ebd50bea1f
stream2,223,gsm8k,94,gate,DEL|APRIL|LayerSkip|AR,f05562258a59893c3fa81297b9ed3a60080cf40b50298fa9d44c708f859ff53a
stream2,224,gsm8k,95,gate,APRIL|AR|DEL|LayerSkip,bcb6e60254c34df582d24635bbc52c503f584cc169e4d16d86e39fc19513885c
stream2,225,gsm8k,96,gate,AR|LayerSkip|APRIL|DEL,56b28414ed4a402acec66c9897adc2cffcaf2f7cf556f12d95c494d2562bbcdf
stream2,226,gsm8k,97,gate,LayerSkip|DEL|AR|APRIL,ad0b3b625c23a7a3ba7ab66db50b089f0178ee43ead1ff37bc704d1d9e3c6119
stream2,227,gsm8k,98,gate,DEL|APRIL|LayerSkip|AR,6d64b8a8f68497ea83f6940bfcb28fc77a1f3c4a0baff7e4b5f550efc7aec198
stream2,228,gsm8k,99,gate,APRIL|AR|DEL|LayerSkip,f96c3d51c9dbe689359728570fcbe5f06a7aaf7c0151773ff26f8934ba0906ce
stream2,229,gsm8k,100,gate,AR|LayerSkip|APRIL|DEL,b23a99ade1ea219355d0107f7c5ca9b5585cde8096ede3bdf586ac84dc2d9cba
stream2,230,gsm8k,101,gate,LayerSkip|DEL|AR|APRIL,fff5623a7193bbd67de4b94b4c84a094695c0094dd2990b96ed04204b76e5ef0
stream2,231,gsm8k,102,gate,DEL|APRIL|LayerSkip|AR,9bdeaf75884fd0eb59322c9238c21761d1d3c7b0be0d8e52dae024f0016382fe
stream2,232,gsm8k,103,gate,APRIL|AR|DEL|LayerSkip,06757189bd8b347ca36a45835df0bc01cc7bd77ca697747c79d243715131c124
stream2,233,gsm8k,104,gate,AR|LayerSkip|APRIL|DEL,00b9c0385ce9e4fdb4696aafbcdd27468e06e359a758cf9d9f709323b3616778
stream2,234,gsm8k,105,gate,LayerSkip|DEL|AR|APRIL,4cec152af19cbb22ae05be9ca14ef5ad829769293e38729f4052ee13c210fd1c
stream2,235,gsm8k,106,gate,DEL|APRIL|LayerSkip|AR,0b29f55565e447659d8e217fc08249550b5e9dd38143b01bd0c2067a8d7a498e
stream2,236,gsm8k,107,gate,APRIL|AR|DEL|LayerSkip,86df2b382cd105db2a52e29eae537cfa2ddc746d51795af8f6cb5262dded1f0c
stream2,237,gsm8k,108,gate,AR|LayerSkip|APRIL|DEL,48a4b608df6d6c00ecbb072525a80517e6735d3632206f0410d642fa7bc4b780
stream2,238,gsm8k,109,gate,LayerSkip|DEL|AR|APRIL,8195f141420eec222cda26d51b9f9b31f6683b028cfeec38a905cd7a195be6bb
stream2,239,gsm8k,110,gate,DEL|APRIL|LayerSkip|AR,a79a28d63c847059e16bc58fec1ebf93d4ed8dee8ee216d86a63eef5a76f229c
stream2,240,gsm8k,111,gate,APRIL|AR|DEL|LayerSkip,f7ee355ce47a1e54f2f7bd7004fe8239d0194f4a63e651b43034c0374020052c
stream2,241,gsm8k,112,gate,AR|LayerSkip|APRIL|DEL,471aef60a978587e4eb6509a4c004d071e83f3a3d22946a367d22529fa0d2c05
stream2,242,gsm8k,113,gate,LayerSkip|DEL|AR|APRIL,a68e5488bf8d9d8e8ea98980b42f6de7e91243efe85262125c4a7dd064e8dcab
stream2,243,gsm8k,114,gate,DEL|APRIL|LayerSkip|AR,178c25d0ea866a4a80aa923c651eec2478afe6f104818aa31dd455e35f57c91c
stream2,244,gsm8k,115,gate,APRIL|AR|DEL|LayerSkip,874f579520a1ed6250079c2ddbe2c9fae075fd10a986b0b38cba44caa419de66
stream2,245,gsm8k,116,gate,AR|LayerSkip|APRIL|DEL,c9d63dffaf773a5a31cdc2a7d3bb0849fb60d761a4a36229e63873e2550fd145
stream2,246,gsm8k,117,gate,LayerSkip|DEL|AR|APRIL,1d4fb39ecb42e9f129e3cabe7a9d16928dd2612199b63a649bf29f08c1b9375d
stream2,247,gsm8k,118,gate,DEL|APRIL|LayerSkip|AR,0b32e4a7bb11a9200a6fdb8217e14be5e73bb02eead5ccebf429b1fc637c3df6
stream2,248,gsm8k,119,gate,APRIL|AR|DEL|LayerSkip,32053446d015cdb3dea2b2498db02efafeab1a1ef42add60c8373b26d977cd77
stream2,249,gsm8k,120,gate,AR|LayerSkip|APRIL|DEL,c7c3701df7d52123ebef2fde4fd7c965834b9408f6b168f2b03b0925c3bb4cbd
stream2,250,gsm8k,121,gate,LayerSkip|DEL|AR|APRIL,41ff95c845d85a35d2a5ee93bf6f23e8927e2355d4209b79c7bed4eb38d643ee
stream2,251,gsm8k,122,gate,DEL|APRIL|LayerSkip|AR,42baba385d3e033e667d10346e92eedd56f85fb63267eab230b9013e21a9929b
stream2,252,gsm8k,123,gate,APRIL|AR|DEL|LayerSkip,8390000e439d23f04f46ad8c1bbda2e3189a9f0a0f7c49a80b50a7e501940840
stream2,253,gsm8k,124,gate,AR|LayerSkip|APRIL|DEL,d76a656ba00f44ac053461f2eedd43d53b43c13174db48872296185032466937
stream2,254,gsm8k,125,gate,LayerSkip|DEL|AR|APRIL,ba856ea50f5cdd5e5a83cb3c5db4d79f6bad5c64e85ec072cd05c69d5cb8d117
stream2,255,gsm8k,126,gate,DEL|APRIL|LayerSkip|AR,a97c9b7f8df59efb814c3317fce99246311986148111ce7fde6ec8fd370c7be2
stream2,256,gsm8k,127,gate,APRIL|AR|DEL|LayerSkip,f51a9da4ad555fb0e3bd49600f1ba39a51d408fb4ca9280e321f8db5c255df26
stream2,257,aqua_rat,0,gate,AR|LayerSkip|APRIL|DEL,d6aab0934303e1b9a1850949c3886568984234e35c88ea2b19dcff3d9619dba1
stream2,258,aqua_rat,1,gate,LayerSkip|DEL|AR|APRIL,5f398d0d8ba171f61ef88a8baf3c1d9447d2e9a6589d98b0cd5c31b06407544b
stream2,259,aqua_rat,2,gate,DEL|APRIL|LayerSkip|AR,f578e8d8404321f5b86c1ea9b4d40be64982a55bdb959902fb7cce8f493af658
stream2,260,aqua_rat,3,gate,APRIL|AR|DEL|LayerSkip,249e7314aa6be4653243f7e21f9d3f935455db502f86e8e15ef63f28747caad5
stream2,261,aqua_rat,4,gate,AR|LayerSkip|APRIL|DEL,d94918f688284bf299573b234bb846211060d711e0156738687dde3309d4b82a
stream2,262,aqua_rat,5,gate,LayerSkip|DEL|AR|APRIL,9bb3ec183ec2a6d013ecfb4ab2881209b5cf20a5b716a6f4319c1726a22bc9cd
stream2,263,aqua_rat,6,gate,DEL|APRIL|LayerSkip|AR,3c8aa4dd1e8c5fc14c2172e860efa171c4ef5a07d1a4c99200cb5ad93ae9b9b4
stream2,264,aqua_rat,7,gate,APRIL|AR|DEL|LayerSkip,49e18056f2dd2eda6be1385355b1853da3bffe645a78e30c0bd4daee89b4b054
stream2,265,aqua_rat,8,gate,AR|LayerSkip|APRIL|DEL,51536ebaf305d5405f279d5ea50c3e4196f0af26b0ae0cbc0c3709132a97a421
stream2,266,aqua_rat,9,gate,LayerSkip|DEL|AR|APRIL,9600dc0e82475d6348c2a3febcb70a2139811c150e0aa37c187b0f05f915e60e
stream2,267,aqua_rat,10,gate,DEL|APRIL|LayerSkip|AR,79591e7e7c180d7c3b37df7f3af994e4f47b0795ff78b617bbd5d3b88b941d1f
stream2,268,aqua_rat,11,gate,APRIL|AR|DEL|LayerSkip,56f006e8c18d8f9d86e688ba0b89b7a67f7f6f63ec76fb6b393c25321b0a56ec
stream2,269,aqua_rat,12,gate,AR|LayerSkip|APRIL|DEL,edb624f2144f7e89381891f0a0046b5788a39c0ef5856a22bab184012e541f6c
stream2,270,aqua_rat,13,gate,LayerSkip|DEL|AR|APRIL,ada087ecef364877e6523caab0f4f349c4109e614ca79ccb9b8419350eb176f8
stream2,271,aqua_rat,14,gate,DEL|APRIL|LayerSkip|AR,5ad2a31922d114acf14bccec76fb560cead38c8c6eeed8797727d2c8d311b7c7
stream2,272,aqua_rat,15,gate,APRIL|AR|DEL|LayerSkip,ff07ea37433b7e0c8e9331e4fe68d829bbb4b0bb8ab7ad62aeffed60ed03cd53
stream2,273,aqua_rat,16,gate,AR|LayerSkip|APRIL|DEL,34ef764bcc3f692349625c5bbd377927e2dd94ec394187ad9842dd8ab92c6249
stream2,274,aqua_rat,17,gate,LayerSkip|DEL|AR|APRIL,14cbbf577b238ef063649b32339ed8396a93cab3bbd53e2c235da48177947d52
stream2,275,aqua_rat,18,gate,DEL|APRIL|LayerSkip|AR,d6edf4e71c7c9d39bf051cef8e759e24db7c3cc01dbe1a8289f2d8ad8f729f3c
stream2,276,aqua_rat,19,gate,APRIL|AR|DEL|LayerSkip,535cb5f490254611f64969e95948b2edcf599f5cb16819a6167b5ce7080722d8
stream2,277,aqua_rat,20,gate,AR|LayerSkip|APRIL|DEL,a366076fcac4f9dc5f1128cd44db5d8fdcdb2b6e5f383d26a39cd05d1abc000c
stream2,278,aqua_rat,21,gate,LayerSkip|DEL|AR|APRIL,2ab8d3affbc12b96b4adc868ae99db212a9559462cf216e8225f9c132ea04b6a
stream2,279,aqua_rat,22,gate,DEL|APRIL|LayerSkip|AR,9dffe2b4e23d6ab8fd7d1461a4b0b9fa92ccf60b1d1b1cb11647d783a1aa0823
stream2,280,aqua_rat,23,gate,APRIL|AR|DEL|LayerSkip,77231ae8dec090c5bc1a41cd1e1bff0a0719bda4e1e99bd58f5592b8a1a8edc3
stream2,281,aqua_rat,24,gate,AR|LayerSkip|APRIL|DEL,05f9bb6c9563d8a59033f653424de1d3f9755529c82221273e9e1e0be667d48d
stream2,282,aqua_rat,25,gate,LayerSkip|DEL|AR|APRIL,5a406c4c8b851b6777da0785fc015edc028bc0e767bfbfcba2d36a197e9e0242
stream2,283,aqua_rat,26,gate,DEL|APRIL|LayerSkip|AR,aa0a9cfe3a9a4ef7ec52454918b20a6304e4e1fe166e799e19b144e03a18ce88
stream2,284,aqua_rat,27,gate,APRIL|AR|DEL|LayerSkip,301203c8bef9be4bae276a8707ba108bc46a449f76bac0723903e3f87544c28c
stream2,285,aqua_rat,28,gate,AR|LayerSkip|APRIL|DEL,76ebb9fbffe7b30dcb6255c03c8c7bc49e365fa9c4946d41aa7eb829c35e0148
stream2,286,aqua_rat,29,gate,LayerSkip|DEL|AR|APRIL,271fd0ad801c79a3f986333b71df3c85226190dd79ecf81484e2f1ec0ee5d985
stream2,287,aqua_rat,30,gate,DEL|APRIL|LayerSkip|AR,29f61342cb3c49619ea7c58f98422df4af108594661b42c028c20dd3504d7085
stream2,288,aqua_rat,31,gate,APRIL|AR|DEL|LayerSkip,4a12204a319adb891a836c2f147f881a44169799cfff69a34230b8902a642e2c
stream2,289,aqua_rat,32,gate,AR|LayerSkip|APRIL|DEL,e586444f888cb3c39e5e7ad08db863809f3a765b4f1e16954f90874b2502b170
stream2,290,aqua_rat,33,gate,LayerSkip|DEL|AR|APRIL,d6403612b1b9138d4db8898a6e249b9ed5a0cb127e2ec770ebe113695080f376
stream2,291,aqua_rat,34,gate,DEL|APRIL|LayerSkip|AR,785fdb27203ad693feead280e88d55fc0ef7f2b1c445cb9bda03dc4fc852653a
stream2,292,aqua_rat,35,gate,APRIL|AR|DEL|LayerSkip,2f75412027a54d85d9131addadc81c83fa1d93fb3c599dfa201c72e8cba29c24
stream2,293,aqua_rat,36,gate,AR|LayerSkip|APRIL|DEL,5adf5bc35cca38cf74e647543fc019bfeea74fdcb96023a7e39379b692c1c961
stream2,294,aqua_rat,37,gate,LayerSkip|DEL|AR|APRIL,abddc72cb106c1f11ac44d9882c65668df7a010cea1207e78202cd6cee18d360
stream2,295,aqua_rat,38,gate,DEL|APRIL|LayerSkip|AR,b7b2ecb850cf84c982bc3bb11c610f2a5bef12991840afeaaec6c2ffd1ad512d
stream2,296,aqua_rat,39,gate,APRIL|AR|DEL|LayerSkip,6f2c059e77a60a07702f732eef94c9a2223388cb2a2bb89a1b4020070938df89
stream2,297,aqua_rat,40,gate,AR|LayerSkip|APRIL|DEL,5ededf35073b1491a0f01e84249f0951347db4d2f2859c6b72f0eff29396b95f
stream2,298,aqua_rat,41,gate,LayerSkip|DEL|AR|APRIL,6aa56b4d3de939d1fa597706159b0fdfb1bf39f99e2b16a243583d53e8312cac
stream2,299,aqua_rat,42,gate,DEL|APRIL|LayerSkip|AR,6fbf6c38455d22d6e808e7d1b57af78b348f35bca240863de6d42ae81c1c7808
stream2,300,aqua_rat,43,gate,APRIL|AR|DEL|LayerSkip,b3f5235ec84f2055b456dde3f1b4a760954c6f0457bd1cdd465e6c5a89afef68
stream2,301,aqua_rat,44,gate,AR|LayerSkip|APRIL|DEL,8c0be94ce626f827ba36dbc03742e56df82173be58b4806057d7bebdee32ebd5
stream2,302,aqua_rat,45,gate,LayerSkip|DEL|AR|APRIL,c710daf59bbee1be69143ef5fc350921a85ca18d2a78c31b448d0d5ddd8f025c
stream2,303,aqua_rat,46,gate,DEL|APRIL|LayerSkip|AR,459447d7af7706befc16f2638abe6084b2fe58d13ffde450b2e4b5a7c8b87cb5
stream2,304,aqua_rat,47,gate,APRIL|AR|DEL|LayerSkip,081347fa3b5daa286e46c57ff714987b8bed2ab17318fe2040499b9a961d0fe1
stream2,305,aqua_rat,48,gate,AR|LayerSkip|APRIL|DEL,383f3e228272663d2ffd5d1c569fce6f3e21d7f1dbcdd6681eaf6b0e7d5bfd7f
stream2,306,aqua_rat,49,gate,LayerSkip|DEL|AR|APRIL,c21d8f8d77a07ef6f1249e9ed9709f80d95804371e0fc989be43f56bd7a08430
stream2,307,aqua_rat,50,gate,DEL|APRIL|LayerSkip|AR,b960fca7c4d6300de832a85595a462659a327c22ff327d5b3df4d654bfb861e0
stream2,308,aqua_rat,51,gate,APRIL|AR|DEL|LayerSkip,9728c21e58e577fb966a7a6bde02ea9882dee1721b5ce29f834c9571955701ab
stream2,309,aqua_rat,52,gate,AR|LayerSkip|APRIL|DEL,56a717c84c60edacef9593959cf80c78c25fab191ef6c50e42c70f10c036dc14
stream2,310,aqua_rat,53,gate,LayerSkip|DEL|AR|APRIL,81b74b67aa362826c3d5355264a90932d919e4e0c5770bd70a5ccc5a269633d7
stream2,311,aqua_rat,54,gate,DEL|APRIL|LayerSkip|AR,aaee850181ce570320a7b49c12ff0f3f2003b3e94e1390e839d512d0d176adae
stream2,312,aqua_rat,55,gate,APRIL|AR|DEL|LayerSkip,a49fcb6d4cd1e56aab71d8291e0f1f923b7663a96d396e8e3d9b01553ec1fa94
stream2,313,aqua_rat,56,gate,AR|LayerSkip|APRIL|DEL,2eb4761209b2d51b5f55fbfbcb35a3b411e382d7ac2d5e9a848e51ad14dc9ab3
stream2,314,aqua_rat,57,gate,LayerSkip|DEL|AR|APRIL,d4eba45e8a02525b7d78b96f37bfda781fde9d9183bde1c9497a050b5a041141
stream2,315,aqua_rat,58,gate,DEL|APRIL|LayerSkip|AR,9abb664a4cc8383526afba6952e7a76e4bac0fb036f416e85c2ab86cb95eb770
stream2,316,aqua_rat,59,gate,APRIL|AR|DEL|LayerSkip,12d09f659f09472d16d08ed074b0a1f18945e1c6a7d193eb40f2c445376cac19
stream2,317,aqua_rat,60,gate,AR|LayerSkip|APRIL|DEL,123ecc426e137809ec82283d20e7072d2610e02fc42b6072e23befba02562cf3
stream2,318,aqua_rat,61,gate,LayerSkip|DEL|AR|APRIL,8d99aa38855f5524abfc2e543c6cb4e4d792651cc90c29c960c16599c3810cfc
stream2,319,aqua_rat,62,gate,DEL|APRIL|LayerSkip|AR,02e62e0780281e6476f4d2b1e014b54a25c52cbb965c5149159d7cc351e8a430
stream2,320,aqua_rat,63,gate,APRIL|AR|DEL|LayerSkip,8308074868191bd0a87956c22d0d26bc57d9d4d9b84d5b73fd1b731e2c1dd979
stream2,321,aqua_rat,64,gate,AR|LayerSkip|APRIL|DEL,9e211311e55e0d652510c7330066e68956deae220382d869768135fe74825e8c
stream2,322,aqua_rat,65,gate,LayerSkip|DEL|AR|APRIL,aa7ab0d7e0e5f567a74f8fc3aef5977d7b3ace747af9853d133c251bb8dd6cbc
stream2,323,aqua_rat,66,gate,DEL|APRIL|LayerSkip|AR,f44c3036abb41a1c1f67212e59d8d24fcfd9432e1c61512f9669ccf3993832f5
stream2,324,aqua_rat,67,gate,APRIL|AR|DEL|LayerSkip,6d3f6ae74860832c025ba0ffb2be4f4b800175a3b824d55ceb9048d225c59615
stream2,325,aqua_rat,68,gate,AR|LayerSkip|APRIL|DEL,d9ab31f17d9beb85fcabf8943c29f81644200395f28429488c929c0a2fd0cdb5
stream2,326,aqua_rat,69,gate,LayerSkip|DEL|AR|APRIL,eab61763f6f5c2c007738e4b64135d48748dc5279a7be35ea46ebad281ce1c1a
stream2,327,aqua_rat,70,gate,DEL|APRIL|LayerSkip|AR,33de5a148ce3a906d5ac6b4f1602ff5a3714827b36526e030f15d5f58bdaa388
stream2,328,aqua_rat,71,gate,APRIL|AR|DEL|LayerSkip,f4d06f3b4d1d255fcfc07e9cf235c148187d315c7ef0fa0773456f08b5dad96f
stream2,329,aqua_rat,72,gate,AR|LayerSkip|APRIL|DEL,47ea5648dc2f527fb647bb1c7925feeae850a0629b0460b3cc5d9813adff2b52
stream2,330,aqua_rat,73,gate,LayerSkip|DEL|AR|APRIL,88534965ae1958c4e2281859e47133a2cac355683e5f0a36cdef739899731ccf
stream2,331,aqua_rat,74,gate,DEL|APRIL|LayerSkip|AR,26520af11a3a6e49ebd06fe3a4ad8db2f8e7dd4a8ec788d8cda90bcdfd3dfc4d
stream2,332,aqua_rat,75,gate,APRIL|AR|DEL|LayerSkip,448608ae4cbabd2c52564f58b7517f6cfa09e329afd31c6e51dd85fe93b2f65d
stream2,333,aqua_rat,76,gate,AR|LayerSkip|APRIL|DEL,0449ff20be5583daa7767e2d37c9881ffade6eec707ec1efe0d34970038cac5f
stream2,334,aqua_rat,77,gate,LayerSkip|DEL|AR|APRIL,ab1d08c8e8f1287cd4660c26ab90f685b168cd2e73eb987c87d188f5146a9b0b
stream2,335,aqua_rat,78,gate,DEL|APRIL|LayerSkip|AR,e26faf490430b22168ee24e1b923d8cdf7cda8987bf14f055acbbc04758376df
stream2,336,aqua_rat,79,gate,APRIL|AR|DEL|LayerSkip,905b364e2303aed2e3b7554dae2306429ceecff9847df4348fb9d57d79ab2a1d
stream2,337,aqua_rat,80,gate,AR|LayerSkip|APRIL|DEL,c371fdb54a3f19936c02e288a1df8e8ae696bb4d89a1fdd3ccb858ac2cb2009d
stream2,338,aqua_rat,81,gate,LayerSkip|DEL|AR|APRIL,03a1ae829915878c19825041f8b6e7b2ea5043ef6e847398b637ff0dbfde9d3e
stream2,339,aqua_rat,82,gate,DEL|APRIL|LayerSkip|AR,8e055961121a6274cd55bea0569cb297f69376f47ed63c27ebf4c3d2d7b477f5
stream2,340,aqua_rat,83,gate,APRIL|AR|DEL|LayerSkip,e53d6787264bbc9b934ce7032e6a16087a2bbfd4c37e4c81edfa632b1c5cea89
stream2,341,aqua_rat,84,gate,AR|LayerSkip|APRIL|DEL,bcfd840bce53a28b99b9608d9a0820c5836b04b274e22af5810a24b92588cc48
stream2,342,aqua_rat,85,gate,LayerSkip|DEL|AR|APRIL,68e2b155771c05093701e1b0edcd6d4c70d9cfc36ec84eecd489c052682128f6
stream2,343,aqua_rat,86,gate,DEL|APRIL|LayerSkip|AR,4e7b84dc145866a84e3ff5b906d1d9fdedb6abfc499616d67e7bd23f88e525f8
stream2,344,aqua_rat,87,gate,APRIL|AR|DEL|LayerSkip,dafe469fa05c0617139484d03b68858b3cfe85bdcb7d016262fe0c8605f344e3
stream2,345,aqua_rat,88,gate,AR|LayerSkip|APRIL|DEL,32ad324871e6e75ae809405c8c60434abc0415c07b38f671b7565b3124670451
stream2,346,aqua_rat,89,gate,LayerSkip|DEL|AR|APRIL,a565f1f4ea8c2b23a8caab5a9f0005263ba8b196c15c1c8914f0d440fd351850
stream2,347,aqua_rat,90,gate,DEL|APRIL|LayerSkip|AR,4bf52189e6a2de6025e6cf161d0e86ae3054486957ffb6f2882637e58df26d81
stream2,348,aqua_rat,91,gate,APRIL|AR|DEL|LayerSkip,7158875615a50d6b4d8bcf3aafbf88293c3011a52580a5ea66bbcbc15c5db41a
stream2,349,aqua_rat,92,gate,AR|LayerSkip|APRIL|DEL,ef4b9b93ef4c79a692b9af6d66ab1e465f5b8ddbbc697099d58538c2ac9176cd
stream2,350,aqua_rat,93,gate,LayerSkip|DEL|AR|APRIL,504ad46778a6382789512e1728e0658985a8bc307373187d267b111e5c718509
stream2,351,aqua_rat,94,gate,DEL|APRIL|LayerSkip|AR,d0e38b93977a746a685def445284ae5707c3fba6a260c80665d957e107357c0a
stream2,352,aqua_rat,95,gate,APRIL|AR|DEL|LayerSkip,cd750b9e686b01335ef250dcfff4718067fee4898b3c03d1db66f25826271a83
stream2,353,aqua_rat,96,gate,AR|LayerSkip|APRIL|DEL,13de64a82543f1b3165526a4c55cbf8740a68d433b30effd123e2bb8d4fde3e2
stream2,354,aqua_rat,97,gate,LayerSkip|DEL|AR|APRIL,9f3b17f8d05ac90a840492430203f6ba0b8ebfb288258a4866bda6245dffca22
stream2,355,aqua_rat,98,gate,DEL|APRIL|LayerSkip|AR,2ef01b29e77b2a91675241c580b9d93133a227f433ebdce29eada1f2e47e5f71
stream2,356,aqua_rat,99,gate,APRIL|AR|DEL|LayerSkip,61193513af44997fb3983331b8c7022fa0be6d873c888985c27070df79e1644d
stream2,357,aqua_rat,100,gate,AR|LayerSkip|APRIL|DEL,015f5b6440bf1f56d4b69854e60c71b813fef7e21e73e68192de318dfbf82825
stream2,358,aqua_rat,101,gate,LayerSkip|DEL|AR|APRIL,67ffc9eeb178473a6aef6ae460a29178ecec22b8c3728cc01f74c10cff260adc
stream2,359,aqua_rat,102,gate,DEL|APRIL|LayerSkip|AR,c1cc321843f482b6e65e4b2cbe057806fe4bd3accfe1bc1b6eec03bb96b2f7cb
stream2,360,aqua_rat,103,gate,APRIL|AR|DEL|LayerSkip,d1d7fcd9e081e217d52202bd3f7b2ec29341288b3894c1fcdc9bd5055b0ffc63
stream2,361,aqua_rat,104,gate,AR|LayerSkip|APRIL|DEL,7e7b3e5733d2967e7d0e47bfe44216982d8a4ad73d01a600e1d3c95902c2441e
stream2,362,aqua_rat,105,gate,LayerSkip|DEL|AR|APRIL,da214e7a199fdac5ed9140a01d5c1e159d460e6475c768c12e84e007c15c02a9
stream2,363,aqua_rat,106,gate,DEL|APRIL|LayerSkip|AR,6733037324271e746a28860b221f362b83cad7e107f82579b9aa3524ffe58642
stream2,364,aqua_rat,107,gate,APRIL|AR|DEL|LayerSkip,3ad77a17cf6f97c823bf9631377ad709e602bc7b08e226287c3412d612271e46
stream2,365,aqua_rat,108,gate,AR|LayerSkip|APRIL|DEL,9c4653df28ad47136688574dee0d3d6f35421147a230414e7fce12ad5cdffde7
stream2,366,aqua_rat,109,gate,LayerSkip|DEL|AR|APRIL,80049b3c79e58ae8d9b02fe1d82a162bfb41b2d5d32b0f8b0d4d2db0167455d5
stream2,367,aqua_rat,110,gate,DEL|APRIL|LayerSkip|AR,08a5e860bc61b2475f3a027db822e24d6d045e748cbe612d98ddf7d8df85c61e
stream2,368,aqua_rat,111,gate,APRIL|AR|DEL|LayerSkip,81416a9a7d39fdccfcf58e3b96360da022b7344419a289a2de3f3f0a61686daa
stream2,369,aqua_rat,112,gate,AR|LayerSkip|APRIL|DEL,24694f806c13060fbd7632d142e99d2221fad77ec09ac6fe6c9e6e402f44db04
stream2,370,aqua_rat,113,gate,LayerSkip|DEL|AR|APRIL,be9a0e81a7a54cd430a2c8adba9b9dac077a2976686efbcb58c3639b283310fc
stream2,371,aqua_rat,114,gate,DEL|APRIL|LayerSkip|AR,028977489c54320fcf1aad41eff7148f9fb176648f83a4a62374878e8e430ce8
stream2,372,aqua_rat,115,gate,APRIL|AR|DEL|LayerSkip,7a497eb4e4d59d1e07554e37bcc7933b09e99b70535bc1cfea309abcd6e1ad0f
stream2,373,aqua_rat,116,gate,AR|LayerSkip|APRIL|DEL,b71b7203557a4db25d00183640d233156affba4d1755771cbdfe1ce11d9a4f15
stream2,374,aqua_rat,117,gate,LayerSkip|DEL|AR|APRIL,309a0d777807815aa8423915cb2f2ff12ef7d796c1e2a242f53fdf5095608232
stream2,375,aqua_rat,118,gate,DEL|APRIL|LayerSkip|AR,2c2f33651178517a94b7c2bef570ebadc3c12bf79ce510d186d7b825124ecf3d
stream2,376,aqua_rat,119,gate,APRIL|AR|DEL|LayerSkip,bac8e80d8f546d12b8c40d43762c7e7f2a32b5186fbab28af02ba8e2d8591ede
stream2,377,aqua_rat,120,gate,AR|LayerSkip|APRIL|DEL,a93a38ccb6407429e628a25030ade130e2d57758bdb47ca04e598ee9ea0ee31c
stream2,378,aqua_rat,121,gate,LayerSkip|DEL|AR|APRIL,0c7c0e6fbf142985d4feb351c171d8a2565748e05e0c64b931475dd68218b5ea
stream2,379,aqua_rat,122,gate,DEL|APRIL|LayerSkip|AR,4b921eaa614911d0a76a0ab45ed422fb3ba605fe4df677dc23c480fde3300e09
stream2,380,aqua_rat,123,gate,APRIL|AR|DEL|LayerSkip,d279b9e797fb9e6681786f26f65735afaa22d2b346b3e6e4f00a6aaba0486a2c
stream2,381,aqua_rat,124,gate,AR|LayerSkip|APRIL|DEL,0409f45a0eff5039bf89e05028e80991eeafa560ba287bf12699494294f93be5
stream2,382,aqua_rat,125,gate,LayerSkip|DEL|AR|APRIL,1e85850e7781eda1a7e517a70ad85a932dadfa1c70a0a7e16668f08703b3b642
stream2,383,aqua_rat,126,gate,DEL|APRIL|LayerSkip|AR,5b661daf5091e1331b7f40effd31491bde83e3557c6d04524faf97f64cc26c99
stream2,384,aqua_rat,127,gate,APRIL|AR|DEL|LayerSkip,fc89bdf82caa8b891b46c8042de87a597c151b0cf6e7a2581aec1891f87b4dd7
stream2,385,cnn_dm_lm,128,full,AR|LayerSkip|APRIL|DEL,42073b38a1dee9d14ed42f8b11dbe9c6a4abdca14c6f872bdcb7886c060836fb
stream2,386,cnn_dm_lm,129,full,LayerSkip|DEL|AR|APRIL,c23305355d3303bddbecad2dd0c5ecb6c1991268c5566d86efa2eda5ec3d97f6
stream2,387,cnn_dm_lm,130,full,DEL|APRIL|LayerSkip|AR,68c5cb0d9d4c06ead64832a4344fcd0ea29a17082df982df63dc0e7a55f80b17
stream2,388,cnn_dm_lm,131,full,APRIL|AR|DEL|LayerSkip,cd6bd6f22ef68eb8d5882b9951d82dfab4965c0d7747be0664350f1e319f7eb4
stream2,389,cnn_dm_lm,132,full,AR|LayerSkip|APRIL|DEL,5aadab29974d51a428ddd3401134b8bbf7019e1a709fb8ac6e5e68c8698be9f6
stream2,390,cnn_dm_lm,133,full,LayerSkip|DEL|AR|APRIL,d6c02392cbb501b655efff5d78fa5779bac253c444bda37d76ebebc3b18f8ca2
stream2,391,cnn_dm_lm,134,full,DEL|APRIL|LayerSkip|AR,c7a6cd5b8b690096af568ac35cd6fcc6647fd26a7ca1f3d79ffa4d3ae8bbf219
stream2,392,cnn_dm_lm,135,full,APRIL|AR|DEL|LayerSkip,c5f8b2972dba17b7b0696eb968d74d10500318314240dc9367efe87aa467c59a
stream2,393,cnn_dm_lm,136,full,AR|LayerSkip|APRIL|DEL,6e93144d9f21e9b4dc22a9bd443d079e4b1e94757e0d530cf7ce04927c79aa6f
stream2,394,cnn_dm_lm,137,full,LayerSkip|DEL|AR|APRIL,4c933afb78b7f58c335509bcf498d6885827fbc0b402d5855550e4439e4e470d
stream2,395,cnn_dm_lm,138,full,DEL|APRIL|LayerSkip|AR,8ce920bead99d8fcdcc3b515ae58b3e601b8066f4e92de94fb52f619aea01dc7
stream2,396,cnn_dm_lm,139,full,APRIL|AR|DEL|LayerSkip,2d1abe515b9847e3657048d9e11bd76a0f1efb9b9748d62e7915f73543197815
stream2,397,cnn_dm_lm,140,full,AR|LayerSkip|APRIL|DEL,b59214cb7c72c98e9ded7d3d51f473520165b06b8c6c41a127580f1c9f102068
stream2,398,cnn_dm_lm,141,full,LayerSkip|DEL|AR|APRIL,7884db8f2da11b359a0a2ba238941efa892be864bdb6e84208f5651b78c21dd0
stream2,399,cnn_dm_lm,142,full,DEL|APRIL|LayerSkip|AR,9335099521b19b6a7f1b6082d444b9c63524a4eb5822ce408a3695f4d8ad1053
stream2,400,cnn_dm_lm,143,full,APRIL|AR|DEL|LayerSkip,c2ded291a2aedb923a951a7727b14fa076ac93c286c089d3a84ce3ad7d1abb52
stream2,401,cnn_dm_lm,144,full,AR|LayerSkip|APRIL|DEL,e90db0228d426c838def6d3e2cca9bf1c06c59f37f076ebd4c5d9a595dbcd6b1
stream2,402,cnn_dm_lm,145,full,LayerSkip|DEL|AR|APRIL,8315dbdbfcf7618b57686d7b6d2bbde8c4b83a860f26147a705e0423afe5c5f1
stream2,403,cnn_dm_lm,146,full,DEL|APRIL|LayerSkip|AR,48fc25ddbf12780bdba0b7366a5e927452cc6594b6cc0210ce9ea9a2f12b4658
stream2,404,cnn_dm_lm,147,full,APRIL|AR|DEL|LayerSkip,f72ddc05ec8489b87e45204878c9eb4ba19d5c19ac9534cd26082bf3b0814b4c
stream2,405,cnn_dm_lm,148,full,AR|LayerSkip|APRIL|DEL,5a0fce2811e798d87449f681e10f830facaf41a836011c735df97910de95e642
stream2,406,cnn_dm_lm,149,full,LayerSkip|DEL|AR|APRIL,6a4b5c3114a27af218c02958135da3d83b41c99a318d3948038646e78b0ece5d
stream2,407,cnn_dm_lm,150,full,DEL|APRIL|LayerSkip|AR,a1e2d45399517dd3bfad997d2e37b6a5404749c276027f03d99059b8da90783f
stream2,408,cnn_dm_lm,151,full,APRIL|AR|DEL|LayerSkip,6d7867ffb55b100fefdd5ca17627335fad806ad165a690b0388a04453d33740a
stream2,409,cnn_dm_lm,152,full,AR|LayerSkip|APRIL|DEL,6f9cee94272748949aa168b4482f4f85f4543c2269e97c6f626c1a7e6251de48
stream2,410,cnn_dm_lm,153,full,LayerSkip|DEL|AR|APRIL,31f9d1328cdf6f91b262502291bf10881df7ad00f2f13a5d5dd189106e9e8c71
stream2,411,cnn_dm_lm,154,full,DEL|APRIL|LayerSkip|AR,31cb0cbbf019ec20fbda92ede67c240705b6b75d1ac60e39266acc0a78de3f83
stream2,412,cnn_dm_lm,155,full,APRIL|AR|DEL|LayerSkip,c60ef7cee4fadd175213a90f4f75654582373170b00335cbea09eb40ecfee4d2
stream2,413,cnn_dm_lm,156,full,AR|LayerSkip|APRIL|DEL,bd000e2d09cf0b8de48474ff7838e79d45a47aa131892d7164c2880fe070efd1
stream2,414,cnn_dm_lm,157,full,LayerSkip|DEL|AR|APRIL,f7c627fb4fa3c194e6057cc1e65618ec13ec2df885351e63c88816da4e522bd6
stream2,415,cnn_dm_lm,158,full,DEL|APRIL|LayerSkip|AR,13e1296c6bb16dc08351bcdb37ef36335e09c1a510efca35a6d2d12b6721e171
stream2,416,cnn_dm_lm,159,full,APRIL|AR|DEL|LayerSkip,d314fb44aa3ec78aad5f2a9cc4609bf6f21dc1ee8c94e82460688b4335320e36
stream2,417,cnn_dm_lm,160,full,AR|LayerSkip|APRIL|DEL,0a71cdaebda4abd8aef464efede93ba99401898e46337bf6d8a4ffd2441c792c
stream2,418,cnn_dm_lm,161,full,LayerSkip|DEL|AR|APRIL,68cc97731c12b3802e1304009e0a2a2c84e38ea400d7894718553a9b25d56674
stream2,419,cnn_dm_lm,162,full,DEL|APRIL|LayerSkip|AR,7633bd9953e670e009feda338f667c675eddf8a716750315e4144f52733db6ce
stream2,420,cnn_dm_lm,163,full,APRIL|AR|DEL|LayerSkip,4764a3270efe4a7e7baffc2cb610510dc485dc9296b6ff9355882972d7196484
stream2,421,cnn_dm_lm,164,full,AR|LayerSkip|APRIL|DEL,8443fdab47171b2f08d079825a34e53497c997168cc1a189a6e08cd60f6a90d4
stream2,422,cnn_dm_lm,165,full,LayerSkip|DEL|AR|APRIL,3db5a4760e0c423716276f5d932799e085967aada51f9e953df0c0d9cff17ee6
stream2,423,cnn_dm_lm,166,full,DEL|APRIL|LayerSkip|AR,8424069642e982e1db333f9168c4f955f11c26ca06834c265a2017aa687dc5e8
stream2,424,cnn_dm_lm,167,full,APRIL|AR|DEL|LayerSkip,568adf44eee0b991aaabf0fa470f31b1449c82d596c412199bfe0b0744499792
stream2,425,cnn_dm_lm,168,full,AR|LayerSkip|APRIL|DEL,8c562d755adb7f574a9e18f7f0300e4cd7f3b1fb5a4a11cb366e8c29b04d78fb
stream2,426,cnn_dm_lm,169,full,LayerSkip|DEL|AR|APRIL,644a1b8423fe74bb4e958798db0198f527b4eddd90a90e79f7dcc82a5e5115ff
stream2,427,cnn_dm_lm,170,full,DEL|APRIL|LayerSkip|AR,4c41d767a1f2701ac338ccfd475985f65821a0a8d83ff0741a6e3afb4e7dfe80
stream2,428,cnn_dm_lm,171,full,APRIL|AR|DEL|LayerSkip,d63f3f4a0ff514b7d3477adbf1440f5479f220361a1d03a4befb3c64376c22e8
stream2,429,cnn_dm_lm,172,full,AR|LayerSkip|APRIL|DEL,7e9df1c7d994c6d2d22af8cc798aef978e0bb3d35df56f372ac6a6a673cf205a
stream2,430,cnn_dm_lm,173,full,LayerSkip|DEL|AR|APRIL,6c6c0a24452b5a755b826444d3f89b9af79a5cb3340a50c9859f2db403da8c3f
stream2,431,cnn_dm_lm,174,full,DEL|APRIL|LayerSkip|AR,081ae499ecbbcea6fb0a36ec06587cc5b04646095e9ea2b8b91adec187fec7da
stream2,432,cnn_dm_lm,175,full,APRIL|AR|DEL|LayerSkip,c05d53139a7a6402e029ba032bc1c7e17070204657d09767fafae7145e649be2
stream2,433,cnn_dm_lm,176,full,AR|LayerSkip|APRIL|DEL,c3fbf31b5dab78b2b9ab49b496d669df4586d3270eed9e768c11263d7b397928
stream2,434,cnn_dm_lm,177,full,LayerSkip|DEL|AR|APRIL,3f57c8d111bab4cde9c05c3a48c566a132b26c83884bbaaa96df68d5cf573743
stream2,435,cnn_dm_lm,178,full,DEL|APRIL|LayerSkip|AR,f9ef6cfaa536bd02523917acfdeb1d335decadeaf99ea849d1526ce4c1c5132b
stream2,436,cnn_dm_lm,179,full,APRIL|AR|DEL|LayerSkip,5eb90a9c6d72e25981e18c69d0117920b704c44ae8dadc326436a499ab4fa800
stream2,437,cnn_dm_lm,180,full,AR|LayerSkip|APRIL|DEL,6978d8a5d5ad4e0d693cb8ca164b31815db79afb7298fd7544b4f38d360a250f
stream2,438,cnn_dm_lm,181,full,LayerSkip|DEL|AR|APRIL,26961aeb573d3746e5632f306b8c9371329b214bf55804ee63d5ed8a9983ab72
stream2,439,cnn_dm_lm,182,full,DEL|APRIL|LayerSkip|AR,e9c73e309fd2fa31d25be2d5f596a5476ce65e6ca84ee955da4e540bd08b9ca5
stream2,440,cnn_dm_lm,183,full,APRIL|AR|DEL|LayerSkip,decc3810d3d2ea4602cab1698783aef10316f336ef194df870d8d04b51eaf7e7
stream2,441,cnn_dm_lm,184,full,AR|LayerSkip|APRIL|DEL,92b3ceb922adbe16a554b5beabe38092186def43f89349fa7a0ac08d389cb491
stream2,442,cnn_dm_lm,185,full,LayerSkip|DEL|AR|APRIL,cdbf742cf9751e84bb36e465741b93e7dfffaef2fca01e35b963391f239f2031
stream2,443,cnn_dm_lm,186,full,DEL|APRIL|LayerSkip|AR,a07f8b58d5ad2d7ffa3a39d60caa998fdab83ef45b8157db13e0889680549182
stream2,444,cnn_dm_lm,187,full,APRIL|AR|DEL|LayerSkip,17e75b91d84f86fc46ff45ba9cab2cef0f027c10c8f3816d624b824252e4d4ce
stream2,445,cnn_dm_lm,188,full,AR|LayerSkip|APRIL|DEL,315a86ada8a074a88b9a153bfbce1933194f79312dbc07d22ee39cbd5cbb5f24
stream2,446,cnn_dm_lm,189,full,LayerSkip|DEL|AR|APRIL,846463a001ecef9099387ac4259dabf9d02d8c7785121de45cb329f247c8cf29
stream2,447,cnn_dm_lm,190,full,DEL|APRIL|LayerSkip|AR,bf2331837ce73849b93bc53f52aa2fe347629b9a8e356c51a53b0cf18f706090
stream2,448,cnn_dm_lm,191,full,APRIL|AR|DEL|LayerSkip,bb1e1d1e4c5ca109e250eba44d61e5f6c9ba4dabcd2b05c2f0fe4a3157016092
stream2,449,cnn_dm_lm,192,full,AR|LayerSkip|APRIL|DEL,365a5ee3ff568362f9a080a377e49fac2b6dacdc6bc95167c44913f87915143e
stream2,450,cnn_dm_lm,193,full,LayerSkip|DEL|AR|APRIL,90964a6f1206009224470cb6797f2f7995cfbb9ff083cbdac4ead1c8ebc483e3
stream2,451,cnn_dm_lm,194,full,DEL|APRIL|LayerSkip|AR,fe5d1da1db9f52a1491d6e19783bf2d45c9f0b2a3267dba9c07d55e89752df4f
stream2,452,cnn_dm_lm,195,full,APRIL|AR|DEL|LayerSkip,e479b1c95e4cb65d670858b89fc867ec460d90ad98103e2f78ce83a57eda7e65
stream2,453,cnn_dm_lm,196,full,AR|LayerSkip|APRIL|DEL,77b1b6d5e19bdbba919e51d3ec02dfeeb77c46090c63b31587e2d0d598107391
stream2,454,cnn_dm_lm,197,full,LayerSkip|DEL|AR|APRIL,66330bbf51a0cd91a6e03ed0d595ff4a0ae8c9552f6d0920b798bd83d2ee62d5
stream2,455,cnn_dm_lm,198,full,DEL|APRIL|LayerSkip|AR,8c06acb9b8ee5b9f2be46c3a96cfc71713e0a5f5a979d99245d5a0ab3c1f0bd0
stream2,456,cnn_dm_lm,199,full,APRIL|AR|DEL|LayerSkip,056e42cec1326e2f1acd00b091e97ca5bccee5e56bed09d45c8ba45313b1dbd8
stream2,457,cnn_dm_lm,200,full,AR|LayerSkip|APRIL|DEL,5d61b1d3e7437fbc7f55ee405bb4a11d5c5d278250bd92fbd92b54f8888e7173
stream2,458,cnn_dm_lm,201,full,LayerSkip|DEL|AR|APRIL,a5cc05bca9ec1015fc62dfaf2825d20d51b1b65d9e1b96a01edc7ded47232cec
stream2,459,cnn_dm_lm,202,full,DEL|APRIL|LayerSkip|AR,c5892eb4d2af1785acc40192e96e0bffba8d98f431ef851ba5f639bfdcc3883e
stream2,460,cnn_dm_lm,203,full,APRIL|AR|DEL|LayerSkip,28ea9209613a541164831fd0438589212a753871e01eba8e51c496cb612b84d2
stream2,461,cnn_dm_lm,204,full,AR|LayerSkip|APRIL|DEL,68ad7363d2322231e33f2eff7361c4f5eebaf8db7851b8cda77d229535404ddc
stream2,462,cnn_dm_lm,205,full,LayerSkip|DEL|AR|APRIL,85800582232b84c58ef0f6fcd8c85f9a054ceb4f79515373771319b2bcee3eb0
stream2,463,cnn_dm_lm,206,full,DEL|APRIL|LayerSkip|AR,79d6a4ea9497f7ba86c10398f59af56826cc98277e5a9b5688719f41cf173c30
stream2,464,cnn_dm_lm,207,full,APRIL|AR|DEL|LayerSkip,b1c1b0810923178d49aaba729d3397d9a3ab0bb1f9347e11519c3590bb795257
stream2,465,cnn_dm_lm,208,full,AR|LayerSkip|APRIL|DEL,a9f025ec43c8a93b0075b32e051eeb6298658e0762230e836895099ca05bbb46
stream2,466,cnn_dm_lm,209,full,LayerSkip|DEL|AR|APRIL,6db5913727ddcd38154d406751022efc7be3f11db7a353b8e5dc1f5b68280787
stream2,467,cnn_dm_lm,210,full,DEL|APRIL|LayerSkip|AR,e63b50bfa5f80a5719a8b52d4e22a74c791e435cadce6e5d03d975a0c45fd28b
stream2,468,cnn_dm_lm,211,full,APRIL|AR|DEL|LayerSkip,6f3abf7180f9cbc319d012770fa30a5c29f292ac7e0438f50688f3d95b6a0e48
stream2,469,cnn_dm_lm,212,full,AR|LayerSkip|APRIL|DEL,f5443ed15cd998ba37f8a439e8e586e76bdad6fc0fcce6cf4cda7a1b5f4b19b7
stream2,470,cnn_dm_lm,213,full,LayerSkip|DEL|AR|APRIL,d027846effa8c8900dda5ddb965d72cdaa76ccc4496a3a3a916a4b43f996ab2b
stream2,471,cnn_dm_lm,214,full,DEL|APRIL|LayerSkip|AR,24750e7597d30608d80a7be082dbf04d4a45e26c840af71d615481e53ecc247f
stream2,472,cnn_dm_lm,215,full,APRIL|AR|DEL|LayerSkip,3d7029bedda1ea93f7f41d042f3776e2c703a1e28593e765dbe2dee50ee4ff73
stream2,473,cnn_dm_lm,216,full,AR|LayerSkip|APRIL|DEL,5c37e89f1b5caaae76fee59fb4117ea494e2e87a1c1f381534750d69dded0b21
stream2,474,cnn_dm_lm,217,full,LayerSkip|DEL|AR|APRIL,1a931c0219c42f45299fdd3e218d2c66b7a1cf01ecc36c367706859030330c14
stream2,475,cnn_dm_lm,218,full,DEL|APRIL|LayerSkip|AR,fd0b0bd1ff4749d2d69ba1ed571ef26ccad02f66ab1a64b7316ca916819b666b
stream2,476,cnn_dm_lm,219,full,APRIL|AR|DEL|LayerSkip,1c29105856894df3c887492f64a14dad3ac36bfb424a0f4a4c224f8995338e02
stream2,477,cnn_dm_lm,220,full,AR|LayerSkip|APRIL|DEL,639cd75328ddc8b20028eef3ca525af2e21f942635387b16d605ed29df8c6026
stream2,478,cnn_dm_lm,221,full,LayerSkip|DEL|AR|APRIL,2299086320ee89c85d9c403eafa3454b23c5d10d74f3580266b80b5539bc0108
stream2,479,cnn_dm_lm,222,full,DEL|APRIL|LayerSkip|AR,00f77406b0ad64719fb2a727df053be6d379b324b03eb317d0065bf5acde4ca6
stream2,480,cnn_dm_lm,223,full,APRIL|AR|DEL|LayerSkip,f0e165ce76dd8821b988668eed9f4605233802ffbe1909a6e61a3257745f83f7
stream2,481,cnn_dm_lm,224,full,AR|LayerSkip|APRIL|DEL,1dba6406da285967c04de6e32aba5338118e73abe319753406b49d35c839286e
stream2,482,cnn_dm_lm,225,full,LayerSkip|DEL|AR|APRIL,12d1b342b901794a90a40e0e1aa85cb05638b28a1dabbc668ba3d3fa8012bdbe
stream2,483,cnn_dm_lm,226,full,DEL|APRIL|LayerSkip|AR,1f4ae477fdce9f0ff9a4f7ece9bf74df5c2c8d8a928c63207abd77f9476324e5
stream2,484,cnn_dm_lm,227,full,APRIL|AR|DEL|LayerSkip,55bf635c678b84435f0a1522649247bf6957c58fc28760cc00982b70397f9452
stream2,485,cnn_dm_lm,228,full,AR|LayerSkip|APRIL|DEL,e880984e59293b991eab910b361187d50af8efd7341eda068960617707eff4b0
stream2,486,cnn_dm_lm,229,full,LayerSkip|DEL|AR|APRIL,3d35dd405cfcaf91ceb9f18ed837772ef0cf0087fcd87c697708dc56ca4df0ba
stream2,487,cnn_dm_lm,230,full,DEL|APRIL|LayerSkip|AR,182e147e3a6273663509eecbcf4b4b88d3887efa1da139a40c21af8e3cfa31de
stream2,488,cnn_dm_lm,231,full,APRIL|AR|DEL|LayerSkip,52c628946c695c7dd3c914aea97bb8f6c2d47e62c49879d2eb70d776da4e56c5
stream2,489,cnn_dm_lm,232,full,AR|LayerSkip|APRIL|DEL,8db6512254d3fa036555fb40ffada86ee9d1d82193f18851c5f36bdabd27733e
stream2,490,cnn_dm_lm,233,full,LayerSkip|DEL|AR|APRIL,2ebc64bbd470e963f8878b036144a80fe3bcbd3c2e874a0e34079a41e7820917
stream2,491,cnn_dm_lm,234,full,DEL|APRIL|LayerSkip|AR,ecae2c1810cba14b5ef1fdde545368783020dd6d07018d254acaa60054fbded5
stream2,492,cnn_dm_lm,235,full,APRIL|AR|DEL|LayerSkip,8c15efe5781db9ae83e7f8be6eec5b5ce1062b200d90db5789980cfcad48eb98
stream2,493,cnn_dm_lm,236,full,AR|LayerSkip|APRIL|DEL,74a5138659c01d4e10432558aa903e26a08f3e0e214a2d9505cdd3795af7e51e
stream2,494,cnn_dm_lm,237,full,LayerSkip|DEL|AR|APRIL,14e99358ec1e67adb70eb52e50b2997cac7d6e5dd06fa474f5605bef71007ca0
stream2,495,cnn_dm_lm,238,full,DEL|APRIL|LayerSkip|AR,3e9a4900ad3a1fb08360593a1d3b78c76ca485c61e9d6121fa5f9969e12faf57
stream2,496,cnn_dm_lm,239,full,APRIL|AR|DEL|LayerSkip,5d8a12f3a27edb692b91c2775d1aa922a452bc1a90ba7ce4921cc3b644bdbf77
stream2,497,cnn_dm_lm,240,full,AR|LayerSkip|APRIL|DEL,bc696a57e01ef3e01b223c67c56b259d61a33602d8d7e9ff3a343498db4fe85b
stream2,498,cnn_dm_lm,241,full,LayerSkip|DEL|AR|APRIL,a2ddb3192aea4977cf5c6d100583e777bde6f2230cadc3cb3b03b39706c4f7bc
stream2,499,cnn_dm_lm,242,full,DEL|APRIL|LayerSkip|AR,378d8e0454a82868b93b050443cd0ffffbdf4ce0acf26a7b112e259f27924811
stream2,500,cnn_dm_lm,243,full,APRIL|AR|DEL|LayerSkip,172622d152ae6f5f131b72719174a7dc640c63af874a265d21c6eabca513ca0b
stream2,501,cnn_dm_lm,244,full,AR|LayerSkip|APRIL|DEL,3357326cba831da14a54efa15c8a707fd306072bf434da159c6fbd815c439b2b
stream2,502,cnn_dm_lm,245,full,LayerSkip|DEL|AR|APRIL,26a22074a1f8f3e504287bd69b5ef9d3fb8eb3b4fa22b693990252feeeb96e2d
stream2,503,cnn_dm_lm,246,full,DEL|APRIL|LayerSkip|AR,1cc91458d85d73354876af1cdadad8e9e9b9d6c6b5aeab5fe3ef11cb7e625137
stream2,504,cnn_dm_lm,247,full,APRIL|AR|DEL|LayerSkip,e10117fec7550125d4eabda2cb4996f63b6d3d3ed85b58f4fb1c7b8b8bbaaa00
stream2,505,cnn_dm_lm,248,full,AR|LayerSkip|APRIL|DEL,b59b6a5bfbf230f87ca9d9bd5a6c49d331aa7e2e90b80839466d729c3dff728e
stream2,506,cnn_dm_lm,249,full,LayerSkip|DEL|AR|APRIL,b98d71f44053abb967b59781d97f89ca3793b715ba09c8a3a91dbb22b9c520c2
stream2,507,cnn_dm_lm,250,full,DEL|APRIL|LayerSkip|AR,eacd08f6d816d522416e758bf68d9544cc2058d728b589acd394a3fa73a5950e
stream2,508,cnn_dm_lm,251,full,APRIL|AR|DEL|LayerSkip,f478a8703d769285f84b1ada2837d8fc446d8df49137119b5c9908f65ecf0e0a
stream2,509,cnn_dm_lm,252,full,AR|LayerSkip|APRIL|DEL,8be7bf86d9254bc20af3232347cf653447b424dd3fb6447e9c128962380a1b8d
stream2,510,cnn_dm_lm,253,full,LayerSkip|DEL|AR|APRIL,c9ccdca394f9c5234515f1cc17a28012362fa3deff1b0650527a0c725efebe2a
stream2,511,cnn_dm_lm,254,full,DEL|APRIL|LayerSkip|AR,a3f3a28e96d1a58dbea2bf271f18726a0c461a560f0b52f1087e1ba41db2f06e
stream2,512,cnn_dm_lm,255,full,APRIL|AR|DEL|LayerSkip,e1df9cfa69b7e764152735bc88c1a02c3efe60e9c5def3917443e5cf6d9cd44f
stream2,513,cnn_dm_lm,256,full,AR|LayerSkip|APRIL|DEL,1db39e9560d303639a903bc60acc7049f27ab335f199d495146c72bb848567c5
stream2,514,cnn_dm_lm,257,full,LayerSkip|DEL|AR|APRIL,8fb4440bec8a37d84dc4eb929d03502f400e113b76120052810e60c9355c0c0e
stream2,515,cnn_dm_lm,258,full,DEL|APRIL|LayerSkip|AR,1f56efa72c09dc129a36a31069cefe4ae283f184eb26585e7e481d4bef83d9e0
stream2,516,cnn_dm_lm,259,full,APRIL|AR|DEL|LayerSkip,555f53f728c9b2438f88e918b3af9e0e26a519b93dff9ff70a6cdf303e14c50c
stream2,517,cnn_dm_lm,260,full,AR|LayerSkip|APRIL|DEL,31b0aa40b7dda5a026e1b0755f34cf1a2c55badd66a8691e81cac222e175b182
stream2,518,cnn_dm_lm,261,full,LayerSkip|DEL|AR|APRIL,9d00568573892418a2b493c96b279e901a9da14dfc9c0a63e7b8dc36f1b98efe
stream2,519,cnn_dm_lm,262,full,DEL|APRIL|LayerSkip|AR,eecba5591b9fced3762dec88121bc4725bbbd2624c0d0c8e573543f8e4b4aff2
stream2,520,cnn_dm_lm,263,full,APRIL|AR|DEL|LayerSkip,03c38cf6db2f2fd7ea6854107270c01fcaa0d81d52bfcb2c8f3065b6b8c5a82d
stream2,521,cnn_dm_lm,264,full,AR|LayerSkip|APRIL|DEL,ebb0c04f4c55e2a0c5d45e881802bba0996b1ab058b1d478bdf6c8156c7e419f
stream2,522,cnn_dm_lm,265,full,LayerSkip|DEL|AR|APRIL,0ceba5762ac68c3e5d250b3043bb83a376bc16107d41ecef6a29d7d6ad811a1c
stream2,523,cnn_dm_lm,266,full,DEL|APRIL|LayerSkip|AR,8b80cbd87acef7eb9d332444cc77b673fd7494dd03e24efe6ee5732a7bc53ebf
stream2,524,cnn_dm_lm,267,full,APRIL|AR|DEL|LayerSkip,53caa51a1560b5b6e35052d3626878e95d68508b9cb4c8bddfaffdfbce684d80
stream2,525,cnn_dm_lm,268,full,AR|LayerSkip|APRIL|DEL,999392cffdbda565fc6335bf6b3ec1cee8a371559685444ab97bf3b24950da30
stream2,526,cnn_dm_lm,269,full,LayerSkip|DEL|AR|APRIL,2539967df2ffeeaf0dbe05e83694e067b8597bcea32fab52bacaf3980e269eaf
stream2,527,cnn_dm_lm,270,full,DEL|APRIL|LayerSkip|AR,3c78a44b3e63e98977f2fb41aada802a984ed59cd97d531d11c67ab6b9256eae
stream2,528,cnn_dm_lm,271,full,APRIL|AR|DEL|LayerSkip,86d4f2579d851207583f3795ae7999a2e0d240204ff6117e842125b9d97747db
stream2,529,cnn_dm_lm,272,full,AR|LayerSkip|APRIL|DEL,0b5d06c24eb976ad0990b1493c7b8b9513a56d8ce61d65e5c15d511aeebea77b
stream2,530,cnn_dm_lm,273,full,LayerSkip|DEL|AR|APRIL,d43b6d4ab485955c95576be9f45a2af3f9080ff2d03e02ddfb1a960eb77cff99
stream2,531,cnn_dm_lm,274,full,DEL|APRIL|LayerSkip|AR,33342442cc34c7b01a686899ff004a0e02e934c8d86d97e8e1b85536f08109fa
stream2,532,cnn_dm_lm,275,full,APRIL|AR|DEL|LayerSkip,8d44354614e1b7ba958662e1de19cc713c13f91f6ea9e4480456b1b16375afe2
stream2,533,cnn_dm_lm,276,full,AR|LayerSkip|APRIL|DEL,c6ea2d1d5d0a7ee58dda03c164b4b0c2eeefd526b26412154705dbf8c3026ee6
stream2,534,cnn_dm_lm,277,full,LayerSkip|DEL|AR|APRIL,52e0291ab3cf6177a48347e5c256011e8de1564e6ff231c6ca0f01616b3bfb57
stream2,535,cnn_dm_lm,278,full,DEL|APRIL|LayerSkip|AR,f1d75802c9bff71fc1c3dd6575a7eeef4f3b4d11531ea536ea282ab255910fe9
stream2,536,cnn_dm_lm,279,full,APRIL|AR|DEL|LayerSkip,01c97667c2e7362f1b81164bc9f821f9cf427d502ba1cfd67fab40ce6b34e93b
stream2,537,cnn_dm_lm,280,full,AR|LayerSkip|APRIL|DEL,8926f6a05abcab775fc5209ec3bae15941ee71ba1f23fe8afe471e2850a1e170
stream2,538,cnn_dm_lm,281,full,LayerSkip|DEL|AR|APRIL,e06f62470befa31fd1b2ff97cdd42d7d038aa349b28331a10c001b0b0cf05f49
stream2,539,cnn_dm_lm,282,full,DEL|APRIL|LayerSkip|AR,1f8206f30568a82a947504633d1c03424c6efcbe4d380a51c9ee558683ddbd82
stream2,540,cnn_dm_lm,283,full,APRIL|AR|DEL|LayerSkip,f9c19657a15b5a5b79334e4aeb5d0a07fde7dc14752289406709396d59d55a0c
stream2,541,cnn_dm_lm,284,full,AR|LayerSkip|APRIL|DEL,d6b517b1cab80f0d8713e9c5b19c2aaa03a2cc4986b81eca80e87cc163bd746c
stream2,542,cnn_dm_lm,285,full,LayerSkip|DEL|AR|APRIL,b43b33f588f04d6a433811654311f62a6c87b0e942dc1b03732794996a0621d4
stream2,543,cnn_dm_lm,286,full,DEL|APRIL|LayerSkip|AR,3fd9c107d7d27c98a87caed041f61e7b7d13373512213d7ff0402c596f8b6b2d
stream2,544,cnn_dm_lm,287,full,APRIL|AR|DEL|LayerSkip,007e932403460a7e2274b77f331d13a74ff7e257a2f30b5f1e38cb87a926738b
stream2,545,cnn_dm_lm,288,full,AR|LayerSkip|APRIL|DEL,4474cd2246a285841837bcb330fc6a75da273fd29819a48b73e70c7161bc8b9b
stream2,546,cnn_dm_lm,289,full,LayerSkip|DEL|AR|APRIL,84d111d3eb002d26dbb2241a0398529c7771d61b15066bdf3c9b97b372fe7ff4
stream2,547,cnn_dm_lm,290,full,DEL|APRIL|LayerSkip|AR,6d68ba085a57e7aa737fde93d7939e96ad8f13fe820f5c5d6c39900307d9656b
stream2,548,cnn_dm_lm,291,full,APRIL|AR|DEL|LayerSkip,2823018faca521348cd3aa50796c88e853fea85d2e9866e528e8ab6fe77c9aa1
stream2,549,cnn_dm_lm,292,full,AR|LayerSkip|APRIL|DEL,277ce5d7a54014670192bb636dc1e76088c64a8b7b633b6b00e53e049ec81536
stream2,550,cnn_dm_lm,293,full,LayerSkip|DEL|AR|APRIL,dde703f89b9d53622a1b5a721b16f2c9552e80b7a9d8b45d9c1558caeab2af17
stream2,551,cnn_dm_lm,294,full,DEL|APRIL|LayerSkip|AR,81bc97bc17a03593146562ce0ec7c1b74d4ddc7417940160545329d0dc02ba3c
stream2,552,cnn_dm_lm,295,full,APRIL|AR|DEL|LayerSkip,05c57fed584b87322644e660fa9559559be15f50cdc2f0e7e610f8087b16eee4
stream2,553,cnn_dm_lm,296,full,AR|LayerSkip|APRIL|DEL,81fd4a9b0c6f6e0e8afcf3efc8075da60a2fd574efc8822fead37b88cd07b954
stream2,554,cnn_dm_lm,297,full,LayerSkip|DEL|AR|APRIL,48ece7a32dceca46a85a31253c13e5d3bbd858f7b45ad7e471ac028b1fbe5033
stream2,555,cnn_dm_lm,298,full,DEL|APRIL|LayerSkip|AR,cbb04771bae09faaea2997346b31d24d68aef7b9cef0ea0b61dfce6f8cfc801e
stream2,556,cnn_dm_lm,299,full,APRIL|AR|DEL|LayerSkip,4c0b8361b785170f3ecf1d63cabfe76f457954552e1da2b36a876924adf95c6b
stream2,557,cnn_dm_lm,300,full,AR|LayerSkip|APRIL|DEL,2b088c39e43b411539cf9ec5062dec0af18b742126a55c7c27a44bf6147e6666
stream2,558,cnn_dm_lm,301,full,LayerSkip|DEL|AR|APRIL,f7553a1357e245d0cab045629ea55a9a55fae22a16948d030b733c4429d6c5a7
stream2,559,cnn_dm_lm,302,full,DEL|APRIL|LayerSkip|AR,011c68a20848e25cf95d2e2cf9acc325e72e73faed8c2e4aaa8a13027e375418
stream2,560,cnn_dm_lm,303,full,APRIL|AR|DEL|LayerSkip,535c286968d1b1b5eee9c630da58d5f13021dfd3dbc3884891d9ce889d08d82d
stream2,561,cnn_dm_lm,304,full,AR|LayerSkip|APRIL|DEL,589ff505b6535e7f3ecc43a2312930c7481e57dd3341cded515e0da549b30f04
stream2,562,cnn_dm_lm,305,full,LayerSkip|DEL|AR|APRIL,05406dbd9391e643a414f24f760c34606599d60c1dcac640ef29d4faff774498
stream2,563,cnn_dm_lm,306,full,DEL|APRIL|LayerSkip|AR,729f888134b67b54dc127f933023554625f19d18aa336f7be094035fe6049125
stream2,564,cnn_dm_lm,307,full,APRIL|AR|DEL|LayerSkip,1c31e4eabb18a83d3a6930f3a48f4c46242bf218839b036a4c708e4de4ae3501
stream2,565,cnn_dm_lm,308,full,AR|LayerSkip|APRIL|DEL,49914f73f5b64f075ae2660b223e060b91d09b065896fc2a962789c14ce2a501
stream2,566,cnn_dm_lm,309,full,LayerSkip|DEL|AR|APRIL,f851c8e13e38af648da326e9380f4224f71493784b99a581f11258c2fdb1b8de
stream2,567,cnn_dm_lm,310,full,DEL|APRIL|LayerSkip|AR,884396bd474482e7da524cd29c038db9315f0a178d98bf723ab17dcab00e3de4
stream2,568,cnn_dm_lm,311,full,APRIL|AR|DEL|LayerSkip,1d9a46bb588af38feb0b5ca960633560453e930c8281a31899fd71fd68f95c22
stream2,569,cnn_dm_lm,312,full,AR|LayerSkip|APRIL|DEL,f62cb3dbb2efb53f76e4d6d389755e172f95d4f0f8d4fc372fd9a7730bac960e
stream2,570,cnn_dm_lm,313,full,LayerSkip|DEL|AR|APRIL,406cd0045ee74020536975845935be4ec42ce6d254775c0115ffa5b3d3a1609f
stream2,571,cnn_dm_lm,314,full,DEL|APRIL|LayerSkip|AR,84edc24d5014ac315a6972cbc1e9da0b31604b07aa5e386638c6cae653138251
stream2,572,cnn_dm_lm,315,full,APRIL|AR|DEL|LayerSkip,384412f74a32f9e7503129ab493fce11b64d2401f961e2f0e2d0fa83147fd044
stream2,573,cnn_dm_lm,316,full,AR|LayerSkip|APRIL|DEL,2ffb1be154596a15b0f98529315b55f831ce8f7d7d4b19163b9fbb4f510d4c51
stream2,574,cnn_dm_lm,317,full,LayerSkip|DEL|AR|APRIL,664ad9df9e0e09b87cf3461c622b1c6bf3a8ec8e0ef803bf02ebc13fcefb9de1
stream2,575,cnn_dm_lm,318,full,DEL|APRIL|LayerSkip|AR,69b8701601c9a4ff73b54371359cda79a747b7fd773157891146c7c0a3d4d0c0
stream2,576,cnn_dm_lm,319,full,APRIL|AR|DEL|LayerSkip,e376e8d30f9c3056c7e1ce26255b2c6eee0b590a454c639e55c3684a2e65717e
stream2,577,cnn_dm_lm,320,full,AR|LayerSkip|APRIL|DEL,519f6bfe72d151b46eab5e7b522fb506094388cdaea96ba360a77c45487d20af
stream2,578,cnn_dm_lm,321,full,LayerSkip|DEL|AR|APRIL,d165eaf4a190a5270c36afc6716e5444c5ed2e29148d7d7648555a64172bf27c
stream2,579,cnn_dm_lm,322,full,DEL|APRIL|LayerSkip|AR,bd003fbfdfbe91a25d02a3a71c726f9a84cc86064764f9afb1423271cb2d9b4f
stream2,580,cnn_dm_lm,323,full,APRIL|AR|DEL|LayerSkip,9151b5fbe841dfd79df284dc92080bff1512364982d4ffe821881f83d57584ca
stream2,581,cnn_dm_lm,324,full,AR|LayerSkip|APRIL|DEL,55e00380c42fec901ecdd8def7cdda9433b77bd0e9ae15aac97181d6403ff780
stream2,582,cnn_dm_lm,325,full,LayerSkip|DEL|AR|APRIL,1ba089ec0b033a5a6b0ed515cdad1679bd6bc005f7ca83f4cd23df0c35e6a61c
stream2,583,cnn_dm_lm,326,full,DEL|APRIL|LayerSkip|AR,a29d6239efa6bacc015fbbebbd1432852910a3bfe86d79c3a8f842bd5826d9aa
stream2,584,cnn_dm_lm,327,full,APRIL|AR|DEL|LayerSkip,ab3d0aed7b3e9277af50e6d816fccee7c5bd5851c363dfe1a03786c4708c8902
stream2,585,cnn_dm_lm,328,full,AR|LayerSkip|APRIL|DEL,5614314a96e266d936234dc323c2ce6a210c1a53dc70d502612dcaec4ca7c43b
stream2,586,cnn_dm_lm,329,full,LayerSkip|DEL|AR|APRIL,5f2f73ed70697b44f6cf02cec6b3524b39f25f9d10f6cc021cb5f61e824e0f25
stream2,587,cnn_dm_lm,330,full,DEL|APRIL|LayerSkip|AR,c00dddf0527576e3b0aeb30618d1513379139cb857fce84db672f2e9be638054
stream2,588,cnn_dm_lm,331,full,APRIL|AR|DEL|LayerSkip,ec4ea92dec41cfbbd26536134d8f4c293b85d41f72f1a50ec17ccbb31ef273d0
stream2,589,cnn_dm_lm,332,full,AR|LayerSkip|APRIL|DEL,d3c578d90d6291cd9c060bd27355fd489bfeda704e106edc2879694e0e932abf
stream2,590,cnn_dm_lm,333,full,LayerSkip|DEL|AR|APRIL,01f07020ed8369077391a64e099a56d1826c20878ede998fec02f0e116d02fa5
stream2,591,cnn_dm_lm,334,full,DEL|APRIL|LayerSkip|AR,2a4308b7a6e23fce26c52b81dd8c8ea4a758b74064f1566fa26b60bbb9148ee6
stream2,592,cnn_dm_lm,335,full,APRIL|AR|DEL|LayerSkip,c087f9a46d6b05e6ced93481309216dccb2b4192fba8ed56d2402b302850d96b
stream2,593,cnn_dm_lm,336,full,AR|LayerSkip|APRIL|DEL,78d6b9619a2f15142efb1456582a5f233cb26cc5b7f583f174b5e32cf5bd0572
stream2,594,cnn_dm_lm,337,full,LayerSkip|DEL|AR|APRIL,0375ac3cbc048a5ee2bc297fba86bed4ef40cc739adad5774c60e77b6c9676d2
stream2,595,cnn_dm_lm,338,full,DEL|APRIL|LayerSkip|AR,0694cc821ee3b67b6d89d371c6954ed3bf7642885a586ba367aad3163f4aa15e
stream2,596,cnn_dm_lm,339,full,APRIL|AR|DEL|LayerSkip,41005b92693648d7101013786f22756cb57dd3b9479ff0cf2193c347a8bfb979
stream2,597,cnn_dm_lm,340,full,AR|LayerSkip|APRIL|DEL,a246a8d966388abc8ff3fccdbd4a26f50391a95542349bbde480e2a2588c4497
stream2,598,cnn_dm_lm,341,full,LayerSkip|DEL|AR|APRIL,57cd31f19e342f30bb1631c2607914a9db57098d82f55fa03ad65d0e9057539b
stream2,599,cnn_dm_lm,342,full,DEL|APRIL|LayerSkip|AR,bbeaf51a5982bf9cba214f6df77e7b4483ea9cc478ef5922c65e385b121ad419
stream2,600,cnn_dm_lm,343,full,APRIL|AR|DEL|LayerSkip,a20666c50840d569f6b9b987701415e6c987dabd56f571dd18a04be8fa7ab0ef
stream2,601,cnn_dm_lm,344,full,AR|LayerSkip|APRIL|DEL,10c33c84cee59ff19063232070cbb56969d16b24190d1261f1cef883a8b5c6b0
stream2,602,cnn_dm_lm,345,full,LayerSkip|DEL|AR|APRIL,cae3a35938264f90ebe06c5970118d25781ca171dd7e9b13ae8c9ee7bbd06bc0
stream2,603,cnn_dm_lm,346,full,DEL|APRIL|LayerSkip|AR,781d16d3eb7d2e236f5e0d0063bdde6bfa2a17a0159fc2910a9795a28f477b5a
stream2,604,cnn_dm_lm,347,full,APRIL|AR|DEL|LayerSkip,d83efc71e4f5d3da5eccaeb9b5aee9619dd794f32038f7ffa6e83a8eda001fee
stream2,605,cnn_dm_lm,348,full,AR|LayerSkip|APRIL|DEL,cfb2578f1c396c367523064e1c154f556cc100b950da3b7ec0225101bef12b38
stream2,606,cnn_dm_lm,349,full,LayerSkip|DEL|AR|APRIL,561d7461d70a9319d9e2415f0bbd054c12229abeda46f15a83eb17513999cfb4
stream2,607,cnn_dm_lm,350,full,DEL|APRIL|LayerSkip|AR,c7f200c950e834254acfc1896649f98ace9763934e01afc31cd3fb544c69259b
stream2,608,cnn_dm_lm,351,full,APRIL|AR|DEL|LayerSkip,0c6eba896f0b89f5f39c1b991b932381ab2d36d55554d51e9ffa079f718dc6fb
stream2,609,cnn_dm_lm,352,full,AR|LayerSkip|APRIL|DEL,1a3fe8d96bc66f97d39b1daa21b9c27e3fd0cfa367337b73e7a3319f21ec9673
stream2,610,cnn_dm_lm,353,full,LayerSkip|DEL|AR|APRIL,70fe250036f1205c762ca84e3824adf7e9345a0dbd9a794ca5fa2cf62481d3df
stream2,611,cnn_dm_lm,354,full,DEL|APRIL|LayerSkip|AR,7caebc262bb775884d6d1734d977798e16b8802e6b70c44f92edbe4cc6048586
stream2,612,cnn_dm_lm,355,full,APRIL|AR|DEL|LayerSkip,e0cf38c702fa737f47c36ffc472c5d4142c8e6a8a3137345fcdf35a346774fb4
stream2,613,cnn_dm_lm,356,full,AR|LayerSkip|APRIL|DEL,a184bded048e6472df3bf0cd981e040df5535752ab5e701421c0ef4f4dcbfa78
stream2,614,cnn_dm_lm,357,full,LayerSkip|DEL|AR|APRIL,4205e0a53c5ae2c307fd8388381b1fca038c98739e5c84572bb22b7e0133c524
stream2,615,cnn_dm_lm,358,full,DEL|APRIL|LayerSkip|AR,cd60ba870608118eeb87be6bba1fdb9a5f49dc746d9c36afc44b227a5973211c
stream2,616,cnn_dm_lm,359,full,APRIL|AR|DEL|LayerSkip,f199a8eaf1f60145a8617d64f7c43217648455c09e7b74421256c6e1d96ea30c
stream2,617,cnn_dm_lm,360,full,AR|LayerSkip|APRIL|DEL,877a7ff9796c9ac193d9012caa68e8a4376f1c91cc65ce13dfcff5e5efa3d987
stream2,618,cnn_dm_lm,361,full,LayerSkip|DEL|AR|APRIL,0784312d0fba3ebe0d5c6bfd1c55d76039f74eb324319416bb36ad9db1df8c87
stream2,619,cnn_dm_lm,362,full,DEL|APRIL|LayerSkip|AR,e973231665246d143f475f937ac6c35d7db75e27c1f14d84f22b2d3bb7673d76
stream2,620,cnn_dm_lm,363,full,APRIL|AR|DEL|LayerSkip,7718f6fbf860b44a96bdeecadf8b23bbc090ec4f0c71ed3f87df513ae305f186
stream2,621,cnn_dm_lm,364,full,AR|LayerSkip|APRIL|DEL,41acdc84201c289e3278cb849f87733bd42339dfc4ad25da2360f617fdb51bcd
stream2,622,cnn_dm_lm,365,full,LayerSkip|DEL|AR|APRIL,fc2088ffc830c596e38337c77df8dd56c049ab4834666c20d8db71f254d058e6
stream2,623,cnn_dm_lm,366,full,DEL|APRIL|LayerSkip|AR,aca48a8919eaf44da8b2aa633ca6e991a2901082670a6ad8829798f52e4d8c34
stream2,624,cnn_dm_lm,367,full,APRIL|AR|DEL|LayerSkip,59d0286fe0a1ca5e75a4975679ceee6714ea7affb6465696a7ac528c7e2e0ac4
stream2,625,cnn_dm_lm,368,full,AR|LayerSkip|APRIL|DEL,40bf75fe6c5581bb824b0fb1ec169ccbba4442105fe7bf5d72c36c20ebf6b539
stream2,626,cnn_dm_lm,369,full,LayerSkip|DEL|AR|APRIL,02ff637455396dc449600a7f1afbae5b5b67bbbc691c82ba16a8f7a54c4bfa9e
stream2,627,cnn_dm_lm,370,full,DEL|APRIL|LayerSkip|AR,a04d388bb7290010d5409dbbff8b08aea5b33c6486f04dabaf348713edafeedf
stream2,628,cnn_dm_lm,371,full,APRIL|AR|DEL|LayerSkip,013095714568249e9b7b432feaf23c0945d2fe489f8e93d95bc551332cc64edd
stream2,629,cnn_dm_lm,372,full,AR|LayerSkip|APRIL|DEL,c3668e8e9484caa9520a891cca0fc94f5ac8ee52422a9bdf0c4c780cf3aee4ec
stream2,630,cnn_dm_lm,373,full,LayerSkip|DEL|AR|APRIL,ce475604dcbeb2d173cb786d980dda19128af7948eaa55b24f7ca9f5ed894f60
stream2,631,cnn_dm_lm,374,full,DEL|APRIL|LayerSkip|AR,a0a30b0c9144a63913df12ee1d9b51bca32b4e41e5e52faa07a2d94515556b02
stream2,632,cnn_dm_lm,375,full,APRIL|AR|DEL|LayerSkip,be7e5737b6d693fa8ead6f0c7414ca5fe82327729daa74e59b169c85af5bc7a2
stream2,633,cnn_dm_lm,376,full,AR|LayerSkip|APRIL|DEL,332e7f72eba9b5194ac2de4602b670dba6acb78daab4ca5a5c70f01810bc2e7f
stream2,634,cnn_dm_lm,377,full,LayerSkip|DEL|AR|APRIL,688c2d437883f87efae2a0d13266c7374b23acce4d48d2ef41169b7a405b6576
stream2,635,cnn_dm_lm,378,full,DEL|APRIL|LayerSkip|AR,459a96d7484092bc8fb3d84205afc1328aab83709557294231947432013162e9
stream2,636,cnn_dm_lm,379,full,APRIL|AR|DEL|LayerSkip,f63a8713ff692d2befbb55a6442f8a2e7703bd787de8886773375b7fd937e554
stream2,637,cnn_dm_lm,380,full,AR|LayerSkip|APRIL|DEL,c388dbb47c3a0dc542779c50f1cfa96c9f1ab5dbdcda1e2112335f3599ccdb3b
stream2,638,cnn_dm_lm,381,full,LayerSkip|DEL|AR|APRIL,d0fce5a901ca3df0b2e814b0124f9ac7e23ad7d8a986c76546d6faab91f889df
stream2,639,cnn_dm_lm,382,full,DEL|APRIL|LayerSkip|AR,17b6b1733e554f26d09ea39d9882c2904f0912858b9d20638f179818830aaa05
stream2,640,cnn_dm_lm,383,full,APRIL|AR|DEL|LayerSkip,4fb8e697089e6d0fcce41f997c5e550d4b45f6d9c312c622d340ecbbdc35ed2d
stream2,641,cnn_dm_lm,384,full,AR|LayerSkip|APRIL|DEL,6c184417768e41e900140ba560335fb2828f2737abce1a264bd25a28cd1b8f6f
stream2,642,cnn_dm_lm,385,full,LayerSkip|DEL|AR|APRIL,0a10c457bba1cd11c8327e969ca239f92ec86daf4af8a2fa002fa516e40ff1ce
stream2,643,cnn_dm_lm,386,full,DEL|APRIL|LayerSkip|AR,1f870558d310f09b0fe6fcb87787e69079d16ed72c9241abd91e1c42a5c11528
stream2,644,cnn_dm_lm,387,full,APRIL|AR|DEL|LayerSkip,59aa8e78291a25cde95d793a622bc7cbf5099ab8fbc2406638b816e46dbc95ff
stream2,645,cnn_dm_lm,388,full,AR|LayerSkip|APRIL|DEL,28350792d0c57cf01a8da8263911ad8d2c235b6b7f6de8932920385db232f5e7
stream2,646,cnn_dm_lm,389,full,LayerSkip|DEL|AR|APRIL,c95e45224a87fb229a151dbb8969dbf9cbc78b08db407c6be13f93e18fea65c2
stream2,647,cnn_dm_lm,390,full,DEL|APRIL|LayerSkip|AR,79607690941fbaf917b483aeda40535fa4a75557f0ae891c473242714842e676
stream2,648,cnn_dm_lm,391,full,APRIL|AR|DEL|LayerSkip,7b30bfa55eecdce7a82c1d3fe41bf6b8cc2ca8f94c030b465cff640e2253f202
stream2,649,cnn_dm_lm,392,full,AR|LayerSkip|APRIL|DEL,4ff65ed285190634efe4de291a30f2022b3b46f0dd7c82acf07c316ab1c9d133
stream2,650,cnn_dm_lm,393,full,LayerSkip|DEL|AR|APRIL,d7c036a4eedc3c0fa5e72e02724d9ddabb7323242faef69ff8f40dadbe9c5bfb
stream2,651,cnn_dm_lm,394,full,DEL|APRIL|LayerSkip|AR,cdecd33ae0c270c4e2c8e720e23f3375bfc6b48af608a827d5fec0dde50320c5
stream2,652,cnn_dm_lm,395,full,APRIL|AR|DEL|LayerSkip,d4c907b75a6c0346939ce48446b50d88a79833a6db9ef302342d8baffc43141d
stream2,653,cnn_dm_lm,396,full,AR|LayerSkip|APRIL|DEL,3bddb7b51b334228c2227d6f39d85029fcbd9d5a20aaae379d6d4feb0b879018
stream2,654,cnn_dm_lm,397,full,LayerSkip|DEL|AR|APRIL,38868314a7fdb08d6e5c4a358fc0ba8ce50990afbd61a24e20bcb0a790cc0a9b
stream2,655,cnn_dm_lm,398,full,DEL|APRIL|LayerSkip|AR,766aa10ee8efc7f8b3bdcd0e2204bb4a97179f6246c58c8c4adb88d5fe878855
stream2,656,cnn_dm_lm,399,full,APRIL|AR|DEL|LayerSkip,71122715a29c37743c9e4383edb7b3b90fe1d847d0d5638e056017f95a0818d4
stream2,657,cnn_dm_lm,400,full,AR|LayerSkip|APRIL|DEL,39357540b40bf4399aafe56a458c736ba2ea45a9ca40d80423d422b744899a0c
stream2,658,cnn_dm_lm,401,full,LayerSkip|DEL|AR|APRIL,4f99c852bf2f031810baa376398e4066846fe9415dd131ac06079da87a6ba83b
stream2,659,cnn_dm_lm,402,full,DEL|APRIL|LayerSkip|AR,37cbd7a2c9bb4c9964cc79d5626505d47e33891538b1e87f0e2705a1ef501586
stream2,660,cnn_dm_lm,403,full,APRIL|AR|DEL|LayerSkip,d31e9f0d3c749c7a2d8f06981f170bc7f85376b448b9340013f149937682943c
stream2,661,cnn_dm_lm,404,full,AR|LayerSkip|APRIL|DEL,c9195628f01abd61c9abedb949457a50b106c6fb1ec70e6cec6a1d1f04ad0b6c
stream2,662,cnn_dm_lm,405,full,LayerSkip|DEL|AR|APRIL,bb3c2fd51f03eb594a66a8411f66afb89ed54eb0dfa3b382ee82d82de50dfa17
stream2,663,cnn_dm_lm,406,full,DEL|APRIL|LayerSkip|AR,4fad99bea3c9c9df65f86d2538ab96b3234aa7994aabef89b9bc1de35d069855
stream2,664,cnn_dm_lm,407,full,APRIL|AR|DEL|LayerSkip,126d30fe4bd0951bf8111427213185434939009f1d33dd15cb5e84e33d9651a6
stream2,665,cnn_dm_lm,408,full,AR|LayerSkip|APRIL|DEL,1a3af7adf4a446fc023e48a6d6f5d0b8b0a8fb44b814c3bf1fb249956418ff58
stream2,666,cnn_dm_lm,409,full,LayerSkip|DEL|AR|APRIL,346a01e5981d8294aef8ee96729d1dce3b1a68b4d2cbed09b565db070e022a2c
stream2,667,cnn_dm_lm,410,full,DEL|APRIL|LayerSkip|AR,dbf296a25cbccbb40a3d8d38cdd3029c4e0856033c8971ecdef679b952af65a8
stream2,668,cnn_dm_lm,411,full,APRIL|AR|DEL|LayerSkip,294d64ac6ca8c4a6897a006be7eba834059e9afe22a393f78e259099902f7da3
stream2,669,cnn_dm_lm,412,full,AR|LayerSkip|APRIL|DEL,160b9844e5c9280b3de63b720afa479670bd4bd7452cf8d710570b3c9df9f5c2
stream2,670,cnn_dm_lm,413,full,LayerSkip|DEL|AR|APRIL,0ca4a17e8326c1ab9735e00c097293e9d95ab45b214356b0d8cca3ab37210075
stream2,671,cnn_dm_lm,414,full,DEL|APRIL|LayerSkip|AR,b01ec491cc273890d21a006750a8f5ff738984ef30d79f47ea396e656c45d301
stream2,672,cnn_dm_lm,415,full,APRIL|AR|DEL|LayerSkip,2ea236d77e595a8159fd355247ead6c3a818b680b6490e109c1adb785383e8fc
stream2,673,cnn_dm_lm,416,full,AR|LayerSkip|APRIL|DEL,feba4e07875e832a3b9b0d8979800950a7a255ad3a071792f7be9c1f362409a7
stream2,674,cnn_dm_lm,417,full,LayerSkip|DEL|AR|APRIL,cdcb09084ebb77331179b54ae48ab27245464d80eed4b9b7c8bbcec1f07db5cb
stream2,675,cnn_dm_lm,418,full,DEL|APRIL|LayerSkip|AR,61034dfc4362b09b28e2426c92234ec5c7222f1ff664a640cab5c34fdd3891ae
stream2,676,cnn_dm_lm,419,full,APRIL|AR|DEL|LayerSkip,7f225a94e7c2a07efa9ddcbd94bdcfaabaad26babe6238c728d7fd3d14ef2202
stream2,677,cnn_dm_lm,420,full,AR|LayerSkip|APRIL|DEL,d7a0b4b22060966ebceb01777a2fce361e7a1aa92b6ba1798e1eed2f022d79aa
stream2,678,cnn_dm_lm,421,full,LayerSkip|DEL|AR|APRIL,1961f909f28737b78a78b11afc2fac7fa963cb8456d3281d59423db44d896713
stream2,679,cnn_dm_lm,422,full,DEL|APRIL|LayerSkip|AR,de90701d2f75552b91e85d350734d13c9d544160f88da9ea048473b577436682
stream2,680,cnn_dm_lm,423,full,APRIL|AR|DEL|LayerSkip,1e28b084ba42db43a9587406e1dee040b13327b955d85f417eb0f1741daff16a
stream2,681,cnn_dm_lm,424,full,AR|LayerSkip|APRIL|DEL,f286872419fac10136879849e1ddaa634cfccd61fbde8a9b6773abb06b95ee1a
stream2,682,cnn_dm_lm,425,full,LayerSkip|DEL|AR|APRIL,a5d6b330737cc4a2e892f4edae3dd55b008c8062a1c4fa86625294ae5260d365
stream2,683,cnn_dm_lm,426,full,DEL|APRIL|LayerSkip|AR,25be6bf4313f28c98c60187ccd01d2b00e7567026ae2a1f659bd9f0d5582a2fe
stream2,684,cnn_dm_lm,427,full,APRIL|AR|DEL|LayerSkip,8f9196c42105dc30f58f51419bdf67766b2d04d8c327459e81d9e9a1c0ea5780
stream2,685,cnn_dm_lm,428,full,AR|LayerSkip|APRIL|DEL,696e00cabca25b73cf226214ad9dcac1419d71a782b32e23b1d420ec8f8d9286
stream2,686,cnn_dm_lm,429,full,LayerSkip|DEL|AR|APRIL,19e3ba5e35aa43a39291704daf54005db2a603f3879516921303e55c658ba73c
stream2,687,cnn_dm_lm,430,full,DEL|APRIL|LayerSkip|AR,c24dd2e05246805404e8d75585be8046ff8b3fad7c3e46dd37e1c7c1b8eca92c
stream2,688,cnn_dm_lm,431,full,APRIL|AR|DEL|LayerSkip,5a85a844aa47c406b45d21ea9cb56104a92bfe866434e1ef144d0ddb81a655c7
stream2,689,cnn_dm_lm,432,full,AR|LayerSkip|APRIL|DEL,e0601a4d7ae3d6e38d49e22fc8886e4f1857b4da8b2004c8399779d7f1ca1073
stream2,690,cnn_dm_lm,433,full,LayerSkip|DEL|AR|APRIL,24c7ff70281fb2356bdcc0906553b08c4352ef6459c6dfcd7d240d1adc5d1666
stream2,691,cnn_dm_lm,434,full,DEL|APRIL|LayerSkip|AR,d70a5bb7dc76c262ac29fecb2a5170bc651aa949fced21fe18045209efa03c95
stream2,692,cnn_dm_lm,435,full,APRIL|AR|DEL|LayerSkip,daf3cab77e64c3acb9ee2d233c5d15fc36e183343b2a3b544594aabe784d0c9e
stream2,693,cnn_dm_lm,436,full,AR|LayerSkip|APRIL|DEL,2ba8aaca83bd8604c7ca63375346efd8282a91ec2437a9194485f35a1421bb38
stream2,694,cnn_dm_lm,437,full,LayerSkip|DEL|AR|APRIL,3c45795d4161dceecfc6f0a420b8f1ab95adc6f34056dc3efc66278311ac9741
stream2,695,cnn_dm_lm,438,full,DEL|APRIL|LayerSkip|AR,0c2f57479b31813be1fb8389e408bc77ac514f2e09119ae084d922db57a61a60
stream2,696,cnn_dm_lm,439,full,APRIL|AR|DEL|LayerSkip,562bfa712f01eeffb6db7c4289b3d4ef1b186aa16759ae6185aaa83e35151aed
stream2,697,cnn_dm_lm,440,full,AR|LayerSkip|APRIL|DEL,1e04669897e82523fa1fc17f5c86c21053a28c4076600ad49e9984cb1c878492
stream2,698,cnn_dm_lm,441,full,LayerSkip|DEL|AR|APRIL,f0d544a409a07fd1c4f302a803a0f6880345cb1f4122d15460fac12d1ad4b251
stream2,699,cnn_dm_lm,442,full,DEL|APRIL|LayerSkip|AR,c6938b2d930c9b3e7aa1d8baf6061cb823934b27936d46cf862df4443b7f3408
stream2,700,cnn_dm_lm,443,full,APRIL|AR|DEL|LayerSkip,09df52bea724511709743ee58fbbeb9b5c7be6ffd373f338075cab3c3f3ca60a
stream2,701,cnn_dm_lm,444,full,AR|LayerSkip|APRIL|DEL,a6df72648d198e543b77cd991f58bdb57e2621b9e5488d6529a81a63f59afaf5
stream2,702,cnn_dm_lm,445,full,LayerSkip|DEL|AR|APRIL,4999c67dc423006375b38f6e00c7e856ec705003bf4680ad8a92ff4a15cf7f6f
stream2,703,cnn_dm_lm,446,full,DEL|APRIL|LayerSkip|AR,b0efe2629ceac53c4c412dcd64d9aa1c4c4a203b8616cad92f168e2e1bb8b79e
stream2,704,cnn_dm_lm,447,full,APRIL|AR|DEL|LayerSkip,8cdd3997bd1966ee550e42379377940feb91ea0fd52b4e58a96770b0831389a8
stream2,705,cnn_dm_lm,448,full,AR|LayerSkip|APRIL|DEL,020b8d394f3148ecf3040b57a374102779e15e0088ff6f0456dfb9a9737340cd
stream2,706,cnn_dm_lm,449,full,LayerSkip|DEL|AR|APRIL,e74c4f86cae9bf3bad2f075616ea6be0d148b8a8c822e561b6adefa9d6e6792d
stream2,707,cnn_dm_lm,450,full,DEL|APRIL|LayerSkip|AR,2b9af47fcc8a8838b566207d598df13cf8e4fac386cf8112074776bc24ebf389
stream2,708,cnn_dm_lm,451,full,APRIL|AR|DEL|LayerSkip,fc7a384ae76e36b55ee84a7b9180e647223e729938035dc37660222451591246
stream2,709,cnn_dm_lm,452,full,AR|LayerSkip|APRIL|DEL,75f77fa33623ce428f5bf141f75a19ebdb136489ce974d8f6faf90e9746d2934
stream2,710,cnn_dm_lm,453,full,LayerSkip|DEL|AR|APRIL,4105652af6ed22985107239483faeb3dcf9a299f5425be5847b64b04da30d843
stream2,711,cnn_dm_lm,454,full,DEL|APRIL|LayerSkip|AR,33f4de38e29f5e8617394b816ee485695cbd45523e4dbe3299e3491d95371d55
stream2,712,cnn_dm_lm,455,full,APRIL|AR|DEL|LayerSkip,3d8213c6c6b748f0a07c98a2e1bc33de1ce6a47fabbc2712b54e158623515e14
stream2,713,cnn_dm_lm,456,full,AR|LayerSkip|APRIL|DEL,43118179184d9352718e9a21ff2292f08df335a3374086bd520d13776891de1f
stream2,714,cnn_dm_lm,457,full,LayerSkip|DEL|AR|APRIL,bffbd6f360caca3deb64f2a44c0200f387759dc32a07d7e2a9f53ea12fc55bac
stream2,715,cnn_dm_lm,458,full,DEL|APRIL|LayerSkip|AR,6e700c16ee26710e83ae6a7a80d6f510a98436e80494416903b09d3808a01f4f
stream2,716,cnn_dm_lm,459,full,APRIL|AR|DEL|LayerSkip,c7ae977407202635060eb2c27292d602baef17c946c45b4a7483e9396a3d4e3f
stream2,717,cnn_dm_lm,460,full,AR|LayerSkip|APRIL|DEL,e26943ca990fc9bb31a1d794b71820c00df1d5de354f9e821396e8af13065bbe
stream2,718,cnn_dm_lm,461,full,LayerSkip|DEL|AR|APRIL,1e91cd5241c670326990d83283790512fd883f0025fa85fcadc0cbf329a6a574
stream2,719,cnn_dm_lm,462,full,DEL|APRIL|LayerSkip|AR,45880ff5e8135f2f9b558e53cbdde04eece052f93ebf4ba5e281b8245d4bcc1f
stream2,720,cnn_dm_lm,463,full,APRIL|AR|DEL|LayerSkip,0e66a71e96ba83c94f2fb0a80f82ef37734410bf4e2c1757f2b0d6d5d0fbdd71
stream2,721,cnn_dm_lm,464,full,AR|LayerSkip|APRIL|DEL,24349e5a7d0d8cb72526935d3c94c1aa1eec06269b0750c13f7cba2413dd881c
stream2,722,cnn_dm_lm,465,full,LayerSkip|DEL|AR|APRIL,dfd057a4bb7aa44ef84bc0c71b44090ba73c8af36bce2139f7b749575cb59107
stream2,723,cnn_dm_lm,466,full,DEL|APRIL|LayerSkip|AR,c0c106ad60f2fe5cf8df748570b53f2371ffc31d62b26732e6a429bc2fcccaee
stream2,724,cnn_dm_lm,467,full,APRIL|AR|DEL|LayerSkip,15379fdc96eb61a1958c0941b69b4d230c4673870c9a49a770b4e3075cd4d351
stream2,725,cnn_dm_lm,468,full,AR|LayerSkip|APRIL|DEL,2e96dedfbaa5d6fd0771935472a6ddb26921e43e73c887b3b54050ad40d323fb
stream2,726,cnn_dm_lm,469,full,LayerSkip|DEL|AR|APRIL,3b3f24d161746611fc8ae8d21bd2fb31f6cc24e905f6f6f3618905372471d03d
stream2,727,cnn_dm_lm,470,full,DEL|APRIL|LayerSkip|AR,b60329e3c5bfdc2ac1aae3f93e40c51540e432e1baace424cc6986cb62d459a7
stream2,728,cnn_dm_lm,471,full,APRIL|AR|DEL|LayerSkip,f640ad66c174b4993a1ee48e750457f64f1831812449e4ecabe42e8c670cc7e2
stream2,729,cnn_dm_lm,472,full,AR|LayerSkip|APRIL|DEL,4354527082a2c7005b49d65e1806e623549f9aa5bbf18c4913f116d760848297
stream2,730,cnn_dm_lm,473,full,LayerSkip|DEL|AR|APRIL,3aa6d5f63fabcd9d2c04d2fe704b8c40286765593ac6bafd95ed09ab1cfd6fea
stream2,731,cnn_dm_lm,474,full,DEL|APRIL|LayerSkip|AR,023f7d21ff2670a8544e1fddc691989e32a95003e14d81f03c1fd0f160d2b238
stream2,732,cnn_dm_lm,475,full,APRIL|AR|DEL|LayerSkip,94c21dc718961456ad91343847be1e8583d3467cf01e522d07d8c7bdd0d1e2c4
stream2,733,cnn_dm_lm,476,full,AR|LayerSkip|APRIL|DEL,9f3ca7121aa67defee9329645d1a4785e0c1f2b307e73b53dd5b4ee13f1deca0
stream2,734,cnn_dm_lm,477,full,LayerSkip|DEL|AR|APRIL,7207e80b246da421b268e7939171211642d6add57fb3594dece75ceca53f5be9
stream2,735,cnn_dm_lm,478,full,DEL|APRIL|LayerSkip|AR,c6a3b955bde88fb60e615df72d137ec1d2fb59158e8849981b8332bdae43c682
stream2,736,cnn_dm_lm,479,full,APRIL|AR|DEL|LayerSkip,5c4fb52fe56ba68aac1f49a5a686c1c9cd793e6ba4a565bb6c5f4901faf7df34
stream2,737,cnn_dm_lm,480,full,AR|LayerSkip|APRIL|DEL,d195afd7bb7687c623f7d1367a7fe285cdc5ce4e07450774b75867a2d3e6cf61
stream2,738,cnn_dm_lm,481,full,LayerSkip|DEL|AR|APRIL,7efa8c21fbba31d99faf10be345bda01bf16d52011fa4ca55e0fb3d00c6422e6
stream2,739,cnn_dm_lm,482,full,DEL|APRIL|LayerSkip|AR,ee19f5444cd486b20f88878ac7e8f18c4c1d281f2efb3662976a5b1767254f7a
stream2,740,cnn_dm_lm,483,full,APRIL|AR|DEL|LayerSkip,9f0fcca3ff4b96014f76fdb1e3c27f6f7d11f0b3d9a9c95fd91efa82d1332f34
stream2,741,cnn_dm_lm,484,full,AR|LayerSkip|APRIL|DEL,5705b0ad4a36edcbe612243e1a863625b8548b22bbbb1cbcea57fb3e51fd4341
stream2,742,cnn_dm_lm,485,full,LayerSkip|DEL|AR|APRIL,8f58664163d67e2bd78273b13edc43ef4b124995c25d2cca36c01ed06044dee0
stream2,743,cnn_dm_lm,486,full,DEL|APRIL|LayerSkip|AR,16ba9b91101390e0c265595fb27870676876d770fa388cb28411be0f51236db8
stream2,744,cnn_dm_lm,487,full,APRIL|AR|DEL|LayerSkip,fffb0394a974c7a004d507baddc6d5e0028207059476caace99faaf89b13c090
stream2,745,cnn_dm_lm,488,full,AR|LayerSkip|APRIL|DEL,0a1373dd6a1d2d2d1d376c82f6c6fcc8da0da9e3962d76cf9f237f1263b9e494
stream2,746,cnn_dm_lm,489,full,LayerSkip|DEL|AR|APRIL,56aefe1b5fe1634fb9628a127627230d8d72922586ae85a99d7ccae38a12a614
stream2,747,cnn_dm_lm,490,full,DEL|APRIL|LayerSkip|AR,c2e9fbad9dd8c4f0d8d534100f7c342fadb083b75b38f1d049a29a0978481a46
stream2,748,cnn_dm_lm,491,full,APRIL|AR|DEL|LayerSkip,2a4c60a0d13e850067c8a0b20e15e4a99e5b999f35b23fe482f64019bdb51739
stream2,749,cnn_dm_lm,492,full,AR|LayerSkip|APRIL|DEL,d466d08449071164f3a01a3408668826c4ffb6fe02a672a28054c929f2a2c306
stream2,750,cnn_dm_lm,493,full,LayerSkip|DEL|AR|APRIL,d6985290fd5739fef86aec95297cb16b8dc023216915c29a2beaba0121b29961
stream2,751,cnn_dm_lm,494,full,DEL|APRIL|LayerSkip|AR,32f29dcc44da7a884a5c82b70bf5ba947f8824410cc2e53f7c44122119eb03c7
stream2,752,cnn_dm_lm,495,full,APRIL|AR|DEL|LayerSkip,7aef179ced6330834dcce2a42598e9254467de1e5c17f46414d45328a272f662
stream2,753,cnn_dm_lm,496,full,AR|LayerSkip|APRIL|DEL,0d4c556faa9d500af0d8c7500c4a309720f20543aa6f45e5b195f2d79bfd16ee
stream2,754,cnn_dm_lm,497,full,LayerSkip|DEL|AR|APRIL,4bc6252e15a415cf5f218714174ffa8070846c5123000e5ca7cc19f24eab8592
stream2,755,cnn_dm_lm,498,full,DEL|APRIL|LayerSkip|AR,627d6c0ae47e55ba633861ae5c3b1374198dd536634daf32f8669ededad157cd
stream2,756,cnn_dm_lm,499,full,APRIL|AR|DEL|LayerSkip,0e8656355b9ebcf5d17d1de7140ff30e734567c81fd8b5012e2409c3d1468528
stream2,757,cnn_dm_lm,500,full,AR|LayerSkip|APRIL|DEL,4669bd0f769d62559d5d2b7f99fe5ba64f041b5c86f5c55417cd0e7ebffe548e
stream2,758,cnn_dm_lm,501,full,LayerSkip|DEL|AR|APRIL,5022a1f51af5d7bac808de371b139ab5a9a94fecaa60d04b4d1aade24ea3a3ac
stream2,759,cnn_dm_lm,502,full,DEL|APRIL|LayerSkip|AR,27c26390578ef913a2b4c8d4195892dff4f121c239de4115b93572ab0680f1b1
stream2,760,cnn_dm_lm,503,full,APRIL|AR|DEL|LayerSkip,947a02c30243be3a63e826f12c182648324c5d5546fe9fdf2a5a66601f58cd61
stream2,761,cnn_dm_lm,504,full,AR|LayerSkip|APRIL|DEL,2198ac387857c63a1ca93cb73b34b800feecf1dde9253e7bbdb886cc7f0a1d1e
stream2,762,cnn_dm_lm,505,full,LayerSkip|DEL|AR|APRIL,9553b57cd76d7472f28e8c4e5f308c12408e84dc009051c2e1ac1661d671f9f4
stream2,763,cnn_dm_lm,506,full,DEL|APRIL|LayerSkip|AR,e2117379b943f9d759b98fc15fe2754f9c3923161af516835382b3b259e14a10
stream2,764,cnn_dm_lm,507,full,APRIL|AR|DEL|LayerSkip,4993b0a6cf02f2bc604cbf90bc9ca6e1b30b91ce8b817a44940e084e33d147ca
stream2,765,cnn_dm_lm,508,full,AR|LayerSkip|APRIL|DEL,9eb9e1fe1786f3ffb5d28d514e35d8f1aef67a53093791101b31f6e25bba7c09
stream2,766,cnn_dm_lm,509,full,LayerSkip|DEL|AR|APRIL,7ff36350b952dfa2d0c1ddf9f7c65d5968adfd7532f0fe0ce3dc9eb037df00c1
stream2,767,cnn_dm_lm,510,full,DEL|APRIL|LayerSkip|AR,3daa0996af6740b14c7f2aa68c2e8ed18c65e508288e52ec6d0aabf3685a90fe
stream2,768,cnn_dm_lm,511,full,APRIL|AR|DEL|LayerSkip,f2647ca05cb41dafb23d40e0e3153bd6cf09ed81bf8d2ae72dfae1f05787a55c
stream2,769,cnn_dm_lm,512,full,AR|LayerSkip|APRIL|DEL,c5c94f2bf00f71fb92f5173592d8d55eb1eacf14404e598d0618b734353df983
stream2,770,cnn_dm_lm,513,full,LayerSkip|DEL|AR|APRIL,fe90f5a8c0e590751a3edf902c079b13c9d225e7ac702f82ff00609ba889771e
stream2,771,cnn_dm_lm,514,full,DEL|APRIL|LayerSkip|AR,9163c1a8ccbba3b34a03ea48df9ee59107a75a784b29f83e7a4d411df068657d
stream2,772,cnn_dm_lm,515,full,APRIL|AR|DEL|LayerSkip,1e81087857589c6caa2f480894d2ed298007edcc833d455ac52fbdce7b5e2329
stream2,773,cnn_dm_lm,516,full,AR|LayerSkip|APRIL|DEL,259f37ecc2f7ade0d53524e6964ce1bd15a750326c21a16b512b76d8f0253853
stream2,774,cnn_dm_lm,517,full,LayerSkip|DEL|AR|APRIL,9431a6be4713d954675272d5635418e2adabbb84c6fac322e57af4559c58f7ee
stream2,775,cnn_dm_lm,518,full,DEL|APRIL|LayerSkip|AR,b494fca1535d2d5f42ff2f7408a6bb498d9d4337c9d17f83662ae76ddf254903
stream2,776,cnn_dm_lm,519,full,APRIL|AR|DEL|LayerSkip,dd32815645783b8f745ba128112bd9b8a74da162e3735f6443a51ec0af941041
stream2,777,cnn_dm_lm,520,full,AR|LayerSkip|APRIL|DEL,d291d670a93d06207de3ec232c75e75a575f4cdf61a05b31bfc9de9e8a93a802
stream2,778,cnn_dm_lm,521,full,LayerSkip|DEL|AR|APRIL,605c653aa5af81b08f59d1fd112fc717dde3bc90a8559e75ec7d0a0e9afa389a
stream2,779,cnn_dm_lm,522,full,DEL|APRIL|LayerSkip|AR,7c6346dc0094782dde7d76b47ec71f6529a0e3532ecb62b8023e64154a98cc0f
stream2,780,cnn_dm_lm,523,full,APRIL|AR|DEL|LayerSkip,476554d09b62a249650ff838d549bb0e76e09a7cb60f15bae42371b0e877ad40
stream2,781,cnn_dm_lm,524,full,AR|LayerSkip|APRIL|DEL,087edf275b494c128164b7b7eb77b62454e0bfe1b03e9cb0bc7c222df4e71c5e
stream2,782,cnn_dm_lm,525,full,LayerSkip|DEL|AR|APRIL,8e2255b5aef4462578571311e50956018a1f99d5a632a230a112e7bddbd09ae7
stream2,783,cnn_dm_lm,526,full,DEL|APRIL|LayerSkip|AR,d60ef75c6a333c35db664c7a3c955b5e6660f35d60ea631c63635bd9dc2559ab
stream2,784,cnn_dm_lm,527,full,APRIL|AR|DEL|LayerSkip,3c4473d55dc4f21d1447816510b20672595cccf22229d4bba4be0976786dc6f6
stream2,785,cnn_dm_lm,528,full,AR|LayerSkip|APRIL|DEL,79d766332bf56c0aa83d016a8a9584d7ea1df311ce5e11a829f166020a36331a
stream2,786,cnn_dm_lm,529,full,LayerSkip|DEL|AR|APRIL,3a6b51d7dafc6a79ec9e69333eabe2fbe073eab6daf8f594d633bc62223196dd
stream2,787,cnn_dm_lm,530,full,DEL|APRIL|LayerSkip|AR,8f51c7e10e19013fafe15540660c16f141ce21e67fa9d4d4ff046a0706e570ff
stream2,788,cnn_dm_lm,531,full,APRIL|AR|DEL|LayerSkip,0e7b4189ecd004b356842b533eb243a5ad094dbe8166872dfc65877291b9bb6c
stream2,789,cnn_dm_lm,532,full,AR|LayerSkip|APRIL|DEL,937d60283d33615febf424fb88142d5579dd9829fc91e8985d41fd84d7deda8e
stream2,790,cnn_dm_lm,533,full,LayerSkip|DEL|AR|APRIL,afda6682612cb9542bfe4ef195589f3b56798c77c1a8c1fb8fd0e8c0f9f3133d
stream2,791,cnn_dm_lm,534,full,DEL|APRIL|LayerSkip|AR,07ad260c6acdac272ad80229f962245a8879744243f0f25c09b07f9cb0ac45fb
stream2,792,cnn_dm_lm,535,full,APRIL|AR|DEL|LayerSkip,d12f191d21e922f3d024bdc8318fb62ba6eea4c8dd568ff570289595886b55f4
stream2,793,cnn_dm_lm,536,full,AR|LayerSkip|APRIL|DEL,1b1c006916250c466acbbb365b79769a1c4fa217431c2adbc9fde6947e3bd3ae
stream2,794,cnn_dm_lm,537,full,LayerSkip|DEL|AR|APRIL,854db1db19c4e3e898417ad830e0641e9ef2a5306c5f1c21595e8e253bc0e3bb
stream2,795,cnn_dm_lm,538,full,DEL|APRIL|LayerSkip|AR,354573be87e6495210b3a7bd9a8d7652ef6e6b8780d989cefc09c29f8d83f16a
stream2,796,cnn_dm_lm,539,full,APRIL|AR|DEL|LayerSkip,40966cb9ea0df26106f48dd988ceaaacde2b7a5bcc849a5503d9c3075823d12a
stream2,797,cnn_dm_lm,540,full,AR|LayerSkip|APRIL|DEL,99d5f4bb623c4850b127449c78d7f591ab71ffdabf407952ddbd2f4214abfcd4
stream2,798,cnn_dm_lm,541,full,LayerSkip|DEL|AR|APRIL,61d915d6339092c04e5c8fbb84bc1445a0cadb0af64b68bfafcf76b76921aece
stream2,799,cnn_dm_lm,542,full,DEL|APRIL|LayerSkip|AR,c6edf0fc6c3d2b98ee45eb3de90aec2587fe7de2e4cd399659c1ef3170ea290e
stream2,800,cnn_dm_lm,543,full,APRIL|AR|DEL|LayerSkip,bb5b05a635398ae408a97a091edbdb25bfd68d905dcfceab94d1c75e0eebe060
stream2,801,cnn_dm_lm,544,full,AR|LayerSkip|APRIL|DEL,850a4de633b37d44e99a7883814f89d2cea50ef35d31b4c376160da8c180b155
stream2,802,cnn_dm_lm,545,full,LayerSkip|DEL|AR|APRIL,944d89280683e583a4196e5acd8e60cd251779f6c241bdd73f5d19a31acecf47
stream2,803,cnn_dm_lm,546,full,DEL|APRIL|LayerSkip|AR,a889dd6da8d58d15355c3e3aa1973f4a6b6630d9a96f2db37584b7e787cebe3e
stream2,804,cnn_dm_lm,547,full,APRIL|AR|DEL|LayerSkip,3b810142509187c305a8f4d6733161f214bf65d0a3786f5ee467a34287c77e70
stream2,805,cnn_dm_lm,548,full,AR|LayerSkip|APRIL|DEL,eec60628fc53e5b22fc57e324e6390fe262399023d126eb7ae92c2894b64bebe
stream2,806,cnn_dm_lm,549,full,LayerSkip|DEL|AR|APRIL,83f56b94f4b227837549ddd9487cebe3840658dcfaa1c836f3e2027c031a47d6
stream2,807,cnn_dm_lm,550,full,DEL|APRIL|LayerSkip|AR,f60af194da2fc017023a1ea38d7e3799e96bdbbe80d6aa4121393eb09b239375
stream2,808,cnn_dm_lm,551,full,APRIL|AR|DEL|LayerSkip,1e0a39c827b45546b7b82c77391f3a3506a003e7f5e1e180e441ca77e6ebc48b
stream2,809,cnn_dm_lm,552,full,AR|LayerSkip|APRIL|DEL,04ae97122537076948de8feb32ad49c1e4c1e3c7ecb6b644f13ad0fb8082004a
stream2,810,cnn_dm_lm,553,full,LayerSkip|DEL|AR|APRIL,62a11312bd5ed99cffb062082b44bc669ab0f982d9e69b6620946100d3b77b5d
stream2,811,cnn_dm_lm,554,full,DEL|APRIL|LayerSkip|AR,3e32911623b8e8817b2571c8be8d53e33740a4d60cc1d29742e796322b4c3e7b
stream2,812,cnn_dm_lm,555,full,APRIL|AR|DEL|LayerSkip,ce8e17364577e853b71fa1ca1d618be4a8ad68e7db33786a255c2e0961a034f2
stream2,813,cnn_dm_lm,556,full,AR|LayerSkip|APRIL|DEL,7fa2b93a74597cd3536fb8908c6aab68851f208d0d47431aed19b3bcde4bbb7d
stream2,814,cnn_dm_lm,557,full,LayerSkip|DEL|AR|APRIL,3170825d52bfd69ec62075b44f6748da19c2533f8a23d04a6beca5b19b5360b2
stream2,815,cnn_dm_lm,558,full,DEL|APRIL|LayerSkip|AR,cddb20996ad7c15897501791968584add505a392fbcd10bd1aa1c8fe294f713b
stream2,816,cnn_dm_lm,559,full,APRIL|AR|DEL|LayerSkip,858bee9318dc85e84b81d0df596f35890a33c5539baee8380862adebf0081306
stream2,817,cnn_dm_lm,560,full,AR|LayerSkip|APRIL|DEL,a4b4c8e6aa35b141d83136d0fd3fb10c7c4ddf4d776cde7ce6d1a97196f52ad6
stream2,818,cnn_dm_lm,561,full,LayerSkip|DEL|AR|APRIL,877454779c9739b6c69481c685067b3df462dbfe5fc72f7342dd5a7a19340577
stream2,819,cnn_dm_lm,562,full,DEL|APRIL|LayerSkip|AR,388169a67aefbafa0f771117c29fbad91719d18f14660e723f08f15588774bb1
stream2,820,cnn_dm_lm,563,full,APRIL|AR|DEL|LayerSkip,53a6eb5d6d96ed1dd22514327b08b1c3f6f0b1d5ee36bdff4076c1233fdda2b7
stream2,821,cnn_dm_lm,564,full,AR|LayerSkip|APRIL|DEL,82526b3e4b8e4936cd072fb21da757a101ec75b449929f5bb40a3ee23ccab9d0
stream2,822,cnn_dm_lm,565,full,LayerSkip|DEL|AR|APRIL,c61ae57c0376c712f92003d0ee76ac7787264441c1b2bb0dde6ee1460786c388
stream2,823,cnn_dm_lm,566,full,DEL|APRIL|LayerSkip|AR,5730980244a5ea5159dea4098406ed2d25bf8f7ad64d77651764dcf09e029534
stream2,824,cnn_dm_lm,567,full,APRIL|AR|DEL|LayerSkip,d6ab8864da95bfcd7c7f08e0c070c28ec74c57a6d6f3c25296ed8c5b78a1ed64
stream2,825,cnn_dm_lm,568,full,AR|LayerSkip|APRIL|DEL,f6066dd6244f25cf4fe63cb2add43c48983d709d3ec6782e70304635fde18244
stream2,826,cnn_dm_lm,569,full,LayerSkip|DEL|AR|APRIL,4560037ca2d517511cf7f8eaea85fe3ace874d8d41dbad1d99f78ab98da6c4a1
stream2,827,cnn_dm_lm,570,full,DEL|APRIL|LayerSkip|AR,629f2250daeae69dfa0e2248c5c35b44a12d60c6abddde085e72a2133a30d7dc
stream2,828,cnn_dm_lm,571,full,APRIL|AR|DEL|LayerSkip,37e51ca02ebb1a9bc616882cdfd7399241d0e2aac5be154d76adb7c41b1d63f0
stream2,829,cnn_dm_lm,572,full,AR|LayerSkip|APRIL|DEL,9cd8dde905f3b7b2858ad16b889438d5b81b8da7dbcbd00a8025daf300775fa7
stream2,830,cnn_dm_lm,573,full,LayerSkip|DEL|AR|APRIL,c20430ae2115684828f702fbd46f94558bc80420e10e8476c60d8d58679627b8
stream2,831,cnn_dm_lm,574,full,DEL|APRIL|LayerSkip|AR,61d8d815aa8e8e07fa0f3004c5b06e3f1b6cee0895f1a1cda379f5896c0c638f
stream2,832,cnn_dm_lm,575,full,APRIL|AR|DEL|LayerSkip,a7b75f1b238470af79317ccbe814a1c0ee63faf22888e14d1d8191fc37315772
stream2,833,cnn_dm_lm,576,full,AR|LayerSkip|APRIL|DEL,81ba3af14078864d64ebee5e896fbb091b10e1b5738dad30d6339a178af75f75
stream2,834,cnn_dm_lm,577,full,LayerSkip|DEL|AR|APRIL,3de00e645f42681839c888e8480fd80bc69e42cf8ea1c6b293ce864c853bc9a9
stream2,835,cnn_dm_lm,578,full,DEL|APRIL|LayerSkip|AR,07727aabff428dd59a5218535ea50b9487694f268aaeac91de08fd95decdf036
stream2,836,cnn_dm_lm,579,full,APRIL|AR|DEL|LayerSkip,38cdcc6329cf1254eea0944de2eec94a48c483b6a525705aa6f3510353ea8f4e
stream2,837,cnn_dm_lm,580,full,AR|LayerSkip|APRIL|DEL,257964ed6cbe21ebe0cc50ed6f8885bfa167c5dbbfa607bce8adab9cccfb753c
stream2,838,cnn_dm_lm,581,full,LayerSkip|DEL|AR|APRIL,b777646f29c1e0f79a97d9780cecb4d423b01334350349bd8308aa62e0411beb
stream2,839,cnn_dm_lm,582,full,DEL|APRIL|LayerSkip|AR,9d576ed4d20ccf330b83d87523e393154a69456af50d27533aa0ca1f8fa9ca89
stream2,840,cnn_dm_lm,583,full,APRIL|AR|DEL|LayerSkip,8091513416ffcc03de492418682b762a04a3238e61e231917f697408080657e5
stream2,841,cnn_dm_lm,584,full,AR|LayerSkip|APRIL|DEL,b2e28ec956067b035b7469768993d3b5a52efb93fc218bcd9166286acd0d83fb
stream2,842,cnn_dm_lm,585,full,LayerSkip|DEL|AR|APRIL,6f20598b512434a4a3fe099f78c42fcb114af77c5cd3b4e5088d4a8e63e23dac
stream2,843,cnn_dm_lm,586,full,DEL|APRIL|LayerSkip|AR,cfd7453027b45e71111319fc1e0b76124b200efecf9ed3b6fa65a8a1a740fd8d
stream2,844,cnn_dm_lm,587,full,APRIL|AR|DEL|LayerSkip,f5e3f8fba555882f7a4b05e0c1b1059ba7df9c84ac20ef4bc13a72cf6e7d5de1
stream2,845,cnn_dm_lm,588,full,AR|LayerSkip|APRIL|DEL,a4f8916db64db69add39b92663451ffb336f985f9d68f282bd62f69c9655753d
stream2,846,cnn_dm_lm,589,full,LayerSkip|DEL|AR|APRIL,ed323f00dfaad9e79832ffd59d13de0b7650a2fb1acfa35162478f6a598eaf34
stream2,847,cnn_dm_lm,590,full,DEL|APRIL|LayerSkip|AR,0e085a7498e55b64db7e55da37cfb350dee9ae1c9a335ab6f8e19622146002d1
stream2,848,cnn_dm_lm,591,full,APRIL|AR|DEL|LayerSkip,dd419455cf06d77bc08d3b0607888de34a5728a68358d618e0ee935176e3aabb
stream2,849,cnn_dm_lm,592,full,AR|LayerSkip|APRIL|DEL,d16ed1675ceea9ecb72d4790aef183f45a8d1a48384c6183cadb3581b5d3a10b
stream2,850,cnn_dm_lm,593,full,LayerSkip|DEL|AR|APRIL,efba689d5eac19be364a8399b3503b38b5a00a3a895a49eaf0d5ab7258614cd8
stream2,851,cnn_dm_lm,594,full,DEL|APRIL|LayerSkip|AR,c82250b5517dbd8d50daafd6196c756e624c122817cee85b0dd10ccb84a26e2c
stream2,852,cnn_dm_lm,595,full,APRIL|AR|DEL|LayerSkip,90158cabf141c9bbf6c442b3baef0693713178bcb3abf159de8cba1b91d0f8f5
stream2,853,cnn_dm_lm,596,full,AR|LayerSkip|APRIL|DEL,8635aef6f0ec89df2b0c57f2da8746ebad74bb21daa493bbc8f2222a983df3b5
stream2,854,cnn_dm_lm,597,full,LayerSkip|DEL|AR|APRIL,006372f5a286c0b7b93604dd2259a0b9e0b360d84b7cf8f4f0220a73731e6182
stream2,855,cnn_dm_lm,598,full,DEL|APRIL|LayerSkip|AR,eda3c1c6e6176e39ce37adec5ab62c74416a8a0484cb1728275241a7f5ff2b5b
stream2,856,cnn_dm_lm,599,full,APRIL|AR|DEL|LayerSkip,3ed897203ff8b066b28a25256f51437b0c35d87acf5bead19a962ab374fd19b2
stream2,857,cnn_dm_lm,600,full,AR|LayerSkip|APRIL|DEL,118f286634b66a7e78c0710d8b0a770bb1c38de3cb912086ece0135f339d205a
stream2,858,cnn_dm_lm,601,full,LayerSkip|DEL|AR|APRIL,ea9ac471a0dfd8876837436b5e757f355ccb04b07b2f4d5b0a0386cdbdb7f4ce
stream2,859,cnn_dm_lm,602,full,DEL|APRIL|LayerSkip|AR,085e8c88bce79ecf5ec1fff075cebb98396ce987495e54eaa862609b15c0a443
stream2,860,cnn_dm_lm,603,full,APRIL|AR|DEL|LayerSkip,717553dd8897adc02176145de11922c44c2f088ecc22800ef03814e2ba1f47a7
stream2,861,cnn_dm_lm,604,full,AR|LayerSkip|APRIL|DEL,08a0cd97d939dd3fa46c4c49b8343273ea7e7e5679b27372d5bfba25f0ac2c91
stream2,862,cnn_dm_lm,605,full,LayerSkip|DEL|AR|APRIL,5745dd091e2abbbe3517b521a6785207cc80b2d7375c76161fb612f94782d9be
stream2,863,cnn_dm_lm,606,full,DEL|APRIL|LayerSkip|AR,9d7414dc1c28352fca51ff79bd726119805e2e64a61c51c93ce32e00abfbb44b
stream2,864,cnn_dm_lm,607,full,APRIL|AR|DEL|LayerSkip,4f5396c8c62de21ed85e71bfd6a08e3ef8f8cf91b2d1aae6aad7c4ce426ec50f
stream2,865,cnn_dm_lm,608,full,AR|LayerSkip|APRIL|DEL,525036277bab9d99c793e507444a0e6ceaed801889b0906f156cea40036c0fa9
stream2,866,cnn_dm_lm,609,full,LayerSkip|DEL|AR|APRIL,421db6cfc9ef5a71db79775e2e3b921c1fa1e0d9b8e62130f4905199d40eed42
stream2,867,cnn_dm_lm,610,full,DEL|APRIL|LayerSkip|AR,9a77595d9cb561f78d2e1f189f8a67ad7c418c17292e2c63945aa12b1870ee3f
stream2,868,cnn_dm_lm,611,full,APRIL|AR|DEL|LayerSkip,f01153d912436a12a2417570a61533b4c6939644a20dc739ffffa579fd1effeb
stream2,869,cnn_dm_lm,612,full,AR|LayerSkip|APRIL|DEL,c9b7c7e3f5677a1ca81b6479e59ad6f62a703e074fe47f9f915932d8e4a89033
stream2,870,cnn_dm_lm,613,full,LayerSkip|DEL|AR|APRIL,4b4f400007b97c8e271a0b815f2964790a5f08b051d87899cd5e19f0f5f6fbe6
stream2,871,cnn_dm_lm,614,full,DEL|APRIL|LayerSkip|AR,1913994cefd515fe162e59f991fdd9d49cd82fb0d7e625d95cac7aafa629257b
stream2,872,cnn_dm_lm,615,full,APRIL|AR|DEL|LayerSkip,82bf68589751ad10755ed08146778a79dc70a3d41506afdc5902fe2e1026ca2d
stream2,873,cnn_dm_lm,616,full,AR|LayerSkip|APRIL|DEL,f2edaafea3cc26a51cec3243ab6abaf15093a387241950dd46fb6d911ddfb497
stream2,874,cnn_dm_lm,617,full,LayerSkip|DEL|AR|APRIL,18b82c7be463d8717830f07f1d6ecd4b2ae7f5dc34bb27a74a815ed75aefe27d
stream2,875,cnn_dm_lm,618,full,DEL|APRIL|LayerSkip|AR,fa17a45b53232ec1128bcbd04b5fa0b46aebe0f1fb3aafade5fe59c3930ce1ff
stream2,876,cnn_dm_lm,619,full,APRIL|AR|DEL|LayerSkip,2cbd94b6d674494ebffc27b31d53dd81af5303ef385363f11c19a5a3ee9bb3da
stream2,877,cnn_dm_lm,620,full,AR|LayerSkip|APRIL|DEL,1388b22dea02d68c8c1fe0b62bf05f376c1d2eccac892353c4afad4bf0435cd8
stream2,878,cnn_dm_lm,621,full,LayerSkip|DEL|AR|APRIL,4a0b6f12191722bf12647910f643f46d16d57bc4b1173745867b69d5ce723811
stream2,879,cnn_dm_lm,622,full,DEL|APRIL|LayerSkip|AR,499004c935e21e6b4142d4d2afb929077424116f9fc949c09950642a6b1527eb
stream2,880,cnn_dm_lm,623,full,APRIL|AR|DEL|LayerSkip,1ff5e23ab92321393d5ddba55efbd084011be4218dd895ea5eb3e0382224fa0f
stream2,881,cnn_dm_lm,624,full,AR|LayerSkip|APRIL|DEL,ba747feab567c07ddb26f73f90e8bd1508c8d6da3af61aae3313e871bb073b93
stream2,882,cnn_dm_lm,625,full,LayerSkip|DEL|AR|APRIL,c50105ee4a9d28f938095558923c534985e7ce75f0ec69b039a6b69e3239dfd9
stream2,883,cnn_dm_lm,626,full,DEL|APRIL|LayerSkip|AR,52ef330d4d9168e262033192ad179ff18015a638d148e9406934778a57292e36
stream2,884,cnn_dm_lm,627,full,APRIL|AR|DEL|LayerSkip,74ba151057a026478b925c5f8b95df5e9700120062aff0c11a44892ce4aba3f1
stream2,885,cnn_dm_lm,628,full,AR|LayerSkip|APRIL|DEL,34b136b764bda193f6498311c57bb1db86110aaba82ab2e62b228e454eb95a9d
stream2,886,cnn_dm_lm,629,full,LayerSkip|DEL|AR|APRIL,2e8b264fb22f0089fd5bf6409f67cc16c7d385deb51666a3e5ea367a26068aa5
stream2,887,cnn_dm_lm,630,full,DEL|APRIL|LayerSkip|AR,8cec5c07f0801f76abeea97ae28c984061f93f9076acbedcde2db73404180d2e
stream2,888,cnn_dm_lm,631,full,APRIL|AR|DEL|LayerSkip,acb83457b93b5fbb0ab8898f5eb5a9ccdda1ae1b62c325710505249b9e669e02
stream2,889,cnn_dm_lm,632,full,AR|LayerSkip|APRIL|DEL,db8a8c48d0aef6a01d05f2a1a2cae856536276352eb144f37f3e0a66c469a67d
stream2,890,cnn_dm_lm,633,full,LayerSkip|DEL|AR|APRIL,269a8cb4618ef6af579ea6b52f40397c306a7a3cd89d2c8dc829af71db34ee42
stream2,891,cnn_dm_lm,634,full,DEL|APRIL|LayerSkip|AR,0ff85eccd976b6ebe0f80d1c927cbf07f77960745b521b7d72c72fb853011494
stream2,892,cnn_dm_lm,635,full,APRIL|AR|DEL|LayerSkip,713e018cbbc7362e308f0ead7a80ea3f54b0e3ae5a8983bde15a52fb8db0ac4c
stream2,893,cnn_dm_lm,636,full,AR|LayerSkip|APRIL|DEL,f251ddb5097372fd22e3dcb2d26618cddb1c583ba43f7cc22c4199a09990c704
stream2,894,cnn_dm_lm,637,full,LayerSkip|DEL|AR|APRIL,9cdef6122691b66464aef6e4b81c48a2ec486328f66ae29b699e04845f7c7c35
stream2,895,cnn_dm_lm,638,full,DEL|APRIL|LayerSkip|AR,a2bb72e3752095755bc8f6096889a6ad7d7911cb423cf27ea19d1cd14e5419fa
stream2,896,cnn_dm_lm,639,full,APRIL|AR|DEL|LayerSkip,8c0a3ce458bed4697e0b7da157867c606f70f6a6fb67a0c390a44a3dd1a874e1
stream2,897,cnn_dm_lm,640,full,AR|LayerSkip|APRIL|DEL,2da9b8a89cf76b2bc472457b60567615abcec6c0ec31768343c83e0112639560
stream2,898,cnn_dm_lm,641,full,LayerSkip|DEL|AR|APRIL,f22bbcb5f898d259adf4172d2f10df350ca17e93c529d3951a8e3dd3289d8f1b
stream2,899,cnn_dm_lm,642,full,DEL|APRIL|LayerSkip|AR,1e6546a4351b6b9d4f51f2886055fcacc415b6886caf82ed3efcce7b7abb0d69
stream2,900,cnn_dm_lm,643,full,APRIL|AR|DEL|LayerSkip,384fa281e08eecf29eacb7b887733d7a4acac5c0722b9aad782fec1e01f9b368
stream2,901,cnn_dm_lm,644,full,AR|LayerSkip|APRIL|DEL,b6009d538ccda70450a1e33cfccb094015f1532bd47457d40807c99ea63a94f3
stream2,902,cnn_dm_lm,645,full,LayerSkip|DEL|AR|APRIL,7e582407225facc2d788ef789ffedb4796436e940fedbc2888102986473e8d9f
stream2,903,cnn_dm_lm,646,full,DEL|APRIL|LayerSkip|AR,0f4fbba4009ed80b9214da5aa9b78fa8c04ac88b0932e6d9651b0b4505ce6b8d
stream2,904,cnn_dm_lm,647,full,APRIL|AR|DEL|LayerSkip,6421f7ae532f0ba7176a14611111b14944894d5aaa08d73631e0e29feddfcc0c
stream2,905,cnn_dm_lm,648,full,AR|LayerSkip|APRIL|DEL,ac714e859cacb7ae4eadaff36a2ce6c1643196bb20f7d9f8b22b6b8810bda1a6
stream2,906,cnn_dm_lm,649,full,LayerSkip|DEL|AR|APRIL,e18bd07c2e4481ba3407a4350d771d3cc531b614119f8d2cfcca694d5b4ac7c8
stream2,907,cnn_dm_lm,650,full,DEL|APRIL|LayerSkip|AR,3dafc3b57e0596fd57ff052ffddb56b66516cb2c180bd894c8341eda87aad3aa
stream2,908,cnn_dm_lm,651,full,APRIL|AR|DEL|LayerSkip,3f5c474ba0f3c46fe03d0ecd8bafa4ca7546e42a501bc86bf62654617624518f
stream2,909,cnn_dm_lm,652,full,AR|LayerSkip|APRIL|DEL,35e9d1f5427b65b5136c8bab01d4ee8eba559a3c753a9c96879b3f5432e56803
stream2,910,cnn_dm_lm,653,full,LayerSkip|DEL|AR|APRIL,a98d1a6f574b13893353060672c6417235e5863ee49c2b7b268d39ed5e3d22ed
stream2,911,cnn_dm_lm,654,full,DEL|APRIL|LayerSkip|AR,61b58bbdec6c70d1711bbaeab64c2f4b57be77a058808c47d1d32753ac90ab8b
stream2,912,cnn_dm_lm,655,full,APRIL|AR|DEL|LayerSkip,f23338dc8ece45506d0deaac8ed30515ca80f226f36b300885ba8783f234d4aa
stream2,913,cnn_dm_lm,656,full,AR|LayerSkip|APRIL|DEL,fa660fc7633445a2987e78ee2aa1f87fe870a73dc0c6053082aaaee818753767
stream2,914,cnn_dm_lm,657,full,LayerSkip|DEL|AR|APRIL,1b48cebe8d848f53ff4a8facce02a0fdfdf2ee54ffff84718d666d33ad7640b6
stream2,915,cnn_dm_lm,658,full,DEL|APRIL|LayerSkip|AR,d6bf17dd58725abeab07040f3791e8170a4a365d9529401f8e78084ee0e634d8
stream2,916,cnn_dm_lm,659,full,APRIL|AR|DEL|LayerSkip,c7050db67cd5b48680a7f9d8ec1df8964cc16568996f30e7cefd1234fc98190a
stream2,917,cnn_dm_lm,660,full,AR|LayerSkip|APRIL|DEL,4e3a34b89fd949dc6b42bb33019ae89075c50ad43ef5fb196f13be6387135ad0
stream2,918,cnn_dm_lm,661,full,LayerSkip|DEL|AR|APRIL,b8b085ca6ca4306268821ff342386b3839adf1421e022f6f3d26e8041f2dabcd
stream2,919,cnn_dm_lm,662,full,DEL|APRIL|LayerSkip|AR,15a223ca8596f5a77107c33a9500d0ea2b754dae28f2d1b0c59bb67d03208f22
stream2,920,cnn_dm_lm,663,full,APRIL|AR|DEL|LayerSkip,06781eb939025230a6623343d4d2932683587ae0706ac11d8f6a1e5fa805dba7
stream2,921,cnn_dm_lm,664,full,AR|LayerSkip|APRIL|DEL,c12da28943d9d67eabc1bd25510a4a15d775005e0e87faf61471bdc6834d984e
stream2,922,cnn_dm_lm,665,full,LayerSkip|DEL|AR|APRIL,d1963f05f2e228f41ccdd39973f8d7754a0530f24d23d81ef5e3cba0503bd62e
stream2,923,cnn_dm_lm,666,full,DEL|APRIL|LayerSkip|AR,4df39fed402a7c3c8f605c58b54fbd91e7b54920ada9959e9e80eeb5ab35b3e7
stream2,924,cnn_dm_lm,667,full,APRIL|AR|DEL|LayerSkip,2ecb178d743c82a4753c4c4600b60bca6112ec93242d338c9f5009000d20c487
stream2,925,cnn_dm_lm,668,full,AR|LayerSkip|APRIL|DEL,401e05ac61115baa79b958b20b69b9e6524c8a35d6c5ff82693675643547ef09
stream2,926,cnn_dm_lm,669,full,LayerSkip|DEL|AR|APRIL,1694f3bbb5bd61893c9b1d2f762be216d1f6f3df4c1b0380944390fd67e968d7
stream2,927,cnn_dm_lm,670,full,DEL|APRIL|LayerSkip|AR,12f5908c994c7244031895473b572a4bffd2ab1643c58b7ef26abac48e5c6912
stream2,928,cnn_dm_lm,671,full,APRIL|AR|DEL|LayerSkip,ceceb4075d82b076e21fe70d07cfda49bb2bee5a67d9a51c9ed96a5fb740c36a
stream2,929,cnn_dm_lm,672,full,AR|LayerSkip|APRIL|DEL,b2ce9b8bdfca52ee823e346927690a30c76c7ac0749e6aa88fbc31d8815e4cb4
stream2,930,cnn_dm_lm,673,full,LayerSkip|DEL|AR|APRIL,ef79795146b7893730bf8deeea4a6a6ba68800edc986a47378c1d6a411265a62
stream2,931,cnn_dm_lm,674,full,DEL|APRIL|LayerSkip|AR,4f2162fc673d27e656224daf3b1d3338c09872bd66a1ea506e288aaf07691865
stream2,932,cnn_dm_lm,675,full,APRIL|AR|DEL|LayerSkip,5a340092edaae5835ad182843208758f61677f33cc3c32a9aea0b29dbc353f13
stream2,933,cnn_dm_lm,676,full,AR|LayerSkip|APRIL|DEL,f2927dca9a25df981a94b9a12403c99301c08fee13b09cbfe29f60b945d8822c
stream2,934,cnn_dm_lm,677,full,LayerSkip|DEL|AR|APRIL,f435427dbc806f635e15b01cb57cd5030d024c00c12c4e059c85a2c5a7ce35b5
stream2,935,cnn_dm_lm,678,full,DEL|APRIL|LayerSkip|AR,d654e516a4cefe448c2a17bf8706b550266cddc44da2f9413a0c1933da89f8cd
stream2,936,cnn_dm_lm,679,full,APRIL|AR|DEL|LayerSkip,f281f2b873a3f609089ce7faaec0ce49ded7692a0b5fba3985594807c2acf726
stream2,937,cnn_dm_lm,680,full,AR|LayerSkip|APRIL|DEL,68dd3ba9a7ac41d273d5c9402d3cc18826003525c2ddea117fa7ad1e883607f9
stream2,938,cnn_dm_lm,681,full,LayerSkip|DEL|AR|APRIL,7c2bedfd62e3327b8007e7f0e17f5b7482b245d61296c967d9a5ee84d0390d00
stream2,939,cnn_dm_lm,682,full,DEL|APRIL|LayerSkip|AR,cf1c95a7f7ecaee2a5c12fa51ec83069362010be40f1f513270b89578168edc1
stream2,940,cnn_dm_lm,683,full,APRIL|AR|DEL|LayerSkip,3899d45633af3eeca023996c38f6a33456624a6151a0199e73ce5f34d0c8b6a7
stream2,941,cnn_dm_lm,684,full,AR|LayerSkip|APRIL|DEL,5945177cc640a1da44c4b7502466f44fb97fd96cbcca6d4a1960b21cfbff9a4d
stream2,942,cnn_dm_lm,685,full,LayerSkip|DEL|AR|APRIL,e017335a24bf46aee9adadfb30cb93ba2d035802746770ceb05b73e5dad3397e
stream2,943,cnn_dm_lm,686,full,DEL|APRIL|LayerSkip|AR,da7c91cc777d6b995dcdf12d822ea29ccdfea1ef7ad6cda0480235dde23b8861
stream2,944,cnn_dm_lm,687,full,APRIL|AR|DEL|LayerSkip,0df4c55bfc29f5d1521d523900715d189d8404f1c4577bee45f1c48b72eee8be
stream2,945,cnn_dm_lm,688,full,AR|LayerSkip|APRIL|DEL,c3e34709c1cc72d16a13fcad598e75b9537a6e57e964afce9a9d0b79b5c5779a
stream2,946,cnn_dm_lm,689,full,LayerSkip|DEL|AR|APRIL,3faae7aa0e32b407c9a9692948d434d08f66d8db49d26470dad82457e9cda2f7
stream2,947,cnn_dm_lm,690,full,DEL|APRIL|LayerSkip|AR,fe667adbf1a395f667b968a3b3afd3030283e04e5b4152b9868193b3a5b8839d
stream2,948,cnn_dm_lm,691,full,APRIL|AR|DEL|LayerSkip,aca6740488b2fdcef8714445974009d05ca6fcdf06606aaeb1bd52e1a00e7073
stream2,949,cnn_dm_lm,692,full,AR|LayerSkip|APRIL|DEL,aff9d5c733d73ac7b59f7ecdb98eca81c0031cf121dbfac764f2a416e957372a
stream2,950,cnn_dm_lm,693,full,LayerSkip|DEL|AR|APRIL,06b809560865b2ab734ec1b9522ae63ab45bd4e22874921ee217bbb0b642801d
stream2,951,cnn_dm_lm,694,full,DEL|APRIL|LayerSkip|AR,cb57e57d26010884b8e4b6eb8a977a58941953fe85d6936c85635d55fd16c661
stream2,952,cnn_dm_lm,695,full,APRIL|AR|DEL|LayerSkip,7504ba70bfc439408383de4f5bf80845d020df5755a35cb1c1c943586a416bea
stream2,953,cnn_dm_lm,696,full,AR|LayerSkip|APRIL|DEL,8ddfe3bfc19b5299cac720ea3fdb28ba21179609d0d84618c9e02c5a38235ed9
stream2,954,cnn_dm_lm,697,full,LayerSkip|DEL|AR|APRIL,2791d4f96adc17e0a01ee8f6b9a835685b1dbaedb10771ea5187afd9c2339ff4
stream2,955,cnn_dm_lm,698,full,DEL|APRIL|LayerSkip|AR,2693eec884d974c7920ab743aa84ecdc5c55eabb0e3903073b3ceda4a09ccb3f
stream2,956,cnn_dm_lm,699,full,APRIL|AR|DEL|LayerSkip,923f15148a2b38203f75335bf2f98eec004e07effedda5f94560fad6b1e77382
stream2,957,cnn_dm_lm,700,full,AR|LayerSkip|APRIL|DEL,b3d81fca47637abe0cd244e91da9ae867ae2afccd0c671f5d205271468d85272
stream2,958,cnn_dm_lm,701,full,LayerSkip|DEL|AR|APRIL,18f37cc9ad476cb8e2fddd686dfb50ad5508b173a13dff475511d8629c0ed682
stream2,959,cnn_dm_lm,702,full,DEL|APRIL|LayerSkip|AR,144b66d4ab8e27663d6bb92ec867cecb6db5b346bd413282637e74ec7198687d
stream2,960,cnn_dm_lm,703,full,APRIL|AR|DEL|LayerSkip,fd7bc77f20c590f6493505801dba949defc415b8e136132115920318e5ec50ed
stream2,961,cnn_dm_lm,704,full,AR|LayerSkip|APRIL|DEL,cc79916cacb45411d7728bb438d3a3e4ca920d21c39da086e557435c651d8c4f
stream2,962,cnn_dm_lm,705,full,LayerSkip|DEL|AR|APRIL,94ccf653a4a5772ee23c3c57c041843598f80824c4a4ed8c2aa35cff7d39739d
stream2,963,cnn_dm_lm,706,full,DEL|APRIL|LayerSkip|AR,f4167a8b34546b768591593926ec887ca0af4e311685b669a16b514dde6ab911
stream2,964,cnn_dm_lm,707,full,APRIL|AR|DEL|LayerSkip,d6042f3408ac41973b88f6452b4c506592fd0043c1212287bd28940826647911
stream2,965,cnn_dm_lm,708,full,AR|LayerSkip|APRIL|DEL,06a46624fc0632b159853100a798a623f1f31b24e935bac33827af10e790f328
stream2,966,cnn_dm_lm,709,full,LayerSkip|DEL|AR|APRIL,9e23d165b7678039f5fdc515f7cf738efd0ee406a3006bd378a8fdf965b8760b
stream2,967,cnn_dm_lm,710,full,DEL|APRIL|LayerSkip|AR,ae3b938ae5d112e65c5b3379f7dedce2a0378582a4ef60aadbd82794104fdd55
stream2,968,cnn_dm_lm,711,full,APRIL|AR|DEL|LayerSkip,47bc75a6ef57ec309815ede6b9b1718cf7d92fab74d7f2135e666488c25a7293
stream2,969,cnn_dm_lm,712,full,AR|LayerSkip|APRIL|DEL,be1864c5bab49e3dd0f7638736c4378cdac8b4f270850abe1523d92765a1843a
stream2,970,cnn_dm_lm,713,full,LayerSkip|DEL|AR|APRIL,e2d6863b0b455885f0750731659897d28b188fa66176f3b27fe9a2b909c32e5b
stream2,971,cnn_dm_lm,714,full,DEL|APRIL|LayerSkip|AR,275e4e28582cd41b6338d4680d26a35fb9991e39a254f0e113d4c102536c4f54
stream2,972,cnn_dm_lm,715,full,APRIL|AR|DEL|LayerSkip,89a8b409aa23102e1a1fa356ca0550737028f831cb8e08dcc230bd87eb6f0745
stream2,973,cnn_dm_lm,716,full,AR|LayerSkip|APRIL|DEL,42821e5df3e66e8cda6dff5c48379dab2ed5c5167e8febf7398b86c6480604df
stream2,974,cnn_dm_lm,717,full,LayerSkip|DEL|AR|APRIL,e922907b5d9d2dd281b040838067ef76c67a0c1926d1dda26c00420035215111
stream2,975,cnn_dm_lm,718,full,DEL|APRIL|LayerSkip|AR,945b745da6aa4baf2ad355e36fade7dedb8faa8bd4a959a93a5d836afea48de3
stream2,976,cnn_dm_lm,719,full,APRIL|AR|DEL|LayerSkip,064c611f95d3ea694b63632aeb6ee35f7aa0b619e912babd474e2b46361b4e37
stream2,977,cnn_dm_lm,720,full,AR|LayerSkip|APRIL|DEL,5cb2dd975c43d1acb17e876a93571380c19432637fd9b0cbd4f0884348960fff
stream2,978,cnn_dm_lm,721,full,LayerSkip|DEL|AR|APRIL,245cc662912718efd910580f341958980ac3197c490f00cceecc63fe0b7b6a4f
stream2,979,cnn_dm_lm,722,full,DEL|APRIL|LayerSkip|AR,60e2b2e134da667ab9745112e2907d2b512aa8afcfb577855169d66b4456abbe
stream2,980,cnn_dm_lm,723,full,APRIL|AR|DEL|LayerSkip,0953da0a7a1325fdc62f4cfb085ce4c09f8a6f644cbe7967cf7879f7a0ddce32
stream2,981,cnn_dm_lm,724,full,AR|LayerSkip|APRIL|DEL,ed030c9ef64cdb1768e62b2cb458284d69c89012cb9bf14c39b1231c5b270e42
stream2,982,cnn_dm_lm,725,full,LayerSkip|DEL|AR|APRIL,6495b6e8263224d9ced1cd79304f8e28869d0d6597cd6f60f0153bd56b2c19d2
stream2,983,cnn_dm_lm,726,full,DEL|APRIL|LayerSkip|AR,2757bc9a4a80de8873879d48d161dd79d150b714b30b04e1c420f7b709ab659b
stream2,984,cnn_dm_lm,727,full,APRIL|AR|DEL|LayerSkip,2e9e7795c9945a69f80e97a28a1f332aeed3bd08d41f2395397d7e447c8ab795
stream2,985,cnn_dm_lm,728,full,AR|LayerSkip|APRIL|DEL,cb23af50d03957ae9eadba1a71acc92a971d3cfdb2414fe00997e9e48f5486a8
stream2,986,cnn_dm_lm,729,full,LayerSkip|DEL|AR|APRIL,e53b4bddf4dd1448faeedc048e2dbfe03a359f80baf1bbac5ee3940ea3c75c58
stream2,987,cnn_dm_lm,730,full,DEL|APRIL|LayerSkip|AR,d7c51dc282767e121e1d677fe39e4add40f913b38aac62b2469ef8b76a6979f8
stream2,988,cnn_dm_lm,731,full,APRIL|AR|DEL|LayerSkip,8381b162164664fa86bf217fb6d53d57c3e24bef97440f82f034f06a1261e9aa
stream2,989,cnn_dm_lm,732,full,AR|LayerSkip|APRIL|DEL,b42b92b293315a41ca3754e62d21b57ae1fc434a6376dadc7166b94de1f4fee1
stream2,990,cnn_dm_lm,733,full,LayerSkip|DEL|AR|APRIL,43ea0f287d25bb419e6a5c4cd8df70436d1781b8fa4626bd119c1deef8408c64
stream2,991,cnn_dm_lm,734,full,DEL|APRIL|LayerSkip|AR,7abc2df90f9e24f90275c63dc6b413091a96eb69ca99e8eccfa4d0018cafc8a1
stream2,992,cnn_dm_lm,735,full,APRIL|AR|DEL|LayerSkip,67a971cc1c2c106a7bcc28a1149a030dcfd70817842fc82836182c33b4870369
stream2,993,cnn_dm_lm,736,full,AR|LayerSkip|APRIL|DEL,98a79532d7555ed5e8e4066756f45c781e1d1a7814fd51ef2d87622dbda48f65
stream2,994,cnn_dm_lm,737,full,LayerSkip|DEL|AR|APRIL,99d1768382ddd0a45fb5b65202037dc51fb28fd9160a246bbc01cf8ed234c0f1
stream2,995,cnn_dm_lm,738,full,DEL|APRIL|LayerSkip|AR,75996c52896abf862d50263a30c8e611027cd599856d8a25ffd238ceb87f856b
stream2,996,cnn_dm_lm,739,full,APRIL|AR|DEL|LayerSkip,78d5a132a1a9be9f9c38d9892bdcb8c37f86faad3b911ee761a3d2e0725f03c3
stream2,997,cnn_dm_lm,740,full,AR|LayerSkip|APRIL|DEL,8d11f0ad348c2f197d97a510ca83db45289e1c340c231ced744dd264aa2b8152
stream2,998,cnn_dm_lm,741,full,LayerSkip|DEL|AR|APRIL,ce5be49b6c57255c139b6c5f7266923022694e93eef6d0fd53900109add14e36
stream2,999,cnn_dm_lm,742,full,DEL|APRIL|LayerSkip|AR,260222e96dc000a03f5eb6c9750f81b8d97d974b7fadf6e9450670d095fe9dd9
stream2,1000,cnn_dm_lm,743,full,APRIL|AR|DEL|LayerSkip,8e7e49e0840f3c55c2f41324ed19d32c28cca878f1d5d961ad5f74b6d39bd0b6
stream2,1001,cnn_dm_lm,744,full,AR|LayerSkip|APRIL|DEL,3fd34a371be2dd2f10430119f466bd962b3075d4dde164a27835d93c18e37ecc
stream2,1002,cnn_dm_lm,745,full,LayerSkip|DEL|AR|APRIL,27a8033a08d2d2668d5a1891495750e23cd671598bc013638012351c49ba3fbe
stream2,1003,cnn_dm_lm,746,full,DEL|APRIL|LayerSkip|AR,0c9e163d1a7788f5655298958f72e33d7726cee8077d9b34309a2301e9ea3204
stream2,1004,cnn_dm_lm,747,full,APRIL|AR|DEL|LayerSkip,36e14a24a07174d70d87f2157d255b4ae2bfbc47b0688fb6bdeba9f49aef40bf
stream2,1005,cnn_dm_lm,748,full,AR|LayerSkip|APRIL|DEL,9d3b5a8555b73b941df5f856c13f30b7d64d10dd3ff1aa45d96a02d730b85084
stream2,1006,cnn_dm_lm,749,full,LayerSkip|DEL|AR|APRIL,a9b9c861bcd2cf81a4229350f2d3a680a0d3f6c0072531e24705311b57412273
stream2,1007,cnn_dm_lm,750,full,DEL|APRIL|LayerSkip|AR,840240dd3c317f70810b9ed6d267c504d4abf228f46abfa78ca26726882cba60
stream2,1008,cnn_dm_lm,751,full,APRIL|AR|DEL|LayerSkip,d1cfc0455cfe1770e04cdcedb1f1bbc793deccbc56102d0e4e6df2834d8bae08
stream2,1009,cnn_dm_lm,752,full,AR|LayerSkip|APRIL|DEL,d58c28b6d350db52e6a4ceff3766c9075a831551d2b97470ceb55e4bd53e8241
stream2,1010,cnn_dm_lm,753,full,LayerSkip|DEL|AR|APRIL,049cdeb89a211eeee59540d70f15274385c7f67e77856bbfde3ad30d78236ba5
stream2,1011,cnn_dm_lm,754,full,DEL|APRIL|LayerSkip|AR,ac2679bb7ad6e201e6a482b561b8797622f101791fce84e098c0e6647243f025
stream2,1012,cnn_dm_lm,755,full,APRIL|AR|DEL|LayerSkip,6df4eb7808684dd0564288803e248f60aade8c253114fc96740f7f60ad458a62
stream2,1013,cnn_dm_lm,756,full,AR|LayerSkip|APRIL|DEL,19ef235f873e9cd14b83f60bcfceaf62c8e647621aff222a07b9d5719fc834d8
stream2,1014,cnn_dm_lm,757,full,LayerSkip|DEL|AR|APRIL,8174dabddde79678bc2301205eb4d94b31ef1e81b5f5119ae69cb5edef806934
stream2,1015,cnn_dm_lm,758,full,DEL|APRIL|LayerSkip|AR,e67f0dc4531f7259b8e1ed1e9a836b84c3397a4145124582949a3837a6aab4e2
stream2,1016,cnn_dm_lm,759,full,APRIL|AR|DEL|LayerSkip,b170486498109f31f0f44e56724bde9d495d44e71a827ebecce5dee70cf3dea1
stream2,1017,cnn_dm_lm,760,full,AR|LayerSkip|APRIL|DEL,9a62b4bc115ec426857e10de954421c69555bfc3abc2b427d2703c4c65b9a2f9
stream2,1018,cnn_dm_lm,761,full,LayerSkip|DEL|AR|APRIL,222a22439c8172e20e3949b088e3e81846b037f7bbe66cf0591a406f3b056b51
stream2,1019,cnn_dm_lm,762,full,DEL|APRIL|LayerSkip|AR,5ac925605393d42753c87f056c052dfc769070df649a48706309015edcccc554
stream2,1020,cnn_dm_lm,763,full,APRIL|AR|DEL|LayerSkip,51466d355cac3ef6e11915172483d87f751a1cbe31ac05a0fc243afed323c387
stream2,1021,cnn_dm_lm,764,full,AR|LayerSkip|APRIL|DEL,d541249e4df78986475f6c8a7579939ae008bf0f7afcea021add8632e32629c4
stream2,1022,cnn_dm_lm,765,full,LayerSkip|DEL|AR|APRIL,a775f5b121398adbb9c8eb12e28cf62be231d73a565ab6f9cc358623285b841a
stream2,1023,cnn_dm_lm,766,full,DEL|APRIL|LayerSkip|AR,238d6fde22380e557dc3b8eb04e0bf80c220ce65cd63a7c9ba248d7bab925e40
stream2,1024,cnn_dm_lm,767,full,APRIL|AR|DEL|LayerSkip,8f120ad38607f982af482cd26d27736032f2a1f96343707808f2cfc3bec6be05
stream2,1025,cnn_dm_lm,768,full,AR|LayerSkip|APRIL|DEL,5b9f8c80c4ac4fbb271a23468b45d0a2d7c165fcd84ef2e7020fff960cf25e57
stream2,1026,cnn_dm_lm,769,full,LayerSkip|DEL|AR|APRIL,8f19a9008ae0b283da8340c65d73f970e844611f886bf559a3b6d2f62085be1b
stream2,1027,cnn_dm_lm,770,full,DEL|APRIL|LayerSkip|AR,ad728bd40259d64137c8b7cc63aa5aa14dfc8dd314aca4167a2e89ad79fded02
stream2,1028,cnn_dm_lm,771,full,APRIL|AR|DEL|LayerSkip,049d5be425f6bafeed2609f3a6246249fe88ebb9b64c76c747216bd63dc043e3
stream2,1029,cnn_dm_lm,772,full,AR|LayerSkip|APRIL|DEL,ce09a03ba15357fbb6987203ef94675f6967d829fb5e34889c197bc9004f956a
stream2,1030,cnn_dm_lm,773,full,LayerSkip|DEL|AR|APRIL,cc4549fdfff052909d792839d334e81c9a64ee4918f61973d42e46c77632b793
stream2,1031,cnn_dm_lm,774,full,DEL|APRIL|LayerSkip|AR,9d61e49b81063819ba8d66cae7592c3f5f2c5771b1133322b84e48ae0a702da1
stream2,1032,cnn_dm_lm,775,full,APRIL|AR|DEL|LayerSkip,e0d0cfcdac7c3ebcfc2999280f97b18e1cf1f6ae21092c5bee5faaaa5ed4ce52
stream2,1033,cnn_dm_lm,776,full,AR|LayerSkip|APRIL|DEL,2a3d94b1d2fdb38c75a7d05953344fadca3542585581a1d0ce3ca17e6bde3164
stream2,1034,cnn_dm_lm,777,full,LayerSkip|DEL|AR|APRIL,ee855fb87774dc9c21da3f3bc276cdf4e45d601291abf1e76e954a4b56756345
stream2,1035,cnn_dm_lm,778,full,DEL|APRIL|LayerSkip|AR,3732cdd351af58ac02ac6d5c92bba38ea0ff92c13287523be3cd4d7ddbaffcf1
stream2,1036,cnn_dm_lm,779,full,APRIL|AR|DEL|LayerSkip,de58ec42023719ccf302c8bf7819aee662612925c0e48ea06fcce7b2f4789ec0
stream2,1037,cnn_dm_lm,780,full,AR|LayerSkip|APRIL|DEL,176cca8700318e9fbd87c932131c1ae82cc4515515ee9174d9f5c8dba30e8f95
stream2,1038,cnn_dm_lm,781,full,LayerSkip|DEL|AR|APRIL,b61c4525f26ca6b948c6e7a4615fb612e192626ed9a9090cde93eec1b2edfd06
stream2,1039,cnn_dm_lm,782,full,DEL|APRIL|LayerSkip|AR,6a84f6f9ec66595783d0be69ca91c69f78e2c5f24bbe79ba423fc474747e3db0
stream2,1040,cnn_dm_lm,783,full,APRIL|AR|DEL|LayerSkip,3037aa70a7213f3595f3530220b80f75a68670bf8c3eb1d4b5f910c760a1d89d
stream2,1041,cnn_dm_lm,784,full,AR|LayerSkip|APRIL|DEL,c63255c0055008e4f63606072c2aab68548599306d36645a8361eae2d7d8f386
stream2,1042,cnn_dm_lm,785,full,LayerSkip|DEL|AR|APRIL,937cf1bd3ceef468f0445a14a843893d12e7ee0396a72a945821c96762447916
stream2,1043,cnn_dm_lm,786,full,DEL|APRIL|LayerSkip|AR,02f9bb69120726828b9c3c58469c28534bf3d5eb14561d76cbd4cb399d8d8360
stream2,1044,cnn_dm_lm,787,full,APRIL|AR|DEL|LayerSkip,52a8fd514ee3bee019d125d6e9c735cc75b4b74f94a0a7599a6ed028b30c511a
stream2,1045,cnn_dm_lm,788,full,AR|LayerSkip|APRIL|DEL,a584cfebfac7e11dc4ce0b42e3bdc43d98eeef5c9fae673eb275218397263c01
stream2,1046,cnn_dm_lm,789,full,LayerSkip|DEL|AR|APRIL,6c0f2754a83aed0a7abfb6f0aeb44178eefa8750448f0aafa9ef6faf78f0e3d1
stream2,1047,cnn_dm_lm,790,full,DEL|APRIL|LayerSkip|AR,3e4b343efc28b763507b189cd224bbabf886dc4fd7b345b906d7b8c776bf0eda
stream2,1048,cnn_dm_lm,791,full,APRIL|AR|DEL|LayerSkip,f3b0c61622ed9f43b5b6b481a48c3595e7f582d5879d37bb30326f13416e254e
stream2,1049,cnn_dm_lm,792,full,AR|LayerSkip|APRIL|DEL,d69b094dcce470aea37d057020b4586c16bd0433913dc3aa7a6508852547edf3
stream2,1050,cnn_dm_lm,793,full,LayerSkip|DEL|AR|APRIL,fbd5c6e3c90d84352e554425956077a577917e391423aef4a268487c573d26e0
stream2,1051,cnn_dm_lm,794,full,DEL|APRIL|LayerSkip|AR,50a584996d9a5bb95229bebd01bf28a8c30d278091e05cc8a75dd0f3e245ef02
stream2,1052,cnn_dm_lm,795,full,APRIL|AR|DEL|LayerSkip,b8950813e2d660f6053c6762c62b2e43a8227add4a8090ec769cda6b48b21c62
stream2,1053,cnn_dm_lm,796,full,AR|LayerSkip|APRIL|DEL,ebd3388f0c4b0b44d206bf74b938eae6e7357b13f382f1d3165aaaf6f3309bb1
stream2,1054,cnn_dm_lm,797,full,LayerSkip|DEL|AR|APRIL,33c70e25de2e77f16a86c7d4ca77a8bf8d13ce62e3506b627ab3efa8305ef0a9
stream2,1055,cnn_dm_lm,798,full,DEL|APRIL|LayerSkip|AR,5b77138aea0c44c52ed83c100158fe9e1605e0492192a53cc4aa8af418280bc2
stream2,1056,cnn_dm_lm,799,full,APRIL|AR|DEL|LayerSkip,9aaf6af52f64d580ea6d1948853b3e8b21a9a150be328782130874edff84ea45
stream2,1057,cnn_dm_lm,800,full,AR|LayerSkip|APRIL|DEL,4e4fd30ff3948b23929dd53b966be5ef9595b1b9d605651f5b97c1a677bbc676
stream2,1058,cnn_dm_lm,801,full,LayerSkip|DEL|AR|APRIL,d9bc8c00bd01c78057b63e374037aec62b4d2f99a2c47a2b9e79387520f65823
stream2,1059,cnn_dm_lm,802,full,DEL|APRIL|LayerSkip|AR,e42ea101800713e0bffe1f496d2c128354f5a510352cfc72913c848ff94afe0d
stream2,1060,cnn_dm_lm,803,full,APRIL|AR|DEL|LayerSkip,a0eaac18a595c115aa7d7d8f73a37c306c4d2749f45fc31e7b8167373fb20fcb
stream2,1061,cnn_dm_lm,804,full,AR|LayerSkip|APRIL|DEL,716ac87bd4d2f14cee700de1cfe65e942db21b3801e47583d8e7cfcb51b1f4ae
stream2,1062,cnn_dm_lm,805,full,LayerSkip|DEL|AR|APRIL,6f751d8b3ec024dcbc52d919ed895fc6b65ca52521e24638651d0df3756888c6
stream2,1063,cnn_dm_lm,806,full,DEL|APRIL|LayerSkip|AR,1ba84ee275db1b3d261c263085c7f54c6d999512f3a4b58de29a01648b1a70fb
stream2,1064,cnn_dm_lm,807,full,APRIL|AR|DEL|LayerSkip,be22f27d032d0621c746b393bec5d813cee241d6d6d5dac6ce0df566cbc4f4df
stream2,1065,cnn_dm_lm,808,full,AR|LayerSkip|APRIL|DEL,c5339cc9c5e9d3fb64ca42b2b4b6f9cd2767a3b0e79a2534e8818d1ab9a96ad1
stream2,1066,cnn_dm_lm,809,full,LayerSkip|DEL|AR|APRIL,f1c77ff0bb99b3638837f38bbc9f951e342c70ea858f34ede9a41c07366d2acb
stream2,1067,cnn_dm_lm,810,full,DEL|APRIL|LayerSkip|AR,fbd9afa94a7a588d6dcf6c6e110e6b9e1e0c22ede8f703d8cd083779ae825e64
stream2,1068,cnn_dm_lm,811,full,APRIL|AR|DEL|LayerSkip,80168469442bf748447099a44bff40361ecb1b355442219531d091703b16c747
stream2,1069,cnn_dm_lm,812,full,AR|LayerSkip|APRIL|DEL,8871cd1ff5466176fe5119b7ce51526bf7334f47466fa2f300be31b7ab08aaef
stream2,1070,cnn_dm_lm,813,full,LayerSkip|DEL|AR|APRIL,779b89457f1116c9f12778774edffb36f5c04fd84184af9d43d16b2dcae9eb6d
stream2,1071,cnn_dm_lm,814,full,DEL|APRIL|LayerSkip|AR,688ea3af27c4f03558556a20d864ade8148b085c89ec3113c879a2d35a974482
stream2,1072,cnn_dm_lm,815,full,APRIL|AR|DEL|LayerSkip,8a3d281a19a73d206df46a54399f90225c5bbdade029ce6686ccc7576baef647
stream2,1073,cnn_dm_lm,816,full,AR|LayerSkip|APRIL|DEL,39c297e86a5c42e57c6c2a3086b281096c412ad8cd0358aede06923e761e5cfb
stream2,1074,cnn_dm_lm,817,full,LayerSkip|DEL|AR|APRIL,7df7b78d3788c1ae14e3cb989e2e6daf639ed8080e131e770c3f2e061bba0e56
stream2,1075,cnn_dm_lm,818,full,DEL|APRIL|LayerSkip|AR,f7df8b5ae78e17d397cbf4daf16044bdd7872af3b38bbd09a8370d0fe466465d
stream2,1076,cnn_dm_lm,819,full,APRIL|AR|DEL|LayerSkip,5612cfb6ddf193de0ec2c490b15141361610355c28bbe99b704ac75d780ebb12
stream2,1077,cnn_dm_lm,820,full,AR|LayerSkip|APRIL|DEL,150bdb773ad09d1b80b133564dfe3c8539b39778735ebea5df9c5d78e9cda092
stream2,1078,cnn_dm_lm,821,full,LayerSkip|DEL|AR|APRIL,5eae8a5152d76699103566e5d4138a22fd0acc5260126ba21a73a9f5e3cff040
stream2,1079,cnn_dm_lm,822,full,DEL|APRIL|LayerSkip|AR,9e7f16bef6d704a8514208e11402a411fdb4807e4fcdefe47ea14a415a1551bf
stream2,1080,cnn_dm_lm,823,full,APRIL|AR|DEL|LayerSkip,d4610968142c1aaea2c56f45794751a329a82ff211ac6483e55e3592d7e46318
stream2,1081,cnn_dm_lm,824,full,AR|LayerSkip|APRIL|DEL,ddcb5ca8e2c152743614e133af1eafd24faf3260d588262887c882f88e9197fa
stream2,1082,cnn_dm_lm,825,full,LayerSkip|DEL|AR|APRIL,ed623a63f65f394ce6e3c8bf45de171d632f965b093edcf965c4b756bf8e3a05
stream2,1083,cnn_dm_lm,826,full,DEL|APRIL|LayerSkip|AR,0b76de762f7688205d37e415051659c68caa1fc3f21a16cc1cf073be91c7a9ed
stream2,1084,cnn_dm_lm,827,full,APRIL|AR|DEL|LayerSkip,c3a8db4c09974a3719fbdb03a815f567738fa8238ec2d88f0dda336f3ed03179
stream2,1085,cnn_dm_lm,828,full,AR|LayerSkip|APRIL|DEL,54b6d9ab627a41bcea3afcf6c8368e46689eff6406fdee2604e3219f08039d73
stream2,1086,cnn_dm_lm,829,full,LayerSkip|DEL|AR|APRIL,2a7814949b4c5e2c64d2d0f99547b18742fe8b884c462400981cb99ea1f95630
stream2,1087,cnn_dm_lm,830,full,DEL|APRIL|LayerSkip|AR,316a15497efabd70fcf74ab9b33cbde3a2cdc9f62f11b1295ba1b43d318e031f
stream2,1088,cnn_dm_lm,831,full,APRIL|AR|DEL|LayerSkip,66042725c11b52cc34fcf3b7a1d8da101fb6314e6887ae13b2125adf891f2b3b
stream2,1089,cnn_dm_lm,832,full,AR|LayerSkip|APRIL|DEL,8f44b6d920a91399140252b60c844565032d9dcff1eed77e17382298c93e68b9
stream2,1090,cnn_dm_lm,833,full,LayerSkip|DEL|AR|APRIL,99c9ff2589405436712c928e2fedb3b41ae8e8f005d1f6bfd469ed0332d183f1
stream2,1091,cnn_dm_lm,834,full,DEL|APRIL|LayerSkip|AR,595ff9d5df9b4f92d52616601b4eb7aa8576337eafc4fc4790f741c5357cba49
stream2,1092,cnn_dm_lm,835,full,APRIL|AR|DEL|LayerSkip,81bf742955fd623a1416aee19d1930ef7fe795af9cfe16cff52101a86e24379d
stream2,1093,cnn_dm_lm,836,full,AR|LayerSkip|APRIL|DEL,9a5790a709ccdd6fc7622d28e74d4e7e075885851bbf38dbdc8140aca71d01d7
stream2,1094,cnn_dm_lm,837,full,LayerSkip|DEL|AR|APRIL,0840f376af86ab947afcfd1407651fed87dcc98651797d65a82a0843ada2a303
stream2,1095,cnn_dm_lm,838,full,DEL|APRIL|LayerSkip|AR,cbfef8e8dfb206b907027d2922c014e3bce00855d41100a72e496dcee96ae8e4
stream2,1096,cnn_dm_lm,839,full,APRIL|AR|DEL|LayerSkip,8dc04042c1d178f6ec5ddc9e969ff414aa2fb14d2ad23e80065f315a6d10393b
stream2,1097,cnn_dm_lm,840,full,AR|LayerSkip|APRIL|DEL,6f2a1ce27b9e1f0f9b40b1af4b2a73b2acb05d8dbe05f916a777d419fe47e1ba
stream2,1098,cnn_dm_lm,841,full,LayerSkip|DEL|AR|APRIL,1521ec0a8f2ed77ccf2aac3aaa247e7330797c7f208acdf3efd2fad5400ac4dd
stream2,1099,cnn_dm_lm,842,full,DEL|APRIL|LayerSkip|AR,630827e6099aca180cf011a81dbd5b7add18811e9a4b86cf91985230618ee642
stream2,1100,cnn_dm_lm,843,full,APRIL|AR|DEL|LayerSkip,a341f9c64de18c042bec67bba6c6a135f1ea579c9907b4a4598398c4cb7aebf5
stream2,1101,cnn_dm_lm,844,full,AR|LayerSkip|APRIL|DEL,01ce3f9a4b518c051118dfec98f3e39a311fd0d119ab46403ab71cb540cb8f96
stream2,1102,cnn_dm_lm,845,full,LayerSkip|DEL|AR|APRIL,04da0aac5f9a468ed0f8486f7a78cc11f564948a320d2e0dd1598c06b243a947
stream2,1103,cnn_dm_lm,846,full,DEL|APRIL|LayerSkip|AR,cebf7475421708cb1b7b4ae6cb5f357626e4cf56b406b141638498912125fd38
stream2,1104,cnn_dm_lm,847,full,APRIL|AR|DEL|LayerSkip,7f69db51cc968368b0f3b32456dfd7616a31996b00f2b1315faed83b6d41c37b
stream2,1105,cnn_dm_lm,848,full,AR|LayerSkip|APRIL|DEL,6dfe846fc002d7a8ae043243737aa479baf1f46f1a228e7af38cd99a2ddd2af7
stream2,1106,cnn_dm_lm,849,full,LayerSkip|DEL|AR|APRIL,1ad715cb46791e3e71e3a113f5f84041d5c00f6c656828388c2e5b89a8586896
stream2,1107,cnn_dm_lm,850,full,DEL|APRIL|LayerSkip|AR,4d43b7a809781e2802f818e1ce9351f90879c7f18fa973eec47a0742c63eb164
stream2,1108,cnn_dm_lm,851,full,APRIL|AR|DEL|LayerSkip,a52569d2dbd671c16ccf640aabbbf5f6cc9cbee79468d3a806fdca4835aefa8d
stream2,1109,cnn_dm_lm,852,full,AR|LayerSkip|APRIL|DEL,66964d0a2af16b768c08cd5a8a25313c2b3b906be68c13c5eb58e44e514550dc
stream2,1110,cnn_dm_lm,853,full,LayerSkip|DEL|AR|APRIL,6f2d25a6fd25a286e90737638c84b6565ca0e16a38bdda03544fd2bbfc72ee60
stream2,1111,cnn_dm_lm,854,full,DEL|APRIL|LayerSkip|AR,beba043cfdc7b08e6cde466e093765a789f8502d505fbcb7ed13e57d4fd3a1ae
stream2,1112,cnn_dm_lm,855,full,APRIL|AR|DEL|LayerSkip,b14fbb08ec6e994c23bf1a7b1651a2a2ffd33618495f47e2cc28518519b402f4
stream2,1113,cnn_dm_lm,856,full,AR|LayerSkip|APRIL|DEL,9d33a2f5b37c8ec1456760e46615a0182506bf6ee5f415f7b51ddf7fb4468c1e
stream2,1114,cnn_dm_lm,857,full,LayerSkip|DEL|AR|APRIL,f0981cb9d82f7f080b64150926429cbc36045c1d6f6864502c0e86682675d467
stream2,1115,cnn_dm_lm,858,full,DEL|APRIL|LayerSkip|AR,6ea9c99e68dbd3e37a27913c0736677e3fbe2837c2d890c44446f2f835df68c3
stream2,1116,cnn_dm_lm,859,full,APRIL|AR|DEL|LayerSkip,6a739820c86ce1c23100975bcf969f31166f16dd05300931355508e9334de4e0
stream2,1117,cnn_dm_lm,860,full,AR|LayerSkip|APRIL|DEL,8038b54599752038866225e0eda923dcd53376ea2760e9651257d1078812874d
stream2,1118,cnn_dm_lm,861,full,LayerSkip|DEL|AR|APRIL,709246e0dab10069ef8b54e30b836982409524c4bee5db90e6bf5de5da9114fc
stream2,1119,cnn_dm_lm,862,full,DEL|APRIL|LayerSkip|AR,eca6139d244d08a6497e009fd612dce23b3e2a95ad78c13fc9401299732d6c95
stream2,1120,cnn_dm_lm,863,full,APRIL|AR|DEL|LayerSkip,342709e2b7efc4836daac1ebf5ef6dafbcb56c80fd5508674fe3af38a8bca978
stream2,1121,cnn_dm_lm,864,full,AR|LayerSkip|APRIL|DEL,0c1737a914b97d0c176671adb8ff08ea9c455de4210ecdc0f00cf973011a8f2d
stream2,1122,cnn_dm_lm,865,full,LayerSkip|DEL|AR|APRIL,39168fc2859914dd4de64f68550012e61b1f816326600dff68b381a2f2b1838b
stream2,1123,cnn_dm_lm,866,full,DEL|APRIL|LayerSkip|AR,2c35e3bc2d2193b16f8b6633252561e7db625a07bee4be2eaa9f57141569deec
stream2,1124,cnn_dm_lm,867,full,APRIL|AR|DEL|LayerSkip,f6c1e33d100ea938bd58a054842fa69bcc99cee8ea448a18ad710289544e02af
stream2,1125,cnn_dm_lm,868,full,AR|LayerSkip|APRIL|DEL,2260d4e7d9c4898433749cf7986de4db03aee071fbee573c18fc47ef262df408
stream2,1126,cnn_dm_lm,869,full,LayerSkip|DEL|AR|APRIL,d36685da3fa60abdf5dfbaf73e09fb221f977ef424859af0ca02be5190c2dfbf
stream2,1127,cnn_dm_lm,870,full,DEL|APRIL|LayerSkip|AR,6c644ee4fe6c396c784f6ad345f25044a6dc818d282cc8e87af27b25df969c5b
stream2,1128,cnn_dm_lm,871,full,APRIL|AR|DEL|LayerSkip,2eb8948ee278b1f9c76e50b07deb4f9a8d6d5c32550ec258cc562ce9ccc9e59a
stream2,1129,cnn_dm_lm,872,full,AR|LayerSkip|APRIL|DEL,536797160c3daff635315a9b1601d5f948885572e07a55116478ab8b372d4ce6
stream2,1130,cnn_dm_lm,873,full,LayerSkip|DEL|AR|APRIL,3a7553f30ebde9e415a07bdf4500fcafcdf3f7385cbc46fc11764e2564929f1b
stream2,1131,cnn_dm_lm,874,full,DEL|APRIL|LayerSkip|AR,a36505013db706cf0e204304b93cfe03c847282290c2a01de51ee49b0ead34c4
stream2,1132,cnn_dm_lm,875,full,APRIL|AR|DEL|LayerSkip,1013704c25fda6e1a65f9e172d6bcc22007b6d2e2fab4844a43f5f575a3695ae
stream2,1133,cnn_dm_lm,876,full,AR|LayerSkip|APRIL|DEL,3908c79b9f50e3847776303958440442e41e08515bf9f4ab5e085fc1bbb98896
stream2,1134,cnn_dm_lm,877,full,LayerSkip|DEL|AR|APRIL,eb9e1d5c3201850321b58ab177b99d29b545ab08b3020cc74c02178f74f5405d
stream2,1135,cnn_dm_lm,878,full,DEL|APRIL|LayerSkip|AR,8d6ef24ee39151ee993e3b25d923566d1d6f60b876f293a248e77c8dd11ef742
stream2,1136,cnn_dm_lm,879,full,APRIL|AR|DEL|LayerSkip,974f97eaf7ed1b174b1734f5b3490243464049323d27b3deba669127ba808946
stream2,1137,cnn_dm_lm,880,full,AR|LayerSkip|APRIL|DEL,493aef2ed7d1c3588ca04c4f824e45748764f2a2b99ff8ef01905e26cfcae3e0
stream2,1138,cnn_dm_lm,881,full,LayerSkip|DEL|AR|APRIL,b44bcad16fa85c169afbaa762821f3f10815b4614259cd7d39560159b8eb9358
stream2,1139,cnn_dm_lm,882,full,DEL|APRIL|LayerSkip|AR,6bf26e61d10d55c553abd8f697236789ff15342f003fda4f90e41f8371d9f133
stream2,1140,cnn_dm_lm,883,full,APRIL|AR|DEL|LayerSkip,14a485f40578cfc4b26e326b5ac5bfc4c9bbb5809d65d97a9b0ae5e39589779f
stream2,1141,cnn_dm_lm,884,full,AR|LayerSkip|APRIL|DEL,35641167a225261b520d587416487b9c580218ad57671d088cb631d5a4efc81b
stream2,1142,cnn_dm_lm,885,full,LayerSkip|DEL|AR|APRIL,c5926b6749d5e791be8690cfce9835cea99f32c99d37d0c2b3f20ad6cd266bab
stream2,1143,cnn_dm_lm,886,full,DEL|APRIL|LayerSkip|AR,1eed08a43d3c46894cd6ce68bd8d1f64a360dc9ff1952b727cf79a5faecac087
stream2,1144,cnn_dm_lm,887,full,APRIL|AR|DEL|LayerSkip,5d6036c2845b5d511290b58eabe01c0c8a7db13878c33e6f5bde6bfee3604492
stream2,1145,cnn_dm_lm,888,full,AR|LayerSkip|APRIL|DEL,b85a611de24403daade15b8c157846081f8eb0c4e0813603e0ae3a40f26c4b82
stream2,1146,cnn_dm_lm,889,full,LayerSkip|DEL|AR|APRIL,9dacddc326137a9e938b4d8c4c1aa0f0e3da983256235984823763fc1e49c070
stream2,1147,cnn_dm_lm,890,full,DEL|APRIL|LayerSkip|AR,b41a0fff12e2e4605bc5fed33b04516502925de0de039ed1eba7fb6bd44d2cd5
stream2,1148,cnn_dm_lm,891,full,APRIL|AR|DEL|LayerSkip,597fdf6fb9ccf3e4519266d283ed9b73a24d433092af4626cb53d93a0794f2c2
stream2,1149,cnn_dm_lm,892,full,AR|LayerSkip|APRIL|DEL,491677524e30fb64c954c30e35359fde602b5f0ef52c674e5fcbbbefd84eb8b6
stream2,1150,cnn_dm_lm,893,full,LayerSkip|DEL|AR|APRIL,621509d0395caae596b68e9083040684824e0b7a38a03b6109520f4ffd6c3295
stream2,1151,cnn_dm_lm,894,full,DEL|APRIL|LayerSkip|AR,adfbeae139532c379d1068fd3fc036e4bf9a50129738e85c6415f2ca7de7b206
stream2,1152,cnn_dm_lm,895,full,APRIL|AR|DEL|LayerSkip,d8fb419b70d359e964164683222814db4647c26ae619823cb1307613f2ab765f
stream2,1153,cnn_dm_lm,896,full,AR|LayerSkip|APRIL|DEL,869dfa5c619cec15d0a60ba3e89993ce478613c682c25ecccf17597777fe020f
stream2,1154,cnn_dm_lm,897,full,LayerSkip|DEL|AR|APRIL,14a16340b2e7595ba1124c6b429fd4e3bb53411a1ae7a8a91cdf12516459edfb
stream2,1155,cnn_dm_lm,898,full,DEL|APRIL|LayerSkip|AR,ecfab6e3c5e86696babd5188501073cf33eafa56090c607e3ea26033d31b8081
stream2,1156,cnn_dm_lm,899,full,APRIL|AR|DEL|LayerSkip,38706ffb9851ee5ee52b1a580e67d8daa53125c84f6eb78ad57181c107ed880d
stream2,1157,cnn_dm_lm,900,full,AR|LayerSkip|APRIL|DEL,b8ae2b1a6ae3364cebf46bfbd163cb6a0b44d82d5f02e0ac3d0138adde068ab2
stream2,1158,cnn_dm_lm,901,full,LayerSkip|DEL|AR|APRIL,35dd141485f84f8b3300c0002604ed1ac16beb00763aa100c1075a169df6d05c
stream2,1159,cnn_dm_lm,902,full,DEL|APRIL|LayerSkip|AR,738f197e5fa36b7731a19f010718fb46505afe3e3f4bd9fc1737e912b74a772c
stream2,1160,cnn_dm_lm,903,full,APRIL|AR|DEL|LayerSkip,34b7648b88499ba19ad715c202f1d7aa102e885250a6db3aeb03819567a2b81a
stream2,1161,cnn_dm_lm,904,full,AR|LayerSkip|APRIL|DEL,99ffcb25ecbabe4337c48ff3f39ea2f521824cc51e789f8ee8820cdb996f141f
stream2,1162,cnn_dm_lm,905,full,LayerSkip|DEL|AR|APRIL,e12ad6d0eaa68b52f4575acce7c8f89f823d815d8bd0f9a595fd10c1b905dc28
stream2,1163,cnn_dm_lm,906,full,DEL|APRIL|LayerSkip|AR,1ee65fef671c3ac0d303528ec37b52ef0da6f57ed88662108301f68c9ef937ee
stream2,1164,cnn_dm_lm,907,full,APRIL|AR|DEL|LayerSkip,e91ebf21aab3eeef56950548d90c0ae2be902cef475b57c357c924d391ae600a
stream2,1165,cnn_dm_lm,908,full,AR|LayerSkip|APRIL|DEL,4bcd682e2a4936140659c7b8daf33808628149203167ac7d7ac04499417732c7
stream2,1166,cnn_dm_lm,909,full,LayerSkip|DEL|AR|APRIL,edd7ca8fe5b840edcf4e699228c478bd59087e27bef6344b907ddfdb486ce117
stream2,1167,cnn_dm_lm,910,full,DEL|APRIL|LayerSkip|AR,b7942dc2403bfdbea901ac527e7441f5700c9180861960726a942684ab550a00
stream2,1168,cnn_dm_lm,911,full,APRIL|AR|DEL|LayerSkip,36119bfba13ee5f0239c65dfd7ad1cb2e67eac153be84c2ba180cff0471ea09f
stream2,1169,cnn_dm_lm,912,full,AR|LayerSkip|APRIL|DEL,686c0be6fc3a5186ef35dfb46583965063fd95a952b45ddedc42664dce5067bf
stream2,1170,cnn_dm_lm,913,full,LayerSkip|DEL|AR|APRIL,42930dcde2e1d08a7f2ccfb120d288f0dbc92d14ff9ef1845ed32263c41e9b25
stream2,1171,cnn_dm_lm,914,full,DEL|APRIL|LayerSkip|AR,b1abb626db1cfd6bd73a6c4140a38489a889f33e1c317bd2d4ac64329c3068c5
stream2,1172,cnn_dm_lm,915,full,APRIL|AR|DEL|LayerSkip,9947fe79038d80786eb50e85df5ac3cddec8ff42998011fc47fa1e45bae25660
stream2,1173,cnn_dm_lm,916,full,AR|LayerSkip|APRIL|DEL,0057d2fa6b49444928161fbedac7a5f74ecf1ab4833f2acbd1d1a2c3e7fb00bf
stream2,1174,cnn_dm_lm,917,full,LayerSkip|DEL|AR|APRIL,8d905d9013329997addfcf3c1f0814d47ebd76d93a0e45a99531c3c1cac0eaff
stream2,1175,cnn_dm_lm,918,full,DEL|APRIL|LayerSkip|AR,fd4527f950991203126405a3d094e1cc580311eb159d502c021d495e900eeb88
stream2,1176,cnn_dm_lm,919,full,APRIL|AR|DEL|LayerSkip,88fbff2507f0f1a10039e5a7b548b93edf982c691d28cf8bb0e3647b4f0e661c
stream2,1177,cnn_dm_lm,920,full,AR|LayerSkip|APRIL|DEL,eab5d4f9c096f169ab1eb9b6539d403907cb984a6789f56acdfc0068e07ae2eb
stream2,1178,cnn_dm_lm,921,full,LayerSkip|DEL|AR|APRIL,0ec849dc8025c31e8fb38b648da5f1ac8c196b4bffb630572d4d91f8c145cc2d
stream2,1179,cnn_dm_lm,922,full,DEL|APRIL|LayerSkip|AR,eb6278f0b763fb6bab17c3b6cda975af024e71e4c6ec24ead5ee7b88536a21c0
stream2,1180,cnn_dm_lm,923,full,APRIL|AR|DEL|LayerSkip,6461392e390e23b12fc09fd4f461409479ac1a3ca2fdf73d8fdddb62a7711543
stream2,1181,cnn_dm_lm,924,full,AR|LayerSkip|APRIL|DEL,c7f4f0ede8b86138626bef4d2482f827e20b242b18181dee2c42a57947a2d702
stream2,1182,cnn_dm_lm,925,full,LayerSkip|DEL|AR|APRIL,b128a11a30715d996271b2e44e75edd303a5962b1d0bc0284d1b5d3f3d2810d3
stream2,1183,cnn_dm_lm,926,full,DEL|APRIL|LayerSkip|AR,04dc713365cbacc9c0077f80c09dfa07fea8bb5c8e7741e97763f9cdcc71b0d6
stream2,1184,cnn_dm_lm,927,full,APRIL|AR|DEL|LayerSkip,91f05a43c65124eb0b4a02b7916532c01a248d7cb2bc7f41a1b56277fe7fe3a3
stream2,1185,cnn_dm_lm,928,full,AR|LayerSkip|APRIL|DEL,662f3bafe63eea8c775da9b736380b3127ba382357d8b3a1359f39edaa606657
stream2,1186,cnn_dm_lm,929,full,LayerSkip|DEL|AR|APRIL,8ea9118a0b9751697acc3403a74a5b7cbc618757a7c32b3f60d2e6a02d392ff2
stream2,1187,cnn_dm_lm,930,full,DEL|APRIL|LayerSkip|AR,64fab606e9436decb6e282ad1295927916abb7dec6660b49d9788b6c5e281e39
stream2,1188,cnn_dm_lm,931,full,APRIL|AR|DEL|LayerSkip,89b4b51e2b4274f35d0c185501eafe2f856393070f339dc8a79bd748c8127072
stream2,1189,cnn_dm_lm,932,full,AR|LayerSkip|APRIL|DEL,8a8f249cb8f79bbb249009b81fbef1ec09598ae80aaee03e92c7f1e42311073b
stream2,1190,cnn_dm_lm,933,full,LayerSkip|DEL|AR|APRIL,b3525a1da62cb514f0d14dea1df14b9d62963ebd4fe5f2f9bdf7ec74f73acf54
stream2,1191,cnn_dm_lm,934,full,DEL|APRIL|LayerSkip|AR,eff598e336540b8f70a9f85cfded0e0d035f0583741cd59e1ba84c989bf98f4f
stream2,1192,cnn_dm_lm,935,full,APRIL|AR|DEL|LayerSkip,97bc4636502089f9df4f3f968d57703c53da9fe0f1051264206843d263b94682
stream2,1193,cnn_dm_lm,936,full,AR|LayerSkip|APRIL|DEL,38414c848fa12bcb0b28c6e38a83fa77f9b141efe5060c033c1c8a5476c47586
stream2,1194,cnn_dm_lm,937,full,LayerSkip|DEL|AR|APRIL,95132d5ae75aeb7fa711096a4bbf2163bc829d94c79d75431aa9a6e305143c5e
stream2,1195,cnn_dm_lm,938,full,DEL|APRIL|LayerSkip|AR,08e8d1b32c0e270b01222f121290f333a00e7f228b4f12f524900cd7c91434da
stream2,1196,cnn_dm_lm,939,full,APRIL|AR|DEL|LayerSkip,60fddec96b96f0710d21d339917e46d7ed6680994d3456cd4988efb85af68a01
stream2,1197,cnn_dm_lm,940,full,AR|LayerSkip|APRIL|DEL,b6e70402c5ca119e2a45dad597c09caa628c3e8aef6e9a0eaa05fdcba01cd1f3
stream2,1198,cnn_dm_lm,941,full,LayerSkip|DEL|AR|APRIL,1ed308c515d9b95585c774280e05bea3f7c6d17593961984f6302d254a190582
stream2,1199,cnn_dm_lm,942,full,DEL|APRIL|LayerSkip|AR,e9decf67dd39083bca74d44356e9a3cc9eb4f4a4d1fb7cced8c05f118ca59e0f
stream2,1200,cnn_dm_lm,943,full,APRIL|AR|DEL|LayerSkip,dfc81938761cb39ef382e42ee36d08e95b53f50f2033072a0990b2820ef792d4
stream2,1201,cnn_dm_lm,944,full,AR|LayerSkip|APRIL|DEL,6dfab4c7659de67ef48a036b6c434856b765138b21db014d60e5e9f22aa45790
stream2,1202,cnn_dm_lm,945,full,LayerSkip|DEL|AR|APRIL,22212a33fa7bccc7f48fb6c73b2d9df41fa37505921d80ffe0dfcacb452423a2
stream2,1203,cnn_dm_lm,946,full,DEL|APRIL|LayerSkip|AR,8421765ec7fb11c18d6c65526a0202a2eba435bcb327536895502605e8f9f9d9
stream2,1204,cnn_dm_lm,947,full,APRIL|AR|DEL|LayerSkip,15ebc9778f748f57c367f857ad586d94307923527d4df205dee42703147f7777
stream2,1205,cnn_dm_lm,948,full,AR|LayerSkip|APRIL|DEL,560c28bf87c9f96794957cdb56451063c1ace8894354c1af4619479011379edf
stream2,1206,cnn_dm_lm,949,full,LayerSkip|DEL|AR|APRIL,65e9492a326ad7570baab822e0fddefd28a8b4018991d4af02773abd60609fbc
stream2,1207,cnn_dm_lm,950,full,DEL|APRIL|LayerSkip|AR,b92770d823207500e0af74eb25e855ecc2242e7d24858153374474a3880f87c1
stream2,1208,cnn_dm_lm,951,full,APRIL|AR|DEL|LayerSkip,3de2428aaf25294f6abfb226a8396c588095cdc4abce10da0eb94ed3d16f91ee
stream2,1209,cnn_dm_lm,952,full,AR|LayerSkip|APRIL|DEL,e924e60f3aa7059f6d38399efdd3082677c2001c1042f8a6c88adc359b99bad7
stream2,1210,cnn_dm_lm,953,full,LayerSkip|DEL|AR|APRIL,a88ce1f7a29506fa91de9897b9c184abdf25e84a5465de9525d030a937bf9441
stream2,1211,cnn_dm_lm,954,full,DEL|APRIL|LayerSkip|AR,9d1d36d90bc8736cdeb7c19566b67462f410037c0138072baa59eb21ef055b81
stream2,1212,cnn_dm_lm,955,full,APRIL|AR|DEL|LayerSkip,166f09e60fbfec71682fad30f5f7b42257c785fce5419ad8646a2f85879c9adb
stream2,1213,cnn_dm_lm,956,full,AR|LayerSkip|APRIL|DEL,a4cbc453689168d76c6b144e749344a95c30221cd10e6456baa52226d04fba94
stream2,1214,cnn_dm_lm,957,full,LayerSkip|DEL|AR|APRIL,6ea64e64c964699b4123a81f4a08a8c7802b37b756b8522c905b3196c0024022
stream2,1215,cnn_dm_lm,958,full,DEL|APRIL|LayerSkip|AR,f666091f6fe20929852a28fa8728a3b1f70101c988b3f6cb4073bb37ef5f1572
stream2,1216,cnn_dm_lm,959,full,APRIL|AR|DEL|LayerSkip,43b43bd89a2835ef0640fbb10cb1aee7a8f43ea72f7ead6144b67f3d7386b025
stream2,1217,cnn_dm_lm,960,full,AR|LayerSkip|APRIL|DEL,3aa474636a5cc9ab8f6df5c8aa421c90f6674561679641fc102480a353c819ad
stream2,1218,cnn_dm_lm,961,full,LayerSkip|DEL|AR|APRIL,2ef9e0c9087711df3eaebe0ce64a573e25f65ae165f9d3c07672d6fa75e4f0db
stream2,1219,cnn_dm_lm,962,full,DEL|APRIL|LayerSkip|AR,00a6322795c7b9fe152a3195ed4df256bd8d9c004d58300076c3cabedc14081a
stream2,1220,cnn_dm_lm,963,full,APRIL|AR|DEL|LayerSkip,9a00b60fc4a8ac82b6f9fb44e62004048188a1dcc2175f44bf69eac1fab8a6af
stream2,1221,cnn_dm_lm,964,full,AR|LayerSkip|APRIL|DEL,7675507ed8af20e6dde864c253372fda435cb557e44dd79c04c933b344fbd7e4
stream2,1222,cnn_dm_lm,965,full,LayerSkip|DEL|AR|APRIL,08732f0d22366df5af05f5b926737a4f5339be4d6e69a8c220cfa7f921403c10
stream2,1223,cnn_dm_lm,966,full,DEL|APRIL|LayerSkip|AR,06d0056a430fcd35433cb6bb0b09718704f6e813098d261ff89efe7458c07bae
stream2,1224,cnn_dm_lm,967,full,APRIL|AR|DEL|LayerSkip,bde3612fb97e6cec77b8bf7eee3594549e8672a59c84096053e49ac73dd2673d
stream2,1225,cnn_dm_lm,968,full,AR|LayerSkip|APRIL|DEL,e7282a2820b42ed12da301660c229eaba7b065b56a63cef5614582f7149a9885
stream2,1226,cnn_dm_lm,969,full,LayerSkip|DEL|AR|APRIL,7c9b99e1ccf9869488edfb5143698695d9e91c91d16dea7ea1d76b5cceb061b4
stream2,1227,cnn_dm_lm,970,full,DEL|APRIL|LayerSkip|AR,e0ca7c0f0a615985400f5576aa9b03d0a7bbc242a7b5097b5450626ab701c7c7
stream2,1228,cnn_dm_lm,971,full,APRIL|AR|DEL|LayerSkip,80173bedaa442d4a57268b4dde2d2d4cd662e54b9e1b378051301f97d9afe072
stream2,1229,cnn_dm_lm,972,full,AR|LayerSkip|APRIL|DEL,24a2aaa0fa5f56e0d27e683df94c0e7ffe3097d4193e33622da80131232f8f7b
stream2,1230,cnn_dm_lm,973,full,LayerSkip|DEL|AR|APRIL,0baf5c807f207e95cc6802c999f2ac96d43c97c5944f63b918b4d9ac73383fa3
stream2,1231,cnn_dm_lm,974,full,DEL|APRIL|LayerSkip|AR,d861621cb7f3ec25c74c6c638d0cb14a4d541b33ac681ce3d935b80563484e2b
stream2,1232,cnn_dm_lm,975,full,APRIL|AR|DEL|LayerSkip,b365da1174b465321e2e9dd3545df1496d1bf5ce1a14b2f5205b6b6490d3f644
stream2,1233,cnn_dm_lm,976,full,AR|LayerSkip|APRIL|DEL,a0905b616cee778eea7f115ad688366f591d1d1fbfa451c8399863af12d7182d
stream2,1234,cnn_dm_lm,977,full,LayerSkip|DEL|AR|APRIL,44a2bf7b271f6db177095f2d2ca1307c63c21d550191c70940f76ee0440e0f06
stream2,1235,cnn_dm_lm,978,full,DEL|APRIL|LayerSkip|AR,e9d530498e1a1b52781b68b5aacda5ece7c200b64bf13b9df892a21359a05bc1
stream2,1236,cnn_dm_lm,979,full,APRIL|AR|DEL|LayerSkip,b2c97ebed053a15a12d7d42f8cf31f416a4e8b721a7ffafe776771517bcf4c57
stream2,1237,cnn_dm_lm,980,full,AR|LayerSkip|APRIL|DEL,c103aa63d2b29c73caa5829f86412f57ad038acd7a09033322426bc78ac03fcc
stream2,1238,cnn_dm_lm,981,full,LayerSkip|DEL|AR|APRIL,858618e8895fb5a0e1e9f7eb6027ca23e6c519f52a8b1e515f9012582fa8612c
stream2,1239,cnn_dm_lm,982,full,DEL|APRIL|LayerSkip|AR,72dea661278f114767faf2f678bf98e59349f9be971b31659be681130229d385
stream2,1240,cnn_dm_lm,983,full,APRIL|AR|DEL|LayerSkip,e16e6a4a7f99fb374c62c93109ed5a892755e3e255ff7252097a09de897284db
stream2,1241,cnn_dm_lm,984,full,AR|LayerSkip|APRIL|DEL,e20b6b15066f454fb9404846f0c5f17222e513896b7170c5fdd90de653829fdc
stream2,1242,cnn_dm_lm,985,full,LayerSkip|DEL|AR|APRIL,6ffa03d2f21b956f8bdb1849d6cc1fdcb43a60ca0de915eb95acc090fa6a141d
stream2,1243,cnn_dm_lm,986,full,DEL|APRIL|LayerSkip|AR,6ffa03d2f21b956f8bdb1849d6cc1fdcb43a60ca0de915eb95acc090fa6a141d
stream2,1244,cnn_dm_lm,987,full,APRIL|AR|DEL|LayerSkip,b00e86440b474e4e7f0325b6ef68fa2f6bf6cfef559f21c35610a1c70c69653b
stream2,1245,cnn_dm_lm,988,full,AR|LayerSkip|APRIL|DEL,f603ae18b338514c40583cf07f103d8c7b9210b45507f179b54b9e28bb219187
stream2,1246,cnn_dm_lm,989,full,LayerSkip|DEL|AR|APRIL,e366240f2494b86ac3c83d6da9f3a724fd30de264a515cdc3572e548ea089b29
stream2,1247,cnn_dm_lm,990,full,DEL|APRIL|LayerSkip|AR,a793b2615a8cf7e75a3e224f9d6e7c8f1295329821097d1b6d29d4f776596d2a
stream2,1248,cnn_dm_lm,991,full,APRIL|AR|DEL|LayerSkip,003d07c4c8d816c79d9fcf2effcaed9f5e2592a73ef7d2e665f4bb2b88ac98c1
stream2,1249,cnn_dm_lm,992,full,AR|LayerSkip|APRIL|DEL,017ce1b85feb282d7f9be98fbf72a86798d45860df3fcf031a66c745bd3c9801
stream2,1250,cnn_dm_lm,993,full,LayerSkip|DEL|AR|APRIL,d93ec04b0dd0fefd98eb9d41ba11217917820afc1b25f7e1d80635dfdb943af4
stream2,1251,cnn_dm_lm,994,full,DEL|APRIL|LayerSkip|AR,6caa87fe954ca966364680c4b58e170a2de400a91d3c09b383c09b8b6a6f932f
stream2,1252,cnn_dm_lm,995,full,APRIL|AR|DEL|LayerSkip,b94144210f95e558a1cee89e9a672f5d57e63b1d2226c3c9f66b8e7ce1194d30
stream2,1253,cnn_dm_lm,996,full,AR|LayerSkip|APRIL|DEL,31e712a12f990f157f658ad5dc6b5fb43b1776829c82a297370f05def97ddfb9
stream2,1254,cnn_dm_lm,997,full,LayerSkip|DEL|AR|APRIL,b6c0194467fee9b5bed0100ab4f9cec0429a761304f69782d87be4a5d7a0ab76
stream2,1255,gsm8k,128,full,AR|LayerSkip|APRIL|DEL,6e1f68b26a1b1ab75f5f0fb8fd8ba2ee0f61d5f16fab236c40c23682a338c07d
stream2,1256,gsm8k,129,full,LayerSkip|DEL|AR|APRIL,96ba56935e9f9ac48956461b3d7507a074b4a0c9096af8c125a4e983bc6d967d
stream2,1257,gsm8k,130,full,DEL|APRIL|LayerSkip|AR,23ad459987f146be5ffddf5f33a7d21bc9f9197ae847506550764a6d2911a37d
stream2,1258,gsm8k,131,full,APRIL|AR|DEL|LayerSkip,02d5676e3ba5bf98815fa1a05666a82d21fc54fe5a2f9f748c827a424e033d5e
stream2,1259,gsm8k,132,full,AR|LayerSkip|APRIL|DEL,ce7b8d4832a852ca00248a0c2777af00cbe5bb9b0c6e752a219aab408fbf7505
stream2,1260,gsm8k,133,full,LayerSkip|DEL|AR|APRIL,8f251f5ad8dbdae43bcd91fdd2551292736bf8269669ee654c6dfc84f09a8a93
stream2,1261,gsm8k,134,full,DEL|APRIL|LayerSkip|AR,283bc0982c3428409aa18c40cb17900db0bd8b0bca4862451c151cfddc01e723
stream2,1262,gsm8k,135,full,APRIL|AR|DEL|LayerSkip,a8ec81ee3d0714d027304d651207ad9d956c72521e0c5b82cc4fb3717163f213
stream2,1263,gsm8k,136,full,AR|LayerSkip|APRIL|DEL,d9791d31589bfefce555b2f2304132236d066c7a88536d42d911e3bc5252ec89
stream2,1264,gsm8k,137,full,LayerSkip|DEL|AR|APRIL,04b51f3df07e48397a4b5ff38f723bb095755a98178214bc84b3d85b8da557e8
stream2,1265,gsm8k,138,full,DEL|APRIL|LayerSkip|AR,e5b2afe3406ee2efe631beab09c2c87f1c52daa467b51cc055af66efdfd2fc99
stream2,1266,gsm8k,139,full,APRIL|AR|DEL|LayerSkip,733413e7b9236095805648e2b87369b27dee15d4f66ffa7729ac1dec2fcfce55
stream2,1267,gsm8k,140,full,AR|LayerSkip|APRIL|DEL,b38a2c49d7ae25a1acc501dbb621676f4d6aa108195f172d2c8ef981de90d342
stream2,1268,gsm8k,141,full,LayerSkip|DEL|AR|APRIL,87391bd230893f1a03a3ce49db5e795f02636bee5f276929601481c50754ec90
stream2,1269,gsm8k,142,full,DEL|APRIL|LayerSkip|AR,fea96c92dc6490dc2a7ed61b0c3c4bfb24baaa09697c3c827231b7f9fd53961e
stream2,1270,gsm8k,143,full,APRIL|AR|DEL|LayerSkip,5378ebd1be43775f447c086af9bb4bf881a829d4ab02e41ee3cd3dc8a84612d0
stream2,1271,gsm8k,144,full,AR|LayerSkip|APRIL|DEL,7cf2f5c8b8ead32893acfffc61068400ddcbacac0e723b6dc7bae7acc2491dea
stream2,1272,gsm8k,145,full,LayerSkip|DEL|AR|APRIL,f06e14f0563b88d617d87741150ff50e020b9da2d0e0456fd8c149cc2cb2189c
stream2,1273,gsm8k,146,full,DEL|APRIL|LayerSkip|AR,6e47cfa0b78826dcdd86823d69fc4ab12a2bd16b27a2c84d88865f782d287746
stream2,1274,gsm8k,147,full,APRIL|AR|DEL|LayerSkip,d402b27e03d1df766c2a8cce7a6d0316606064f21837d44dfa22f535e8ea86d2
stream2,1275,gsm8k,148,full,AR|LayerSkip|APRIL|DEL,0f616ea6c80e465b516beeadfece8957a7201acc8667b36ba0ff54fb931bf7e4
stream2,1276,gsm8k,149,full,LayerSkip|DEL|AR|APRIL,c8e772c35e5ce93e0f9018c663f0de450caa381ac2d1f312b6109dae572f57f7
stream2,1277,gsm8k,150,full,DEL|APRIL|LayerSkip|AR,eae9020f769e485f7a039f4ecfc871e298378c92a3ed7710c3503af22db79aed
stream2,1278,gsm8k,151,full,APRIL|AR|DEL|LayerSkip,7c4350778e48fc65f882be6b169743dbafaf659150f6e873b0d24e3987b2a22c
stream2,1279,gsm8k,152,full,AR|LayerSkip|APRIL|DEL,73f9546092018d772b28568dec5a4cdc1f0b7d1d499023f62c61059dd6e256d9
stream2,1280,gsm8k,153,full,LayerSkip|DEL|AR|APRIL,72ded33a36ae28792ee99ebf336b29fd72737a56757d49c9dcf51fecb9b563ac
stream2,1281,gsm8k,154,full,DEL|APRIL|LayerSkip|AR,70eba85e2a5cea38d9d85fd4d0f1391d9522fb2c19885bb50763e98aa00b42c2
stream2,1282,gsm8k,155,full,APRIL|AR|DEL|LayerSkip,3c4671ebb6c5d9a86750fbe9e488c2c300cf49a2866c49946e42efef027bc245
stream2,1283,gsm8k,156,full,AR|LayerSkip|APRIL|DEL,678e30eed5b7463a7b314b51f520eb297938f70e81effbfc0bc6bd59903123e2
stream2,1284,gsm8k,157,full,LayerSkip|DEL|AR|APRIL,139aa9cc28d11b12bf4fe8810d6a0ce565deaee04bd7235f1902f348c51f8a51
stream2,1285,gsm8k,158,full,DEL|APRIL|LayerSkip|AR,569b87ebd6b8451bb29b4930bbe1b7a4061365865bbccf2b7787c75226b7fdf5
stream2,1286,gsm8k,159,full,APRIL|AR|DEL|LayerSkip,b10549c8781b097b671c99853bab2b775d46c4fd8b099f6fa1b4fb69ce369c6a
stream2,1287,gsm8k,160,full,AR|LayerSkip|APRIL|DEL,7796cd9cd8623145d85040fc0318d5648454dae360f3f8e5fd6557c83b4e72cc
stream2,1288,gsm8k,161,full,LayerSkip|DEL|AR|APRIL,a767bd8a7392892bffa9196a7f9174886ae31ee4b3f7e70f23b4a5760e69779f
stream2,1289,gsm8k,162,full,DEL|APRIL|LayerSkip|AR,041f76e54101afcd377f3599652f5cfedd2a93028d1c4b8be7bf713e940fda5b
stream2,1290,gsm8k,163,full,APRIL|AR|DEL|LayerSkip,d177f7aa4d1c78e76512b1aba1d8ed9c77c77f5ca0090c1295ba087f18d4b994
stream2,1291,gsm8k,164,full,AR|LayerSkip|APRIL|DEL,c51258ade3d4e9bfc1a66d3f66de6b52c8ffe93c7cd501e978991bfd3889da38
stream2,1292,gsm8k,165,full,LayerSkip|DEL|AR|APRIL,5045ae86f42630136a42b8c6feebec3751f4510394db84f083ad37ab6b6965df
stream2,1293,gsm8k,166,full,DEL|APRIL|LayerSkip|AR,17032d0043f7b977c11b39d5bba6f037bb827a912a62e029b90fab4aa10a527d
stream2,1294,gsm8k,167,full,APRIL|AR|DEL|LayerSkip,d37b958d8b9c8971741b0bc49e0215ce5eb3b86a15c82cf78f2b7b052ce39361
stream2,1295,gsm8k,168,full,AR|LayerSkip|APRIL|DEL,6bbad0e621c8085c72895f14f415f3895d5a7f3b63c4a8242efd40db4631fe8f
stream2,1296,gsm8k,169,full,LayerSkip|DEL|AR|APRIL,989ef195608d2fab715e14f8f01d154f6ebe0c4c7c19e880be90afbe0f2ea90c
stream2,1297,gsm8k,170,full,DEL|APRIL|LayerSkip|AR,acb7ab9096b8fd0ab11f9e6ebcc6d3673866399e6ab9ec56b026fe7e179495cd
stream2,1298,gsm8k,171,full,APRIL|AR|DEL|LayerSkip,9d01bd115fd6c117057667a48e147c00b6dbaf863bbb2a8ce1737d087bef60dd
stream2,1299,gsm8k,172,full,AR|LayerSkip|APRIL|DEL,018e1cd828bcf0e110cae26fb469a54dd032a067dd431277865f28c7d462855d
stream2,1300,gsm8k,173,full,LayerSkip|DEL|AR|APRIL,00512ccb29be6539358d98667ee04e15751888c6b950c49e9285888c34a6b4bd
stream2,1301,gsm8k,174,full,DEL|APRIL|LayerSkip|AR,58be43f0900e393de86217625b3b90ba6c22ec209f40cfeed4b4a5455efd56e9
stream2,1302,gsm8k,175,full,APRIL|AR|DEL|LayerSkip,065b1409a4a54147654625b579c2652c33e3067b1e91266f67c68e5d20e6841f
stream2,1303,gsm8k,176,full,AR|LayerSkip|APRIL|DEL,223a41a0ee335bf771946684adfd1ebdda24c2fefabaaeb92652ddc4be093080
stream2,1304,gsm8k,177,full,LayerSkip|DEL|AR|APRIL,04c808a57ed09dbcf0a5c213f37e9663c2f6656c62fb98f1683c2af73d459254
stream2,1305,gsm8k,178,full,DEL|APRIL|LayerSkip|AR,0165de3f670451bbf4b0a822050d4a5222ccc6aabc45d14b9e549fcccea147a5
stream2,1306,gsm8k,179,full,APRIL|AR|DEL|LayerSkip,385e1cde94006a76ac07453e92ae7f8473ad55d41dfdf20e08c7a8e211e238f1
stream2,1307,gsm8k,180,full,AR|LayerSkip|APRIL|DEL,2775b9cae231c3a67d1ff3e20b5fda41f3af574095ffa1939d0ca6dfb4d17e3b
stream2,1308,gsm8k,181,full,LayerSkip|DEL|AR|APRIL,01cd2966c28758bdaf7142fc732f48eaa51f0caf958299265170406c61e48b91
stream2,1309,gsm8k,182,full,DEL|APRIL|LayerSkip|AR,f4b43ab11ec58ddbfe24bc81a1a658f9ff61c70d1ffe7cb5c2e9c291a5a2f193
stream2,1310,gsm8k,183,full,APRIL|AR|DEL|LayerSkip,b6dc497c3a8a84bbf6aea05ddf5ea4ac939e9155b3d57b94168111bec49a1418
stream2,1311,gsm8k,184,full,AR|LayerSkip|APRIL|DEL,f1160401784a637a8edbb2f5825db9b3889ac93d398628d5d8109f74e0e430ae
stream2,1312,gsm8k,185,full,LayerSkip|DEL|AR|APRIL,639fe60bf1ca8c4220957c84f1aee18a3e6b720cb0e190eb56d653c32860f345
stream2,1313,gsm8k,186,full,DEL|APRIL|LayerSkip|AR,39f7f616582c2e3e9ca3db0b843d5745da7f028bf58fb8f8b42beb1ce0aebddd
stream2,1314,gsm8k,187,full,APRIL|AR|DEL|LayerSkip,9f4c98288c31a102ebe98107016e6c1ead76dc9fba8fab6578024fe3121e1490
stream2,1315,gsm8k,188,full,AR|LayerSkip|APRIL|DEL,5931294dacc9bf258932253d8a8bbf83fd403354abf6c66337dd51f54a474930
stream2,1316,gsm8k,189,full,LayerSkip|DEL|AR|APRIL,a0801d38905e7a84f0e99e76451246a6318cefdb49e6fb6903050ffabb630a81
stream2,1317,gsm8k,190,full,DEL|APRIL|LayerSkip|AR,56a7e7d36bd2f9188153935f5cd07242760372a8787939905d0a4e207381be25
stream2,1318,gsm8k,191,full,APRIL|AR|DEL|LayerSkip,c45b86153189f07e9ad83b69c4a817b603e3025336ef0af5bed2091eaa29c796
stream2,1319,gsm8k,192,full,AR|LayerSkip|APRIL|DEL,177f9fcdbf9fbb880262b123eeb4e83eb2ab1101aa43f774f41c1d49c6c1c77a
stream2,1320,gsm8k,193,full,LayerSkip|DEL|AR|APRIL,379207338fad53357478362a195201f26dea900973bc432f04b3c6d0b44e846f
stream2,1321,gsm8k,194,full,DEL|APRIL|LayerSkip|AR,babb6529e6553252c622d344083540d27052579e8d3391c85b6f049b932ef824
stream2,1322,gsm8k,195,full,APRIL|AR|DEL|LayerSkip,3eab0dea294d63a01781fada28d056bb2b04a98c16490d758c9bf5225743ea23
stream2,1323,gsm8k,196,full,AR|LayerSkip|APRIL|DEL,32136c4e941411c9d6df0a08c590bcbd215afdaaeb9aab2ec101660245a41848
stream2,1324,gsm8k,197,full,LayerSkip|DEL|AR|APRIL,fb2e9e0e357456762fe8f7140999571fbfa69fe4b4f50f4993f8461009c7b704
stream2,1325,gsm8k,198,full,DEL|APRIL|LayerSkip|AR,d338eb28401a1ccf3455c79fd2a38ce848dfb01eda102540778ab5c9b369439f
stream2,1326,gsm8k,199,full,APRIL|AR|DEL|LayerSkip,5ead84b532ab0ce3a66eb25c629e94edfd8b39bbf2341c7d87126c186e586082
stream2,1327,gsm8k,200,full,AR|LayerSkip|APRIL|DEL,10ad03d40c7a5f6adbd84fa71d1a3eac2a7f95f8f50ada868dcd39e8f23deb9e
stream2,1328,gsm8k,201,full,LayerSkip|DEL|AR|APRIL,76b233ec8ed4f06ad9cc99940d169003f83e4f31cbcd0bd7172f036005e3bb58
stream2,1329,gsm8k,202,full,DEL|APRIL|LayerSkip|AR,0556e5b1a6339d56f02504f02a33726c075b8d5d7b0eb57dcbf8ce1a92fe11ce
stream2,1330,gsm8k,203,full,APRIL|AR|DEL|LayerSkip,4b6938aad7f1980c305405bf5a7866320a6a62bb7ab391915d220521f3cdcca8
stream2,1331,gsm8k,204,full,AR|LayerSkip|APRIL|DEL,3b931f2d9a1a6d706d28c4f9dd0b1fdfdac5cbb7245be5d6f52dd5d5908316cb
stream2,1332,gsm8k,205,full,LayerSkip|DEL|AR|APRIL,9f48adfff33d23acf87e7a2e94d3c970b8091fa3cb46b38943b1a55b0ed611e4
stream2,1333,gsm8k,206,full,DEL|APRIL|LayerSkip|AR,7a7dc8d9b1817fe2f3b0607783028e445dd1eabe4f32deea60a103f0261eaa8f
stream2,1334,gsm8k,207,full,APRIL|AR|DEL|LayerSkip,f7d79e2d1d8a4ceedcaa0a6582113d690bfc7d0c9239e950b716ac364c54c92b
stream2,1335,gsm8k,208,full,AR|LayerSkip|APRIL|DEL,83aadcb4b7e87c4361d855e949de1f4d1f04c887a9a7b385db72ccef8263cc0e
stream2,1336,gsm8k,209,full,LayerSkip|DEL|AR|APRIL,87ea73d79c89757f223c7fd7e4522db6e788fe4f8422db734a1bf11e14d72547
stream2,1337,gsm8k,210,full,DEL|APRIL|LayerSkip|AR,5ad9880560bfef9419d2cf54571f0ec5ae165dcd7390a520b48758f81e8fee54
stream2,1338,gsm8k,211,full,APRIL|AR|DEL|LayerSkip,9260267b8bb21eca41023296c1a977aa20253cce18576605338ad0ba7c376e08
stream2,1339,gsm8k,212,full,AR|LayerSkip|APRIL|DEL,1cfcf51673876db2dfa1a23ab1a1bc05cb411d3c9c3f36fb52aa9a39b65d24ba
stream2,1340,gsm8k,213,full,LayerSkip|DEL|AR|APRIL,29c324d64a4e418e2714b1b214eba4101cc4e199c098fd75ac7e126eb55fa530
stream2,1341,gsm8k,214,full,DEL|APRIL|LayerSkip|AR,eef45f068e1b2bc2e64e4ce1fbfb4f5c7decf1c567072192c4eabf9a6cf343f0
stream2,1342,gsm8k,215,full,APRIL|AR|DEL|LayerSkip,b108d1d856f2fa18f6d35b9f274fef492549ac7e230e0e31f298424d0751ef93
stream2,1343,gsm8k,216,full,AR|LayerSkip|APRIL|DEL,3486244261e571d823033cd7049a68472a9a5ce6686b4f30f1fe96918f9d6665
stream2,1344,gsm8k,217,full,LayerSkip|DEL|AR|APRIL,f8b5e7b8a52bd2c90c7871e00eca0fec86ef14295dd1f069524c645ce3a03924
stream2,1345,gsm8k,218,full,DEL|APRIL|LayerSkip|AR,c74703b4f6c3dc176207fc7912c29625d29b3a6e7dfd869383e8203548eaf849
stream2,1346,gsm8k,219,full,APRIL|AR|DEL|LayerSkip,84c65f98e55dd05973e5e756f48001759a2905276a77026aa34d945cb3689d82
stream2,1347,gsm8k,220,full,AR|LayerSkip|APRIL|DEL,3329e0e16cb6b26b3aa9adac6f2ef085fb6a8ed1b494b0c602038d76b87e209b
stream2,1348,gsm8k,221,full,LayerSkip|DEL|AR|APRIL,b45d07eb16060efdf975bf1ce4cf84b3a6439156b8d9507849f85b2a2af61f70
stream2,1349,gsm8k,222,full,DEL|APRIL|LayerSkip|AR,8298f1050e9a03562ac9fe60e21362548e0d8d5f1f7b993daabfeba6118cc6e0
stream2,1350,gsm8k,223,full,APRIL|AR|DEL|LayerSkip,ed697c2f97d528bbc962b316afaa69882a0c23e54bbcc0a0432f26e7a6735871
stream2,1351,gsm8k,224,full,AR|LayerSkip|APRIL|DEL,397c5fa69388672eceb03c0e0eb3a57ce43f73abc01f8446e2bce2f182876c48
stream2,1352,gsm8k,225,full,LayerSkip|DEL|AR|APRIL,6e8e04db80e8cf6c3d2bf085dec27d1846823500284bd4c5cb265f5ab750d86b
stream2,1353,gsm8k,226,full,DEL|APRIL|LayerSkip|AR,d7abe789cb83638e13af8cf7b622c9a7ace7eaad1f01f83d96e409adc4d51a9f
stream2,1354,gsm8k,227,full,APRIL|AR|DEL|LayerSkip,611c93380d4473b87faacd0b648aef8d35138c8eab688e2fbdb32439d46bf42e
stream2,1355,gsm8k,228,full,AR|LayerSkip|APRIL|DEL,aeee8d3043160c2947d5b92ecd197993577d7b12f80114a1c6bc91e66aa1819b
stream2,1356,gsm8k,229,full,LayerSkip|DEL|AR|APRIL,f8165363812b04018c9891bd3171e7a630238f65bf1ef894ff1325d96f7a4756
stream2,1357,gsm8k,230,full,DEL|APRIL|LayerSkip|AR,e240276332066a4c5f1c23418288e6ec44690254687ba8e5c05f07db96685ac8
stream2,1358,gsm8k,231,full,APRIL|AR|DEL|LayerSkip,e20dccfb7031328fda4e1e4458db6441243159dace43b77d525ecdd3c5bd4c5b
stream2,1359,gsm8k,232,full,AR|LayerSkip|APRIL|DEL,45dc0bb82268683ab119d7c1262d5f90cdfe8e229aaced4ed8efdd575630ec3f
stream2,1360,gsm8k,233,full,LayerSkip|DEL|AR|APRIL,a65417dd9eb7cb52cf0c3ef4e1f3d477ce60329877a60ed3f99b1216bb17be2e
stream2,1361,gsm8k,234,full,DEL|APRIL|LayerSkip|AR,5dda26356f4ee898da49773b38a2c95b57463b064e9669206a5e4b851fa6bcbf
stream2,1362,gsm8k,235,full,APRIL|AR|DEL|LayerSkip,2c5f5dcf403cdb7b16d5b8e8edf1f7b32e0516bf4243b303451c99f5a9c1df47
stream2,1363,gsm8k,236,full,AR|LayerSkip|APRIL|DEL,4387a412ccf43e6bd24b7c37605b477f33c6e743a4adf961956092b981d0609d
stream2,1364,gsm8k,237,full,LayerSkip|DEL|AR|APRIL,4390efa74b83088b13d21d34f3a91cf50afa71cca77762567318922f14c9db21
stream2,1365,gsm8k,238,full,DEL|APRIL|LayerSkip|AR,1ac494c5be86564ba9cfb1f2104eb6b11fb09effc94ba565aaf367d6c540374b
stream2,1366,gsm8k,239,full,APRIL|AR|DEL|LayerSkip,6160ba048c8c77226c66b3eab83ec05593782a22a5260ae6dd89b7d5bb8d33d2
stream2,1367,gsm8k,240,full,AR|LayerSkip|APRIL|DEL,4123fed8ac4ead5a87842929d47a0c769f9b3c0202597fbf0ee27d904b587e5a
stream2,1368,gsm8k,241,full,LayerSkip|DEL|AR|APRIL,c319df8a2c9d87958437b80c14559a1cf4067c54da88f6f9b84d3130cdc1cb78
stream2,1369,gsm8k,242,full,DEL|APRIL|LayerSkip|AR,c7e74ef1820937fcfd3b23e3e54d1cf4a6688fbc95ccc87771c7b3d2df9b2313
stream2,1370,gsm8k,243,full,APRIL|AR|DEL|LayerSkip,513dec25a988ed7ea861e030f80ea9a54b673c736e024e9fcbd76bc4e78f0530
stream2,1371,gsm8k,244,full,AR|LayerSkip|APRIL|DEL,de9e71d393702f2741b53d6332140567ad953e9061c3a234e250341e780007c1
stream2,1372,gsm8k,245,full,LayerSkip|DEL|AR|APRIL,8dc1c11c6168f81a610c571166200b58ca9fa30d8f28320834778303d27509fa
stream2,1373,gsm8k,246,full,DEL|APRIL|LayerSkip|AR,ca4d6cbc89d5da7ce498d469bfcd07fc92b13a40af61402a4aef5400d2e478c9
stream2,1374,gsm8k,247,full,APRIL|AR|DEL|LayerSkip,b9150c6771884a7b1ab428ef02e79316874de841d9e03724ba20f858e0ffe3fe
stream2,1375,gsm8k,248,full,AR|LayerSkip|APRIL|DEL,d2b6a95a30577f78eb03870666154f23e3fd1fbea2addcefed5af68e0c6c8cf7
stream2,1376,gsm8k,249,full,LayerSkip|DEL|AR|APRIL,2dde86b5af495bd4fd87f24d145ef6fc509cdbedab8eaa27b76ec8825fb68b8f
stream2,1377,gsm8k,250,full,DEL|APRIL|LayerSkip|AR,ce51f0e492b9b30d77ce31aebc51a89512592b1d35a97cd033b851e8c0afefcd
stream2,1378,gsm8k,251,full,APRIL|AR|DEL|LayerSkip,392c9d80663b54bd2f30eca53774c47c9bf448af3f81ac531c3e5e0c874d9dbc
stream2,1379,gsm8k,252,full,AR|LayerSkip|APRIL|DEL,9db78d026a35b84487e575072809afc06fa563d619261e8d56d25d7c41acadd2
stream2,1380,gsm8k,253,full,LayerSkip|DEL|AR|APRIL,b8b58d9910775405109e84e122e89941080d75ab2a1456e44a7897c62e19cb84
stream2,1381,gsm8k,254,full,DEL|APRIL|LayerSkip|AR,45df758322c835a41460026958085250651025ae8e1718a681bd63354ed6c253
stream2,1382,gsm8k,255,full,APRIL|AR|DEL|LayerSkip,d12e409a4ae5b306d07491282dd3a701ec22651fe1129a88ac5833fcc28ecda3
stream2,1383,gsm8k,256,full,AR|LayerSkip|APRIL|DEL,4711ffef1ad02685a37bf645a8c19645c1ae76375ccbcb1a6a67b6bb5f4e0112
stream2,1384,gsm8k,257,full,LayerSkip|DEL|AR|APRIL,1dbe787e339b640d97d4af04ee42178b1cd545b3ae4adc13e0812a54c39b0f35
stream2,1385,gsm8k,258,full,DEL|APRIL|LayerSkip|AR,6dd6b4679476b7fb2399202ca6871bad890b3aa566e15c4dd52fa8d6fd363cbb
stream2,1386,gsm8k,259,full,APRIL|AR|DEL|LayerSkip,13f83de0f65ece84b34e2a6cd8212b380fa89e401f4cba87b7052b6c247992f1
stream2,1387,gsm8k,260,full,AR|LayerSkip|APRIL|DEL,f4a82f0695eebe5290d62417e335f7d780e78b5571e978a754fd3c3603218c9e
stream2,1388,gsm8k,261,full,LayerSkip|DEL|AR|APRIL,2233ee3494ee33b2c8d36adf8c5561aa9d3edaf256f1647d3cd0f5083d264b2c
stream2,1389,gsm8k,262,full,DEL|APRIL|LayerSkip|AR,f106dfd265b42017236f6705de16cfae5e5e65090f55c6e431f69ece2d5e1f70
stream2,1390,gsm8k,263,full,APRIL|AR|DEL|LayerSkip,470839cdb5e4d01c4a601486afec50ed93b957c94a43fe16a62be9b9dfb771d1
stream2,1391,gsm8k,264,full,AR|LayerSkip|APRIL|DEL,12c57a1e57a2a15b4b3aa2dfa55ff00f4e3c766f064556522dafb6cf27f2b081
stream2,1392,gsm8k,265,full,LayerSkip|DEL|AR|APRIL,34b807dda141b6161877219d106f94b1b80c3da09998eddaf33f2bde25f69f1d
stream2,1393,gsm8k,266,full,DEL|APRIL|LayerSkip|AR,1c23de67f1f0e7a39c22816fe340ebc87ecaaf81b7d7575a4f2dd93585b59574
stream2,1394,gsm8k,267,full,APRIL|AR|DEL|LayerSkip,9fd3702c91bf0726e7e65684aec1cb023588999bab8951e9c745a6d58df67de9
stream2,1395,gsm8k,268,full,AR|LayerSkip|APRIL|DEL,93771ec99452ab38029831a3cadc673c9c1a5db314840d19f84494b4b664d1b3
stream2,1396,gsm8k,269,full,LayerSkip|DEL|AR|APRIL,4e9fdc9ce094e47d4a883634bbb00333d58110f6426d0b7115f5e4069eed3154
stream2,1397,gsm8k,270,full,DEL|APRIL|LayerSkip|AR,c156e512315e7e619eed21564ca653cf5bd2d730445b7f484eb6caa9f81d993d
stream2,1398,gsm8k,271,full,APRIL|AR|DEL|LayerSkip,65dc68f1a5070d5c2cbc1852ac8f2826a9270f21abee6e86d160018ef7b27a78
stream2,1399,gsm8k,272,full,AR|LayerSkip|APRIL|DEL,db5498b0145b1ead42785e7a456c7e734b83201e02fef854bca34462870e0111
stream2,1400,gsm8k,273,full,LayerSkip|DEL|AR|APRIL,8e2ce04ca3561941458e210b31d7e858106757f990c14e371366edeed46e8ef6
stream2,1401,gsm8k,274,full,DEL|APRIL|LayerSkip|AR,35f2ed7f2fd9435db30cbb19abf9762c75d75d38facfc57348e31d12b8a9aeda
stream2,1402,gsm8k,275,full,APRIL|AR|DEL|LayerSkip,6fa19e9e0b53c8e212393a27af22923b91ca793c4be882c13967d3af6368b4a9
stream2,1403,gsm8k,276,full,AR|LayerSkip|APRIL|DEL,e5974722efd1d46513533cc253a7345b06a358e35a88b9f56b71c69cb53ce01a
stream2,1404,gsm8k,277,full,LayerSkip|DEL|AR|APRIL,38403698f611c42ab8d25225f458be439319a3b0be0c0dbaf4233aac3c25e946
stream2,1405,gsm8k,278,full,DEL|APRIL|LayerSkip|AR,ce8c464ebb2f3d041847a208763f83443211c23bf172c10c1ee9382c62cdf2b6
stream2,1406,gsm8k,279,full,APRIL|AR|DEL|LayerSkip,984343f3421e74be3f3dceb0adffadb6fbb61cfa8653c61695c68c11de08412f
stream2,1407,gsm8k,280,full,AR|LayerSkip|APRIL|DEL,9876a6f605d8835fc8374126f7be01d691098f7d7e42b1e13090c7bd9647caa2
stream2,1408,gsm8k,281,full,LayerSkip|DEL|AR|APRIL,fe9380d184472a3e9754f8b42b2c6f7d0fd9e3ab3aa7b1a761fda1432584e300
stream2,1409,gsm8k,282,full,DEL|APRIL|LayerSkip|AR,2fedc16d860dd1381f83f22ae7aa48e2c85b623bcf0e92444e3f95a0f42e47a4
stream2,1410,gsm8k,283,full,APRIL|AR|DEL|LayerSkip,d9c09edc61978861775aec68ef00d15bf2f898c9df5ab0e028e651304753baa1
stream2,1411,gsm8k,284,full,AR|LayerSkip|APRIL|DEL,d9b231dd8797946624cacbd9390ac78b6a469bd4826be4f5b137ae040e3c262f
stream2,1412,gsm8k,285,full,LayerSkip|DEL|AR|APRIL,e9c09ce24429d153cd8d8d1f2a7c5ac1e8988dda292ea4eb180d550b89a5a9bd
stream2,1413,gsm8k,286,full,DEL|APRIL|LayerSkip|AR,b8ebfe45cd23242b3b3a962a095f551591715337dae7fcf22c07ffaaffe051b6
stream2,1414,gsm8k,287,full,APRIL|AR|DEL|LayerSkip,094764230d0400b56ff70ba442688673b486ffd3234b02ab7d0e1511a31d1455
stream2,1415,gsm8k,288,full,AR|LayerSkip|APRIL|DEL,9dcff6a0e18e3acf6a2ad8623d6e11345fc5ec1ad1aa13bc1d43a33796e627d6
stream2,1416,gsm8k,289,full,LayerSkip|DEL|AR|APRIL,bf3032277864c5f58db68788ee1da9c93d596c133e5c74835e00abeaa1b17b62
stream2,1417,gsm8k,290,full,DEL|APRIL|LayerSkip|AR,2fa17e400be2959a55af019bfabcdc5532e80e81b24ce141bae1ca704eb069cf
stream2,1418,gsm8k,291,full,APRIL|AR|DEL|LayerSkip,7abc3f2728da0ab8ea8529650e04c41b4f90b8e8d1a76fab3e34097bb37c58fe
stream2,1419,gsm8k,292,full,AR|LayerSkip|APRIL|DEL,c2b9dd77d087715b10410fb5ba0bce6969f35872b07624c490aeaa87bfec1a7b
stream2,1420,gsm8k,293,full,LayerSkip|DEL|AR|APRIL,a9c0290a02dce44d5cafcfd92d553a2199fd17531dd91ed714684c1a5c90128d
stream2,1421,gsm8k,294,full,DEL|APRIL|LayerSkip|AR,48f5cb54d12ce99ac1de4a593832de83e599f745ec4f61231892e7fabcf47419
stream2,1422,gsm8k,295,full,APRIL|AR|DEL|LayerSkip,70ce4e59b90a8a1e4938ba300779bffa6d7417cce2627df095f114d7332111ef
stream2,1423,gsm8k,296,full,AR|LayerSkip|APRIL|DEL,a3ea572a42c939754d3d38c09478adfbbdb8536a59dfe623bd4bbadb5e716b5f
stream2,1424,gsm8k,297,full,LayerSkip|DEL|AR|APRIL,391191caa5ce6a7b9ad51f0afcd34b8b367bf27edfadbdde4f716fb2e05b5870
stream2,1425,gsm8k,298,full,DEL|APRIL|LayerSkip|AR,2e543a2bcdd1a42540e2e249e9ba65a4c84a81697bbf7fc961d9264f14d1a51b
stream2,1426,gsm8k,299,full,APRIL|AR|DEL|LayerSkip,fb1eac5d8ccd41c162e524e77ac3a3b4a38525abf35ce8955f79f56d4e112784
stream2,1427,gsm8k,300,full,AR|LayerSkip|APRIL|DEL,ec17f50195beb827c57971749ee8dab230cf2845c3b57f90c15e3aab65d108b6
stream2,1428,gsm8k,301,full,LayerSkip|DEL|AR|APRIL,a238b250c19806a5be1d21b1e72a4d25d7bef007c756d9ef9dbbf40f0462678a
stream2,1429,gsm8k,302,full,DEL|APRIL|LayerSkip|AR,400f64af484b56a9d6fe9f02e1c6de20ccf30bee72b05f1adbe34c8f9f0ab70a
stream2,1430,gsm8k,303,full,APRIL|AR|DEL|LayerSkip,4a7433ed2810aed938fb8e6e52ef2527221da7abeefa6ea73f049a28364ebfa1
stream2,1431,gsm8k,304,full,AR|LayerSkip|APRIL|DEL,1d8bfdb623ea8951bed5608609e270e73cceb293870b04a358adf3195ed9d609
stream2,1432,gsm8k,305,full,LayerSkip|DEL|AR|APRIL,c1d1bb18e55183419bbcd82f0e09fd2a046dc489c5904eb332b4aaa97e99a1db
stream2,1433,gsm8k,306,full,DEL|APRIL|LayerSkip|AR,24548542ef9e0c9709e71a3e870485df0ddf46157687fc25204a88f25f82f0f6
stream2,1434,gsm8k,307,full,APRIL|AR|DEL|LayerSkip,790bbe564be081e6afc90af6dee5249ede0a1d2061a084ea31876b5f9b89c8f8
stream2,1435,gsm8k,308,full,AR|LayerSkip|APRIL|DEL,374f71f84c4206b8884ece53d3f382169e7154d3b0ea04be77d52d26a8e675a9
stream2,1436,gsm8k,309,full,LayerSkip|DEL|AR|APRIL,462cd5e8e8c8d21954673fc8120429ba322d667f715c0fa660081b835b41ea8a
stream2,1437,gsm8k,310,full,DEL|APRIL|LayerSkip|AR,976d71b006b201e42d755d7f5b916a304ed5873440f0c131ecefa0244860e58d
stream2,1438,gsm8k,311,full,APRIL|AR|DEL|LayerSkip,0209c5592b0ff230a0e8370d202bbd9c235897be0c457d621141c397fe4bdb74
stream2,1439,gsm8k,312,full,AR|LayerSkip|APRIL|DEL,748dd7631e43156423a50e267ae190e8721671e202337fbd742a7e60da7be459
stream2,1440,gsm8k,313,full,LayerSkip|DEL|AR|APRIL,8a5e9ef8f33816f6dd41af1552f8c2c9b5054ff6a127d2f476174f034e377eaa
stream2,1441,gsm8k,314,full,DEL|APRIL|LayerSkip|AR,fb4c5413de8b3eda40eeab246dcc8b32e635d6a178e0e2f97af1ae022ebc89e7
stream2,1442,gsm8k,315,full,APRIL|AR|DEL|LayerSkip,298c40d342e5a1e70a98dd0c53051902052ab876e0d1984cdb8d6b5e542671a5
stream2,1443,gsm8k,316,full,AR|LayerSkip|APRIL|DEL,a9bf23f3683af80d89a7f0f4c4b785252db691b186368579bd09d9c8a6bcf74e
stream2,1444,gsm8k,317,full,LayerSkip|DEL|AR|APRIL,a8fa4494b0856b95355e72bed1cd10475fa30fba74eeb8f8d429c74d10913fbc
stream2,1445,gsm8k,318,full,DEL|APRIL|LayerSkip|AR,4c33e972fa91d69636aa1d978036d26163e225de502532f823384d23813e65a0
stream2,1446,gsm8k,319,full,APRIL|AR|DEL|LayerSkip,a7c8d0105338acdac96ef73454cd830d489911f06e942f4a3e64de9ae9c69a09
stream2,1447,gsm8k,320,full,AR|LayerSkip|APRIL|DEL,7dfd337c80004458585212e7083253f934edd97d73d9e608db1d7e877ffd8893
stream2,1448,gsm8k,321,full,LayerSkip|DEL|AR|APRIL,d01b38061368775272d9e5e50ecd0b2562864356d5808de666cdbad0489c3d07
stream2,1449,gsm8k,322,full,DEL|APRIL|LayerSkip|AR,f364b8fb768b8490be7f703e30cf2424c411e135ff7d494e8d9734ee720c0088
stream2,1450,gsm8k,323,full,APRIL|AR|DEL|LayerSkip,8a23e6df6777e143695affc03e7fa28c50dbf9b00f73d0f4ca254cac3643608f
stream2,1451,gsm8k,324,full,AR|LayerSkip|APRIL|DEL,bd734baea31aa30b0c533e27f9f8bb356cd244a10b80084e84aa82cc0cb2ed62
stream2,1452,gsm8k,325,full,LayerSkip|DEL|AR|APRIL,c83121a34ddf753bec2dd9092c0208e3836e68eeda3dcbae84992ec31178c5b0
stream2,1453,gsm8k,326,full,DEL|APRIL|LayerSkip|AR,2738841b584a3c43307656b9b791bb23eb85f737a4e576a397bd0c38babde429
stream2,1454,gsm8k,327,full,APRIL|AR|DEL|LayerSkip,3158a95389fa42db043970f83aed12420fed15f7c68a99ad43fb33280938360d
stream2,1455,gsm8k,328,full,AR|LayerSkip|APRIL|DEL,244204341322b882d4be801e78e970a53720b7f4b632efd8a5243d4a20e8217b
stream2,1456,gsm8k,329,full,LayerSkip|DEL|AR|APRIL,237372ec3ad2ea8a553c5b6275ea9fa4b2d1ddbb552e822181ed74b8156de54c
stream2,1457,gsm8k,330,full,DEL|APRIL|LayerSkip|AR,137c1a7134b54529eb4902bfe70aa5eda2ffe362753253043575952e2aead7fa
stream2,1458,gsm8k,331,full,APRIL|AR|DEL|LayerSkip,60953fd931111929852ecdabae6ec0c5a2326515cf4b82b9fbce3528b09544c2
stream2,1459,gsm8k,332,full,AR|LayerSkip|APRIL|DEL,b558e2cfa3a9f70af2770eab01033b37f5f014f1fb9f04c21c50d4dd6db3c14b
stream2,1460,gsm8k,333,full,LayerSkip|DEL|AR|APRIL,ada44058dde941ffe313630e667e019d1246b815fcd38bba96bcfcface0abf9d
stream2,1461,gsm8k,334,full,DEL|APRIL|LayerSkip|AR,63d391721b57a69d51596cf5e5c9679b1734fbe32b24fb3771b500d59bb4c9a8
stream2,1462,gsm8k,335,full,APRIL|AR|DEL|LayerSkip,3674fd89ad17d7230b94f0c3ed7014c47ff3cc7253f4a70de96c6c6fa6c8acb3
stream2,1463,gsm8k,336,full,AR|LayerSkip|APRIL|DEL,00f0ee02503bf41106c2400a29d6e63e1ecdd1412c4fe345c19929555f7157c8
stream2,1464,gsm8k,337,full,LayerSkip|DEL|AR|APRIL,a2a764acb6a552f395ac7d9e400d14d3168cb32aa90cf121183b597fb7bf45ff
stream2,1465,gsm8k,338,full,DEL|APRIL|LayerSkip|AR,fd0010156daa330cd14e2e31be28fdc6577108827ba6d4672ce18a34a8d5a844
stream2,1466,gsm8k,339,full,APRIL|AR|DEL|LayerSkip,446763dd6c18d9e39093ebc5de657866b3d57926fc3f80f261122dcd7b70f2d0
stream2,1467,gsm8k,340,full,AR|LayerSkip|APRIL|DEL,a319ecca89ac77cee3ba504374bf3508c5f4c9f6824adeaa0ea384773f6d3b2a
stream2,1468,gsm8k,341,full,LayerSkip|DEL|AR|APRIL,eb889985095c0c30ba1fae16c463eee23e3ce56bc007fa2def1884548de4e049
stream2,1469,gsm8k,342,full,DEL|APRIL|LayerSkip|AR,493b870e164dd453cc901c607d4724ec4cf9c048969626d3d38c7c01d5f34a35
stream2,1470,gsm8k,343,full,APRIL|AR|DEL|LayerSkip,026a327d3e57e851297b7e3701b888da67c0805e92d22ce8721e1ec47f8d5e20
stream2,1471,gsm8k,344,full,AR|LayerSkip|APRIL|DEL,abb07ecf504665157072db7740d492acfb34c9c4eeaeb83b2384b1421ae4b940
stream2,1472,gsm8k,345,full,LayerSkip|DEL|AR|APRIL,01fa42516e2404b31068f06bf5a1a682648196dd41d51186bf2bc197d66932bc
stream2,1473,gsm8k,346,full,DEL|APRIL|LayerSkip|AR,d2e782708b2388d2618a7718228b6fe48032ab5b2dee74407c380c20145b7c52
stream2,1474,gsm8k,347,full,APRIL|AR|DEL|LayerSkip,944b56c31c4237665bd76655318d3ceaad0ba301ce19614dbc9def9d697f5b53
stream2,1475,gsm8k,348,full,AR|LayerSkip|APRIL|DEL,686cde195c90c5f3fcd061d741576b1d8a3994a28908f658c263fafbf179c7f1
stream2,1476,gsm8k,349,full,LayerSkip|DEL|AR|APRIL,26fef88fe2ca527423e637bff4c3af4da7eda136675752c734a98a1e44a738aa
stream2,1477,gsm8k,350,full,DEL|APRIL|LayerSkip|AR,fdc76849ec0534245f6691ef305cb41fe7949a4bb32e553158f36a509e9ede5f
stream2,1478,gsm8k,351,full,APRIL|AR|DEL|LayerSkip,22cb2934e5324bff4b4f9e1437ee1ed8202b529f3e7932681452a47ab45f7fc0
stream2,1479,gsm8k,352,full,AR|LayerSkip|APRIL|DEL,08d83cea8d0df037a20760337b5ed079e02377dd2273260125af0699b2c823bc
stream2,1480,gsm8k,353,full,LayerSkip|DEL|AR|APRIL,fb73e5b6c9f8bb8b3458a19c052c249875638aedd4f648bebaf184b873ce0a57
stream2,1481,gsm8k,354,full,DEL|APRIL|LayerSkip|AR,110aa21b82a46236aab5907f796f5ca2510883a064f5306601f69bd040c03473
stream2,1482,gsm8k,355,full,APRIL|AR|DEL|LayerSkip,d54ed674f892fc09d5f34b01f62d5a87ef0ac9c3f71503ab335e49a579a8ab2b
stream2,1483,gsm8k,356,full,AR|LayerSkip|APRIL|DEL,3a45ddb20c7d00210e30d27fa0ee84e9dbd886026a33351520e220e0ef037aa5
stream2,1484,gsm8k,357,full,LayerSkip|DEL|AR|APRIL,0da8e0810b5a54fa01d3b788196bed6ae15f3b9fab9cf21b648dc0a24953f679
stream2,1485,gsm8k,358,full,DEL|APRIL|LayerSkip|AR,4499b8b11d2fd3d931197477efcbefc9b15b896b7af71c2069336fce03d64c9d
stream2,1486,gsm8k,359,full,APRIL|AR|DEL|LayerSkip,c58916dbaa808130ed53a6618c18ab46d10fceb5b4ee70c74fe455f9c36fa4c3
stream2,1487,gsm8k,360,full,AR|LayerSkip|APRIL|DEL,e215a9f65cd9a3140a0a0ab75be59ac019b02db1a2c18ca867acbe7afd055fa9
stream2,1488,gsm8k,361,full,LayerSkip|DEL|AR|APRIL,c0271d5115c3738a9285139a5787452fe6b47fb8905fbc2f4f16e54dbbca4353
stream2,1489,gsm8k,362,full,DEL|APRIL|LayerSkip|AR,d26a187c8cd7c2e3ac99e3dfe7c7bfc97bb61bbef51f486085c39af8860fec4c
stream2,1490,gsm8k,363,full,APRIL|AR|DEL|LayerSkip,6431d97b68b0297172481ba29b4b9f8d1f5172f05f1e74b2751c7af64b69ba4b
stream2,1491,gsm8k,364,full,AR|LayerSkip|APRIL|DEL,15d7b8a6dab7401183e332fd76b956c4f3425095f12bfc662c4dce544965adca
stream2,1492,gsm8k,365,full,LayerSkip|DEL|AR|APRIL,6e5faed0d8473f51892e07be17fb671f6fd2d99d93adfe43d8bb34e58a3e2b25
stream2,1493,gsm8k,366,full,DEL|APRIL|LayerSkip|AR,d1c07605ac1d107e15e18a0b57f6d621817af579376f3aa7b162867ead9b3d5f
stream2,1494,gsm8k,367,full,APRIL|AR|DEL|LayerSkip,3a04bf71f096552dba6cf26a16be20df8ca8fd32952cf125b791ba9c3bf0cbf4
stream2,1495,gsm8k,368,full,AR|LayerSkip|APRIL|DEL,37e79f7ed51c59ed0d65257b6235e68d516199bdf58ec4e89cd1898926e168cc
stream2,1496,gsm8k,369,full,LayerSkip|DEL|AR|APRIL,7aa79133c3328b51b85ae1dc4b859877e9452935db6314736678ada415922709
stream2,1497,gsm8k,370,full,DEL|APRIL|LayerSkip|AR,6b91cd4064c6764d95cae24adc3f7552bde033b7cfcc40daf275a5d3e26f04a9
stream2,1498,gsm8k,371,full,APRIL|AR|DEL|LayerSkip,82a5ced3a9d628285653940f8f8b02bbcabe57e95be4a8044a51e98a7cae53a4
stream2,1499,gsm8k,372,full,AR|LayerSkip|APRIL|DEL,fa819ea80fce821ad88c05fc8de495d1cb606568231e3afd58838d448136b2c6
stream2,1500,gsm8k,373,full,LayerSkip|DEL|AR|APRIL,c85c2666275437a4d17263b202683d5010b6198f84bdcdb1f397c84e9de5aab3
stream2,1501,gsm8k,374,full,DEL|APRIL|LayerSkip|AR,5501c9777c68b024a7c979464c3b7c6617ec19cfad27e073351cb05b40411b35
stream2,1502,gsm8k,375,full,APRIL|AR|DEL|LayerSkip,83e48567f3ea33a27455c12d4bf87623cc118141ded706ecf876348f1eca7fc5
stream2,1503,gsm8k,376,full,AR|LayerSkip|APRIL|DEL,67ba412ede7ef00ecffea1830e736bee62eaa7b77957a151dbbd2c02d44042d4
stream2,1504,gsm8k,377,full,LayerSkip|DEL|AR|APRIL,1008a02a840f6951f1584ca0bea864d64430614961ef1f2ee2293abf67323e1b
stream2,1505,gsm8k,378,full,DEL|APRIL|LayerSkip|AR,5babdb2582be6bb8444b291c092bb72fc0cf7b63bc65bc814748f4ee2e144f3d
stream2,1506,gsm8k,379,full,APRIL|AR|DEL|LayerSkip,4718cc53be26567315fee293b52f1eb8099dbed0426b060d85c3e77e19585053
stream2,1507,gsm8k,380,full,AR|LayerSkip|APRIL|DEL,aefb2b8587a64db9a30c16e5ecbf8986fdc390a7c591559bcde3878c71660a61
stream2,1508,gsm8k,381,full,LayerSkip|DEL|AR|APRIL,2dbea6edf238bf1822cbbe60aad7f1cfb3a9a3c7a982e9142a23bdfc2a45e10c
stream2,1509,gsm8k,382,full,DEL|APRIL|LayerSkip|AR,362bc2ff03b74c83bb27b55610973fee5f24d07f922e1f7a066e40ef1096e57b
stream2,1510,gsm8k,383,full,APRIL|AR|DEL|LayerSkip,c7f6202fbd6f75ffd87db8f0b4cf893e91528e8060cf05a80a657a8b398d2d25
stream2,1511,gsm8k,384,full,AR|LayerSkip|APRIL|DEL,a90fe3f571f2d29478a153e380ffe91c4ac19cc144d3b66dd672779cb1cf0572
stream2,1512,gsm8k,385,full,LayerSkip|DEL|AR|APRIL,f6280e120d35715848b9921b9b2a7fd1b723947ed640816f32663c0ac0cd09d6
stream2,1513,gsm8k,386,full,DEL|APRIL|LayerSkip|AR,ad30e78e46242c516361cabe0ead1aa05cb3631d959a2004ba8750f60b76dc5d
stream2,1514,gsm8k,387,full,APRIL|AR|DEL|LayerSkip,6643853e41afcfe38a1fe6e040f6d9588be9ceb471e87b0ad399aa7244635c6c
stream2,1515,gsm8k,388,full,AR|LayerSkip|APRIL|DEL,58b5d2a309fdad91497e79661552ae661a7ad84915828fb8e2a896b91560fd94
stream2,1516,gsm8k,389,full,LayerSkip|DEL|AR|APRIL,0d0e0bb3c12e9d648eec3ee3edcf166676ee36adef9776d45be0f34414703e59
stream2,1517,gsm8k,390,full,DEL|APRIL|LayerSkip|AR,40b40c57b012a7e43584ed99251127ed743abde27aff37b67e43daf214aa19e8
stream2,1518,gsm8k,391,full,APRIL|AR|DEL|LayerSkip,5270bb355b1b35274c5aea1e35766a58c3a2d24a6623ff4358c4ea86d2c9bcba
stream2,1519,gsm8k,392,full,AR|LayerSkip|APRIL|DEL,9098fd2ac4af7eb011f84a5d631bbf9b24a6aea334973db5f2aea30db07badb2
stream2,1520,gsm8k,393,full,LayerSkip|DEL|AR|APRIL,335c099c957697333449543f81ac4061f97b784c045f0e2042f8e12d8e28866f
stream2,1521,gsm8k,394,full,DEL|APRIL|LayerSkip|AR,88b7f42d6ee13c4de5cf3b09a59eb0ba264c03c1061c2e0fb772d823bda71c36
stream2,1522,gsm8k,395,full,APRIL|AR|DEL|LayerSkip,1ed0657cc32d11dce1095ddb31df29a40e36ee70e612d6db4d3ac07aa51011bd
stream2,1523,gsm8k,396,full,AR|LayerSkip|APRIL|DEL,20552eb13dec75037d9abda7f51b6f1118056ac79092ba169f4b588014246ccc
stream2,1524,gsm8k,397,full,LayerSkip|DEL|AR|APRIL,d9487a35f18a4bcfb42b5e338894e05b5f885ad3580712da14fa1e7240d32f5a
stream2,1525,gsm8k,398,full,DEL|APRIL|LayerSkip|AR,013fee5c4690924134984fecf3b5ca324b8fa9f7927a76eda9585054230e0fe1
stream2,1526,gsm8k,399,full,APRIL|AR|DEL|LayerSkip,71f417532d7575a1703a935343eaeb775d5f77799f8584374686be64b18f2b6a
stream2,1527,gsm8k,400,full,AR|LayerSkip|APRIL|DEL,9ad39bc35adf6de49f7e7fcee5b6c3ecd56f59f8db1ede8c08bfbe86c2b61031
stream2,1528,gsm8k,401,full,LayerSkip|DEL|AR|APRIL,b1f31b74678bea1dbcce7b92a436615aa6e8976e76de7ff4add4664adb5a771b
stream2,1529,gsm8k,402,full,DEL|APRIL|LayerSkip|AR,73164d3339d36f32ed5e29d86eecda406535265b1707f2d786ed5dd467de281e
stream2,1530,gsm8k,403,full,APRIL|AR|DEL|LayerSkip,4252e312eead12cafe9029057384ddfbe499915b516d119d8fb4ea5700f0c4fd
stream2,1531,gsm8k,404,full,AR|LayerSkip|APRIL|DEL,313d892e38c0d20bab6a459af55f9bfeb7af19b5668faa74144d0ef553814861
stream2,1532,gsm8k,405,full,LayerSkip|DEL|AR|APRIL,df21dc580f1d580abd60aa86ddddf54de25a0f33fd8dd5a2f36cf1f821393451
stream2,1533,gsm8k,406,full,DEL|APRIL|LayerSkip|AR,e1b964d9d694c651a7dc699696f9fee49176ac9422a9f322a5b658f4e145b8e6
stream2,1534,gsm8k,407,full,APRIL|AR|DEL|LayerSkip,e86d9899d648d23e05d8e5ebdcab6e190b36ba8c9bc5afd85b0ffa6320771b2a
stream2,1535,gsm8k,408,full,AR|LayerSkip|APRIL|DEL,24e04011bad2b1de0788db78f7b2d918587bdacdc720d7ec654b1069c28df0c3
stream2,1536,gsm8k,409,full,LayerSkip|DEL|AR|APRIL,7ae7c6c68fc49e5a5fc73ed84b70ca6a5a81bab1702ffad218394dd9bf260732
stream2,1537,gsm8k,410,full,DEL|APRIL|LayerSkip|AR,196cd098630dff6f996424ad89361283b5ffcec46dc89a1d9fc1ef5e3925bcf8
stream2,1538,gsm8k,411,full,APRIL|AR|DEL|LayerSkip,a6251c1c04958dfe47546082ad25aca31eb5ac7dbdb58ca052ae532d8ed63f4a
stream2,1539,gsm8k,412,full,AR|LayerSkip|APRIL|DEL,1b95d0161c5dbb51fbc223884f6f6172a9687ba58a850f605635e729e82d1238
stream2,1540,gsm8k,413,full,LayerSkip|DEL|AR|APRIL,c5b4b38a70ed7cbcd82a9215789f0dddba50ec241d9ab0b8fad41969bbf6fbf6
stream2,1541,gsm8k,414,full,DEL|APRIL|LayerSkip|AR,24e5de134f39faa843fac17d48013b0345ce53be81873da0f9db455cff49394d
stream2,1542,gsm8k,415,full,APRIL|AR|DEL|LayerSkip,0c9b8a3f56c6215077f2bbdb54564edf72b35a1d9621323dc0b95ef711ab4a75
stream2,1543,gsm8k,416,full,AR|LayerSkip|APRIL|DEL,b23c29bdb48e3bb707ffc16d33fa7f0bfe02252d6a1061c933b5fc6499f99132
stream2,1544,gsm8k,417,full,LayerSkip|DEL|AR|APRIL,ef17f803ae68696158f2edc287fd5fe3faddd46420bb7486a7838814758f5e96
stream2,1545,gsm8k,418,full,DEL|APRIL|LayerSkip|AR,a71f27724b9732642f398abe54316160c3f8b7f2532cde21d151080233ebc6c0
stream2,1546,gsm8k,419,full,APRIL|AR|DEL|LayerSkip,8d681baaa15dd7332fd4ea42c41dbf1f8f957aec9dd27f03138a623b3c592259
stream2,1547,gsm8k,420,full,AR|LayerSkip|APRIL|DEL,2eba3c68f368db6c2baa7e72d958f01ffbd1abaef209ae3309dfe4e11fc4d396
stream2,1548,gsm8k,421,full,LayerSkip|DEL|AR|APRIL,f68eb057dd951f375ce17a29bfd86b84fe3d8aa1733b5ad8eae9f954386e9e6f
stream2,1549,gsm8k,422,full,DEL|APRIL|LayerSkip|AR,31bc90569afd8fe73f4abb133d91f5bb691f2351d1047631849a50071e071bd3
stream2,1550,gsm8k,423,full,APRIL|AR|DEL|LayerSkip,f35ab8f25d83c58089d5a81d85d8d67aa262a2a058ed4bf7c4dda043c405f40b
stream2,1551,gsm8k,424,full,AR|LayerSkip|APRIL|DEL,23b7a568eaabaf204c2c82fa4f918235faabd0b400127104b1000dcab79d6ea0
stream2,1552,gsm8k,425,full,LayerSkip|DEL|AR|APRIL,e5fc4c6d38695c6b425880d0870c730c3d200e899edd20bc6c600c34165c73d3
stream2,1553,gsm8k,426,full,DEL|APRIL|LayerSkip|AR,70e45640e0941103d5b912f82c0295f0caf6b9bf85ae79adc80d7605c3e778d5
stream2,1554,gsm8k,427,full,APRIL|AR|DEL|LayerSkip,324fbb34f7b64d2b99f58c8e1b39b5aec2e11a7eaa595526e3014628e15ea5e6
stream2,1555,gsm8k,428,full,AR|LayerSkip|APRIL|DEL,6a9f778e5b0320c1ea14142eef0cee9f3b7d53fd7e82d5d2ccd9ba65956cbcb2
stream2,1556,gsm8k,429,full,LayerSkip|DEL|AR|APRIL,20392093c31f787ff60c59909f91fab0a4a2387f3cd5c0ff46582987be69ac07
stream2,1557,gsm8k,430,full,DEL|APRIL|LayerSkip|AR,b01bea4b8019b95ccbcd702b099e6583aba964993d2ca95eb8b813f583e17378
stream2,1558,gsm8k,431,full,APRIL|AR|DEL|LayerSkip,c0aa3b519151b89b03c0e886f26eed468c1bab3158b8a7ac94e9695bc358e84f
stream2,1559,gsm8k,432,full,AR|LayerSkip|APRIL|DEL,210fb36d0ff52a0c53349857c01590047a9532cf8a2b31be3fefe0fd26243a05
stream2,1560,gsm8k,433,full,LayerSkip|DEL|AR|APRIL,003987a240f3daaca76bf5ce65e587bb39b396c6d4b9bb3701c696b40ebc5d18
stream2,1561,gsm8k,434,full,DEL|APRIL|LayerSkip|AR,8f55280baa3aaa7fab4b0f7ef4eb4b29e2efe90eb9f7e0378479e9c3f09653b0
stream2,1562,gsm8k,435,full,APRIL|AR|DEL|LayerSkip,4db3d302b1e423365b219f20f08b2a1e679a971454a0c74b59570620ef02fc7d
stream2,1563,gsm8k,436,full,AR|LayerSkip|APRIL|DEL,2a802571dffb8fe9edda41101a569c70a9e04ec3d4d653081ef2c56643ff4c8e
stream2,1564,gsm8k,437,full,LayerSkip|DEL|AR|APRIL,1424d9cdd669cc28123d0698e6a9c214be1a0350f2187907987f30ca8aedd9d5
stream2,1565,gsm8k,438,full,DEL|APRIL|LayerSkip|AR,0136c8d4a2c3763ac1ec194aff93c98bc4720c0dcc143deb3c16290bcb1a777d
stream2,1566,gsm8k,439,full,APRIL|AR|DEL|LayerSkip,6f826137d13218fc98d18527135df1da1e33750f94757bfe06ca19d624898805
stream2,1567,gsm8k,440,full,AR|LayerSkip|APRIL|DEL,fc10e863cf6d8abbce1d92cad61441668c306f12f573a9a2ecfb04a6e191a970
stream2,1568,gsm8k,441,full,LayerSkip|DEL|AR|APRIL,9eba4d03d5b2b6694e2632e9a54a83bcc9691c2a98d0a643e7119acf26c1d890
stream2,1569,gsm8k,442,full,DEL|APRIL|LayerSkip|AR,2c1a4496150b6e3299d55d905d46be585fc40635dbcff963f80c1e90bdef0bc9
stream2,1570,gsm8k,443,full,APRIL|AR|DEL|LayerSkip,164dc0d25fe2006d31d0f4e9075148fd64ef865f5e0492f037d2db8c3a1cf102
stream2,1571,gsm8k,444,full,AR|LayerSkip|APRIL|DEL,3afa983caa2a10b6e40fafd790496e3e63886d8563a3643863845edbcd7ed850
stream2,1572,gsm8k,445,full,LayerSkip|DEL|AR|APRIL,46f541773c584b0bdddbaa5264b02ef86f4b02e579921b78c9686a9c70a250b7
stream2,1573,gsm8k,446,full,DEL|APRIL|LayerSkip|AR,ec46cce28cc772dc22f8c6534c1f439acd027c299218d8b4937769bdf0210b0c
stream2,1574,gsm8k,447,full,APRIL|AR|DEL|LayerSkip,98ad6cb5fba419e7bd6eb01041b29060c677209a3a283d205b7a1f0aeb4f77a1
stream2,1575,gsm8k,448,full,AR|LayerSkip|APRIL|DEL,1fa0a7e0020ac215bdbee889a996343390e628fdec96fc8608ad5477799ff431
stream2,1576,gsm8k,449,full,LayerSkip|DEL|AR|APRIL,b1152ec253ed35f25abb3f1c590c26edfd4a314e11b4805aa94574706ab63d32
stream2,1577,gsm8k,450,full,DEL|APRIL|LayerSkip|AR,6492ee770dc7cc3c66d0573151edfafdf054146827ae7d27dbc947e3dbd55529
stream2,1578,gsm8k,451,full,APRIL|AR|DEL|LayerSkip,9d56e8e84cda9219c5695ba7508bc5e747813a15ea8f98978c972f92dbffc679
stream2,1579,gsm8k,452,full,AR|LayerSkip|APRIL|DEL,336ec58ab87a1128c12a645c6d9c6fa03fb053441f65067a473817a1ea2d2e50
stream2,1580,gsm8k,453,full,LayerSkip|DEL|AR|APRIL,766e586a9550ea7071b6599f66883216eacccfd090725f6258f3cdb7d1bcf2e3
stream2,1581,gsm8k,454,full,DEL|APRIL|LayerSkip|AR,9f650d236052b89b0c187e9f37684c257247303dbce1d38622213351d2a44223
stream2,1582,gsm8k,455,full,APRIL|AR|DEL|LayerSkip,2cdd919e3376d9e4eb14f7dafed72ec6b77c16e35bac2abc9a13054a531f9bd0
stream2,1583,gsm8k,456,full,AR|LayerSkip|APRIL|DEL,2381df62c35c31e0f83c6c516fdcd02429d8ae5fbaa320143788c3aac7e1105f
stream2,1584,gsm8k,457,full,LayerSkip|DEL|AR|APRIL,697436e45f6dbd509d050e94bbb444d90bb7feba354ce8b116b08bf7e959f0df
stream2,1585,gsm8k,458,full,DEL|APRIL|LayerSkip|AR,c9d0382de5ab2d50fdaf7f6687682da973e013f14c8a9440a6fea4ed1b18959c
stream2,1586,gsm8k,459,full,APRIL|AR|DEL|LayerSkip,a0572884af8db3141b306db34141a4e84137ec22ae919b7a1dc5ac3cdb350080
stream2,1587,gsm8k,460,full,AR|LayerSkip|APRIL|DEL,1bc78c05963d4554de57b46100b5edee67c7ab7d7cdbbbaa62926988e4f96e9c
stream2,1588,gsm8k,461,full,LayerSkip|DEL|AR|APRIL,e9f50377a72d4023581b02b54d462c75b5536716245c693e18a3635d8c7e1730
stream2,1589,gsm8k,462,full,DEL|APRIL|LayerSkip|AR,a8818af3c56ddea251d0ea87bc34fd9a5216dc798ba40b74d872d2b92f50db97
stream2,1590,gsm8k,463,full,APRIL|AR|DEL|LayerSkip,92e2bc22ed5a0244d024e7ca56deccc2a5daded0b9f882c528e1349dbf965c9e
stream2,1591,gsm8k,464,full,AR|LayerSkip|APRIL|DEL,2b400e02250d610075f1bd4e1dba34c004ee7c594af4b351fccc07fbef3059f1
stream2,1592,gsm8k,465,full,LayerSkip|DEL|AR|APRIL,b6b119aaacde8b2704785d4398a009f2907fbe3fa6fea6960de11e873bc94872
stream2,1593,gsm8k,466,full,DEL|APRIL|LayerSkip|AR,9a78ccea2ce2034727845bdf358a3a6f7df1a1b26824ca9d88da417e709126e2
stream2,1594,gsm8k,467,full,APRIL|AR|DEL|LayerSkip,96945e263f9849df318794225c5cc6332f562916c0332ee99e2ed5b8cc9ca487
stream2,1595,gsm8k,468,full,AR|LayerSkip|APRIL|DEL,429647e5df868794fdbbe0f8a66723334c22d9092072f4edae356c7e967bed79
stream2,1596,gsm8k,469,full,LayerSkip|DEL|AR|APRIL,3d11a016b2134a755ed72ec6c53b1d167ac017bdf34b6daac1849356e01e86f4
stream2,1597,gsm8k,470,full,DEL|APRIL|LayerSkip|AR,8252f67212723d59928e17e160540f6ab946ed1b066e143bfa3633edd37efaab
stream2,1598,gsm8k,471,full,APRIL|AR|DEL|LayerSkip,bab53c8e529ee5040cba2c4136fcd169c694dc59aa7a155e2e5391933e28bf2e
stream2,1599,gsm8k,472,full,AR|LayerSkip|APRIL|DEL,95309cbaeeffe7c5997e87c0e8afa4576ec7136ba578e069d9328b84863472de
stream2,1600,gsm8k,473,full,LayerSkip|DEL|AR|APRIL,eab812b0c4c6b1cbfc590375ad443d0e688caa82eddfbfa7cec3b7b85d6bf75e
stream2,1601,gsm8k,474,full,DEL|APRIL|LayerSkip|AR,cfa1f2fe612f32d68a421cb893bded4278971ba08c7fb35dec78906eba668146
stream2,1602,gsm8k,475,full,APRIL|AR|DEL|LayerSkip,bb1af1d47881ebc1955c5e18c2d3cffb689c96772191c289831be7d977bed346
stream2,1603,gsm8k,476,full,AR|LayerSkip|APRIL|DEL,1929e4dbfde52600d3820a0db7e397ff3d00796b71837764e14d2a5fc6b5a9a8
stream2,1604,gsm8k,477,full,LayerSkip|DEL|AR|APRIL,89986f6a5768a8da003f4219c0ffed1ce3ef9db54aed416e32997c44bfce3cfa
stream2,1605,gsm8k,478,full,DEL|APRIL|LayerSkip|AR,910d7997c0c96516613b6700f0da1f488c09e04065176d6e363b3f0a496ad1e3
stream2,1606,gsm8k,479,full,APRIL|AR|DEL|LayerSkip,28895602bd1a772b833d67a540ba958c379afbff169b0d32bd45e4a13bc1a5a3
stream2,1607,gsm8k,480,full,AR|LayerSkip|APRIL|DEL,5557cbfe7ac39e5abd686bca3f45287c3c278590fd5e945c82ffaf95dbdb76b9
stream2,1608,gsm8k,481,full,LayerSkip|DEL|AR|APRIL,25dd99cc174cd8f48bbab0c7b85d5ab4354061a59f2f7c64fbd792258af1308c
stream2,1609,gsm8k,482,full,DEL|APRIL|LayerSkip|AR,793ea1b7daefc53c947c4a1bacf0728c5419c46fd97075dad3bc812f7d72a2c2
stream2,1610,gsm8k,483,full,APRIL|AR|DEL|LayerSkip,b001bdc6bca645f00465fb34761d0216666271bbb291f0f43e22341532cf061c
stream2,1611,gsm8k,484,full,AR|LayerSkip|APRIL|DEL,36b95c4f5d2b2532e3edc02c5018e7fdb492bf1fbc3ddf2a97c31fca62471a61
stream2,1612,gsm8k,485,full,LayerSkip|DEL|AR|APRIL,5c53df1fe1a68bb3cdd630b709e1a1d203286c19e1a5a07ea3115da7d6ace184
stream2,1613,gsm8k,486,full,DEL|APRIL|LayerSkip|AR,55c73acbfbbece4d434dfcb7f79753ae350bdbe4a7f94baf7a27417aa06282f7
stream2,1614,gsm8k,487,full,APRIL|AR|DEL|LayerSkip,bd461245109a735cf216ef6d6c92166c64c1722c8e272ad3e96b7b22b53944bf
stream2,1615,gsm8k,488,full,AR|LayerSkip|APRIL|DEL,2c4405cdbedb58978cb46255980f9a5ccb94257e824a42de4a9839db79d4bd05
stream2,1616,gsm8k,489,full,LayerSkip|DEL|AR|APRIL,d9295cfbdb253cda7e41971b799a535f2efc011922ea37c9070bb2a7ada2c3a9
stream2,1617,gsm8k,490,full,DEL|APRIL|LayerSkip|AR,4d619071ce246bb7edac84c6679e767098c23468b0fc61759ca9b071032b1531
stream2,1618,gsm8k,491,full,APRIL|AR|DEL|LayerSkip,c5b2af2446849001439885217bd2c2f93ac36e9b26f9843b1dbb9214a6e8bf48
stream2,1619,gsm8k,492,full,AR|LayerSkip|APRIL|DEL,413bb7b4ecb8973ba0911109926721258aa422c4e1be5f549f38be91d681ce4c
stream2,1620,gsm8k,493,full,LayerSkip|DEL|AR|APRIL,9f5f22b98ec027db978731a503268ed44ff20f802ac82381c5d6c4b4398ffa7e
stream2,1621,gsm8k,494,full,DEL|APRIL|LayerSkip|AR,f400a3eed1b61912d625bbc2effe0b12ee63dfd58eb37d324782174cf61d88c4
stream2,1622,gsm8k,495,full,APRIL|AR|DEL|LayerSkip,e2a1ec046225c5cb004a4c663cfd5afa8db482464fb1f6145e6adb278054460b
stream2,1623,gsm8k,496,full,AR|LayerSkip|APRIL|DEL,42038fac328247e9f3711ab3c28e3eb1e6a59d3a38515685258981ac26c76eac
stream2,1624,gsm8k,497,full,LayerSkip|DEL|AR|APRIL,d08ce34326815b3ffa9a26bb37ebcbf47507ea140d2f1458fc87e7933d6a6f0b
stream2,1625,gsm8k,498,full,DEL|APRIL|LayerSkip|AR,a0a2bb905a7726a5f9223cfc3bb05d727637beff8f81288cc86d919d00ca5108
stream2,1626,gsm8k,499,full,APRIL|AR|DEL|LayerSkip,90165f38322dd5600a58fca07e1b51913b823fc0f2b8867aa180f13f9540fba8
stream2,1627,gsm8k,500,full,AR|LayerSkip|APRIL|DEL,25cb432a77834ea5c2010a1f847b042d3202ec72e661e864a90ea9d47e3ea6e1
stream2,1628,gsm8k,501,full,LayerSkip|DEL|AR|APRIL,b2292d529b1ca73b31cab9c3d6f2982ac356e87425214195f0ad4547d4e32083
stream2,1629,gsm8k,502,full,DEL|APRIL|LayerSkip|AR,328800ac84d892d3c1aaf5ff6c2ebb80c3844954619a3f4ed6e0091a6ef0a4e4
stream2,1630,gsm8k,503,full,APRIL|AR|DEL|LayerSkip,5f62a18280b9ad0b502e34cee9d5e70481db2599e648d3bf59a6fba1a39c41c3
stream2,1631,gsm8k,504,full,AR|LayerSkip|APRIL|DEL,d7b52bd86d630685999644cd96fd5cf148bc96118f833c1d85de092ddbc9e360
stream2,1632,gsm8k,505,full,LayerSkip|DEL|AR|APRIL,6ef9c7dac15ce98349c6551d10d3e69f5dae65acff2155a84063ba949d0f73bc
stream2,1633,gsm8k,506,full,DEL|APRIL|LayerSkip|AR,b45fa0f0af5143150a17c6c346a93a59e172c443d0d4a6e596627986ad0cbf7b
stream2,1634,gsm8k,507,full,APRIL|AR|DEL|LayerSkip,9cded12d43b7316da3a0e5eff15f89341ed234193cbec983ae7cc3c0c0aca04d
stream2,1635,gsm8k,508,full,AR|LayerSkip|APRIL|DEL,51a0fbae503a0d56a0b129f0a99cdc06d9be64f5e9445841caf57b2be503999f
stream2,1636,gsm8k,509,full,LayerSkip|DEL|AR|APRIL,c3cd54ed9791484a20032afc3d7e679b72c62b3a2792a473c9fccac7d42b1be1
stream2,1637,gsm8k,510,full,DEL|APRIL|LayerSkip|AR,99f3771f674ad3ff04d7e17089f584b4fa4bea6137296a7ed220f6be22970dd0
stream2,1638,gsm8k,511,full,APRIL|AR|DEL|LayerSkip,35a4f77a3036c1d1b86ccd4f3de9366018e26911a3e05059e56207c59b60a465
stream2,1639,gsm8k,512,full,AR|LayerSkip|APRIL|DEL,52badc9aabdef5f88870eb201aaf60f972a7e9fb3bf08899667b2fee9f6859f7
stream2,1640,gsm8k,513,full,LayerSkip|DEL|AR|APRIL,bc409a920237462f48ca2ab0ed1f54ba2c809dbafeedd7c3c98c31a2e475d181
stream2,1641,gsm8k,514,full,DEL|APRIL|LayerSkip|AR,21514557edadc0e3ef392b941869fbb5eddb43d91dc19d3a31a0fc28808963ef
stream2,1642,gsm8k,515,full,APRIL|AR|DEL|LayerSkip,207534f2ed0a681794e0e1481b9dcd6c9b24f97fcffff026fa3280f3605f774a
stream2,1643,gsm8k,516,full,AR|LayerSkip|APRIL|DEL,f78ce441d436dac7d1264edd7c5ab19f069e93b918d2726562e5745012b19f9d
stream2,1644,gsm8k,517,full,LayerSkip|DEL|AR|APRIL,5b7b9766a2d805823c320f72cd503627a578a32474ecde33a3fc1c091d338a3c
stream2,1645,gsm8k,518,full,DEL|APRIL|LayerSkip|AR,eff67b992cb7956a1f7f96a1f3f56e693dd7d99fe221e3cbcd4d383b8250891a
stream2,1646,gsm8k,519,full,APRIL|AR|DEL|LayerSkip,0d61d0a0341f0b54ae053ff29f7bbfec24063e0ce543e0578297c863e95f207e
stream2,1647,gsm8k,520,full,AR|LayerSkip|APRIL|DEL,920480f0a8859af1b661f73854cad1112c5c14e7229a22e6b1490233d49a505f
stream2,1648,gsm8k,521,full,LayerSkip|DEL|AR|APRIL,755f190bc8d4f0cff953ed61c5bbc700ec74785de3a36d4614c0201e5752c23b
stream2,1649,gsm8k,522,full,DEL|APRIL|LayerSkip|AR,f69c8a69267a302584d4a7b7ad8a184842e418d54c43b58a14a9e19593c7a083
stream2,1650,gsm8k,523,full,APRIL|AR|DEL|LayerSkip,386f98b01ddf9ad907b0f130bdce55793bc6f394829200af91b56bdd19842cb6
stream2,1651,gsm8k,524,full,AR|LayerSkip|APRIL|DEL,87e04b6a0f553d926f0a0d5641b9ff31f0b7f1a3062d0f265e8f7b1413d0226f
stream2,1652,gsm8k,525,full,LayerSkip|DEL|AR|APRIL,359d2334f323ac0a15f67834376ca490badc6d03ec00eb9cc269c5845028c1f6
stream2,1653,gsm8k,526,full,DEL|APRIL|LayerSkip|AR,823809f1878a227223d69534378dfdf750c0048084bebee5a5b903b97e6f124e
stream2,1654,gsm8k,527,full,APRIL|AR|DEL|LayerSkip,dae07306c5a1d93231b1a01d2c070ee16738b497c1f85603dcb58f319a8685fa
stream2,1655,gsm8k,528,full,AR|LayerSkip|APRIL|DEL,a235d9c16b2fc7519a268c7b28129ccd17f01283d685d39843028297cd39bb52
stream2,1656,gsm8k,529,full,LayerSkip|DEL|AR|APRIL,b5748f371d9bb4cb7e0e1e5f659fd7ca13ce554bea37c36559a7f48202e59718
stream2,1657,gsm8k,530,full,DEL|APRIL|LayerSkip|AR,d9076390230c5b369c119382983c9f83648f3ccce9b570e69bf558fce660f54a
stream2,1658,gsm8k,531,full,APRIL|AR|DEL|LayerSkip,dadb144e7a32a3c3192bf7382edaf0b0d335247ef5fdefe0c4d08044b38de8ad
stream2,1659,gsm8k,532,full,AR|LayerSkip|APRIL|DEL,22be56c5abd6ee011c95397e7e53e587d1408b067e5bbccbd371a8a746c0f2e8
stream2,1660,gsm8k,533,full,LayerSkip|DEL|AR|APRIL,5c6d3a129c92b2246dd08af6ca4b1f9d7756426e10a112f96d61f220016044f3
stream2,1661,gsm8k,534,full,DEL|APRIL|LayerSkip|AR,6092190b2c619db01d7c11443f135474ef3e16efa8a68a211ab9c3c51f017473
stream2,1662,gsm8k,535,full,APRIL|AR|DEL|LayerSkip,48fad9c878732d8366121fce406d504fc844da2e3ecca4988cea2ed6ef73eb53
stream2,1663,gsm8k,536,full,AR|LayerSkip|APRIL|DEL,2e463af45cfee2fc4dc2a548aa582f97b00fe33a282ce2aa74a896c56d583d99
stream2,1664,gsm8k,537,full,LayerSkip|DEL|AR|APRIL,45296fffa09558f324632d69df80fa32273904969dcbfd740a6e8cd010f57447
stream2,1665,gsm8k,538,full,DEL|APRIL|LayerSkip|AR,aefac84861e650b195b310b350094cc8255889017f2be9bc5786b247b30d8a57
stream2,1666,gsm8k,539,full,APRIL|AR|DEL|LayerSkip,d120d1651b8daf72ab9addf8e317ee78acb2df2c9cad6343d0c24fede30209e3
stream2,1667,gsm8k,540,full,AR|LayerSkip|APRIL|DEL,47eae3e95ad733a8e53c01b7d7f38899a5e679e8960cb68968a685416e54b3d5
stream2,1668,gsm8k,541,full,LayerSkip|DEL|AR|APRIL,e1e5d92a6aff473911487c0ff6d5b42e9327621527461d3ca41d7e4ea1c5b465
stream2,1669,gsm8k,542,full,DEL|APRIL|LayerSkip|AR,7906c7e93c9aab6868f869565ab0e07cb866fb70cc13fece6e466850f94ca54e
stream2,1670,gsm8k,543,full,APRIL|AR|DEL|LayerSkip,7712937556af6fdff4ef6b649e853c55fa988e8a80edaa43b669f44a2944c9ff
stream2,1671,gsm8k,544,full,AR|LayerSkip|APRIL|DEL,8ab7a03b65df833e724ebc39da20419079f6d3ccef849b19ca7cf57378b55818
stream2,1672,gsm8k,545,full,LayerSkip|DEL|AR|APRIL,4702205b6555a5ffbded9df202296b71d1d2a0aa20453c5b9442024e998486c5
stream2,1673,gsm8k,546,full,DEL|APRIL|LayerSkip|AR,49e55525396c217d629ee6324e113d0c0c429b14b468642a89b09f6541673301
stream2,1674,gsm8k,547,full,APRIL|AR|DEL|LayerSkip,e66ebb665a270324001c99cd1dea8dffe3b500816d3bfe8db361a7aab64b8a5f
stream2,1675,gsm8k,548,full,AR|LayerSkip|APRIL|DEL,39db75afaeb5d8f2a73c4b74e390f5ebf66116d1e78f61224cb16414a0661892
stream2,1676,gsm8k,549,full,LayerSkip|DEL|AR|APRIL,6c3ba72688d7edc5e7aff688e2ebde6083c08e88e56d5b8291a5bcc5f22ab8c3
stream2,1677,gsm8k,550,full,DEL|APRIL|LayerSkip|AR,c943a49b91a910499f7c8b56e089dad9531b1421cd92f27aa9bcfd960c5081ac
stream2,1678,gsm8k,551,full,APRIL|AR|DEL|LayerSkip,294ef35aca8c74f1ae9d4d91ebff475c7067b325e41275d9d6b59c73a2b5eea8
stream2,1679,gsm8k,552,full,AR|LayerSkip|APRIL|DEL,69630eefd52d3c0d37cef3e30ee2cb74c7d8cc0daff2d9a869a4bcb15b929093
stream2,1680,gsm8k,553,full,LayerSkip|DEL|AR|APRIL,8e97182c62fefa8e919970f422e552fee1383e233867c41fc920421151bd5827
stream2,1681,gsm8k,554,full,DEL|APRIL|LayerSkip|AR,7b807002ed3eca59e18c7cc6f07cff37b84a8efce83fa83da2b88bbb0809ba2f
stream2,1682,gsm8k,555,full,APRIL|AR|DEL|LayerSkip,618e87f8f26327859c088ffcbffd5f83977b0c2ed35a5a68579aa2556e136444
stream2,1683,gsm8k,556,full,AR|LayerSkip|APRIL|DEL,6233e69291217b1946c642d2f620d3a75f86486a5789f8096b2cd8c874172943
stream2,1684,gsm8k,557,full,LayerSkip|DEL|AR|APRIL,99c740201b4fddbd2c8f640a3d40319286b5465de324b336a12f6c18c04f8b29
stream2,1685,gsm8k,558,full,DEL|APRIL|LayerSkip|AR,8c47e556b2623f64e0d9ced3c41bdd01463a9c7589d3802778dd2d8b7e19465e
stream2,1686,gsm8k,559,full,APRIL|AR|DEL|LayerSkip,2e0d724afdb38eeb0e0adf0ca3dbf4027e0daeb4082028488e20cd8482425d18
stream2,1687,gsm8k,560,full,AR|LayerSkip|APRIL|DEL,aaf63861604136cb061d7f6638586035f66a99413e54e6c9459eb58c99eafcf2
stream2,1688,gsm8k,561,full,LayerSkip|DEL|AR|APRIL,a52318788231f4a1bad48bb986873109616f6e2d8d383b214d93b44dd6a92fce
stream2,1689,gsm8k,562,full,DEL|APRIL|LayerSkip|AR,a369fbd6e162ae8aaa19093457c2d99b2d1a60495fcdd280bff177c81f255024
stream2,1690,gsm8k,563,full,APRIL|AR|DEL|LayerSkip,a7c9ff7158c18fc49873a58593fb3f585bda1178d2551d4bd7a9db1414d0b4e4
stream2,1691,gsm8k,564,full,AR|LayerSkip|APRIL|DEL,73048605bf07cb49d003099f17357fc7432c071802e9b10211019b45cbd03129
stream2,1692,gsm8k,565,full,LayerSkip|DEL|AR|APRIL,4ed3d332281b7378be7abfcee4e1cb236059d0360e2078af07e81be14a08dbab
stream2,1693,gsm8k,566,full,DEL|APRIL|LayerSkip|AR,570d116fb2403eb84bb977cb87663b668696cfa9786fc81a6927385528e0eb5e
stream2,1694,gsm8k,567,full,APRIL|AR|DEL|LayerSkip,6e095e393177a4a69e2c134c422b723b2960ffd7cc4aa24ceba9a8f3b96e0f2b
stream2,1695,gsm8k,568,full,AR|LayerSkip|APRIL|DEL,37c351d8d9052db610a2bc90fd96f70a1660af11998401e144d594ca93914335
stream2,1696,gsm8k,569,full,LayerSkip|DEL|AR|APRIL,a2ab2ab155ed569901c120f51861b88d815d697257c74e599cfe86a8bc1031be
stream2,1697,gsm8k,570,full,DEL|APRIL|LayerSkip|AR,4931b3d83de5dacb1389a8ee09d258c5df38abdb043d2b4c29622e0ee2c90889
stream2,1698,gsm8k,571,full,APRIL|AR|DEL|LayerSkip,9c8806087a3820d83a4f2a5bb7d8081834e4066aa5d713487fa2c505dde46cb1
stream2,1699,gsm8k,572,full,AR|LayerSkip|APRIL|DEL,eb191c464c72a9400dcf862e21bee03ff0f4a902f0d6fc47959b5dbe18e1bbcd
stream2,1700,gsm8k,573,full,LayerSkip|DEL|AR|APRIL,65327398fcf9b2f78aa008a0fc581e54c1e122d7db57375f45cc837851172236
stream2,1701,gsm8k,574,full,DEL|APRIL|LayerSkip|AR,92038b7863dc84bfb5b41b225d814cd9314623242ae220939c08f917d1456a76
stream2,1702,gsm8k,575,full,APRIL|AR|DEL|LayerSkip,4ebd49a8154ac5fcdafdb5c60e88e2a091c6d8c2611a835b8b32211e3543514d
stream2,1703,gsm8k,576,full,AR|LayerSkip|APRIL|DEL,ed146e861b444917a6b4e8024b560d6fc4b68f432737c4a6f6ae1e98206520ae
stream2,1704,gsm8k,577,full,LayerSkip|DEL|AR|APRIL,dbcf5d39600015df92f356e051232d3d7110897c9bdb42245ccec59ceacd98ca
stream2,1705,gsm8k,578,full,DEL|APRIL|LayerSkip|AR,21fa4e493df43c8f8da3cd08decacdd353930fdad2bd196c6904ceac4cf117dc
stream2,1706,gsm8k,579,full,APRIL|AR|DEL|LayerSkip,46900251b7b533c0c25be427b36010861d2ab48469ffeb05a4c23bf29dc7ceb0
stream2,1707,gsm8k,580,full,AR|LayerSkip|APRIL|DEL,f106856b97708db9742bc3f3aead041ad335a46e6737ac6b8fa539491e744710
stream2,1708,gsm8k,581,full,LayerSkip|DEL|AR|APRIL,32bb51427195798d7abeeb893b4ed41df69f1b2b628359d59a5c293d9058bc5e
stream2,1709,gsm8k,582,full,DEL|APRIL|LayerSkip|AR,10ca323662b341689881aa927d43408cbfc1a254bce1863e8349643a8dfb711f
stream2,1710,gsm8k,583,full,APRIL|AR|DEL|LayerSkip,041734952b9ef73385ee1121a794232124d683392e9708d5609a3d32b67b9f22
stream2,1711,gsm8k,584,full,AR|LayerSkip|APRIL|DEL,22e53e98c472d0972dcb56f3007162ae73d0b48c5ece6b1a2f2a9e3717030521
stream2,1712,gsm8k,585,full,LayerSkip|DEL|AR|APRIL,75118f8a470965bbdd526fbc010ee8d144a33bdd5f52325fd871fda1d5c7c26a
stream2,1713,gsm8k,586,full,DEL|APRIL|LayerSkip|AR,af1d6c7e0f27e5c832061ee6e07f705c9f062fd55042b8b74dd561684f29f8e9
stream2,1714,gsm8k,587,full,APRIL|AR|DEL|LayerSkip,36535226635e7937adcd1dbf6ab02d8dab6f0643f1bc4c0c2d42a16117182179
stream2,1715,gsm8k,588,full,AR|LayerSkip|APRIL|DEL,22126145431b93096696df156d7e2e595d86d2fbebd2aba54454a7bbce1f4349
stream2,1716,gsm8k,589,full,LayerSkip|DEL|AR|APRIL,c6368927595a5db8f5537e63ff0f2b6328af5510f3c6f81b825f2d066b4d90fe
stream2,1717,gsm8k,590,full,DEL|APRIL|LayerSkip|AR,81cf3f4389b220d1265a6c2b631f840200c1cec735e77e450265bdc47a417522
stream2,1718,gsm8k,591,full,APRIL|AR|DEL|LayerSkip,d868d5933f6de1c9566cae1778da6dc1b14cdd6f03ca1a65a29ae2e28d6a41d0
stream2,1719,gsm8k,592,full,AR|LayerSkip|APRIL|DEL,345206a86a9d101908a3ba923c9525fc7fa523bd08e7dc8ad438f2b119783fd4
stream2,1720,gsm8k,593,full,LayerSkip|DEL|AR|APRIL,cc918897c53907d7d4b95642708e38e66076cdfb2f7eb81a66899ba8c7634cb2
stream2,1721,gsm8k,594,full,DEL|APRIL|LayerSkip|AR,81cc8d203cd77c391ff7eb7967bf4e67cbe7f6b5545ab7e7e5619d4caef01f9c
stream2,1722,gsm8k,595,full,APRIL|AR|DEL|LayerSkip,5a30eaafc787b0eca6391accd557b8af8f2f9627c45c242669fab08e5390065e
stream2,1723,gsm8k,596,full,AR|LayerSkip|APRIL|DEL,a27b37d5be76c096e06f0a9a229fd42bf3e576e7ce85a850a973031a9e53bf0a
stream2,1724,gsm8k,597,full,LayerSkip|DEL|AR|APRIL,3a0e0577850683ff874df482483ffb1c225402156e1c8eaef03c8b441fac516f
stream2,1725,gsm8k,598,full,DEL|APRIL|LayerSkip|AR,e39e103192bef77630a154e4bccc3a44b6aaac28c90b9e0297e31c5c07467e73
stream2,1726,gsm8k,599,full,APRIL|AR|DEL|LayerSkip,cf033632066caf09cf50bfbdf8599d323f5f154a58514b60e0f856e64132cf91
stream2,1727,gsm8k,600,full,AR|LayerSkip|APRIL|DEL,75888947509ab6477f4758d4dbea43ccfe5bc99074e96666e31e60d042e662c7
stream2,1728,gsm8k,601,full,LayerSkip|DEL|AR|APRIL,b1bb85ea2efca54c9be088ec3bb175549053016a3f3ec0671506bdf1ba6dd146
stream2,1729,gsm8k,602,full,DEL|APRIL|LayerSkip|AR,4add34f73d4fd00168761e5688818373733b56d4472aafba3dc95f6608b7efc0
stream2,1730,gsm8k,603,full,APRIL|AR|DEL|LayerSkip,dd9d5e3b8f69439ffe3fd1729e5a1a1f01811651abb98ec65bb9e1f7d3a81335
stream2,1731,gsm8k,604,full,AR|LayerSkip|APRIL|DEL,b3305aef15283b5af7e4ad0d41bb41f62eb1547049d1b191a91cf70844de78b9
stream2,1732,gsm8k,605,full,LayerSkip|DEL|AR|APRIL,3f9854a2808ff12b48bec73cdbfe693135c83737d9ba9d79befe8f1437d869aa
stream2,1733,gsm8k,606,full,DEL|APRIL|LayerSkip|AR,ea7cc20008f581d5073af2eda1743be12184b75b0b9630219cb8d988e931d9e3
stream2,1734,gsm8k,607,full,APRIL|AR|DEL|LayerSkip,276b62f8a93fd6c25d6000423191abe718fcf8f7b04e9a8c33c76b9865469b42
stream2,1735,gsm8k,608,full,AR|LayerSkip|APRIL|DEL,d2c23425c70410cd73a2490d7b74e2d4abf1f45d7b17a7bb6361d5f8e2d23919
stream2,1736,gsm8k,609,full,LayerSkip|DEL|AR|APRIL,21410c9d4f8c10c6cf0fd20f59b5f4635de2e5f9acbf8ef7e134ba0770ba7ce2
stream2,1737,gsm8k,610,full,DEL|APRIL|LayerSkip|AR,32b23deeabe8c6e90a0028bd8d77816b54459660b357590a7433965b0efbb996
stream2,1738,gsm8k,611,full,APRIL|AR|DEL|LayerSkip,3cd9901beb99573cee6686feac1154adb7578722cd57bba39152598c7e646614
stream2,1739,gsm8k,612,full,AR|LayerSkip|APRIL|DEL,9263cc75f28270b99752fcf0ed7880f96e4a2cf3105654a5a534eadbbfc632e2
stream2,1740,gsm8k,613,full,LayerSkip|DEL|AR|APRIL,13c0f990c4904db2ff01ed5ce07006e5857d0f12a5dfc894a5769dde1dfb328e
stream2,1741,gsm8k,614,full,DEL|APRIL|LayerSkip|AR,7b22ca5d201a6b98346c0ad7ba7ee7667f36cd3f6945f592e5c5553326aaf7ad
stream2,1742,gsm8k,615,full,APRIL|AR|DEL|LayerSkip,9be16f436827b12da9e53acb5d5334623d9d5a41e8725793dc9fdd4db902e85c
stream2,1743,gsm8k,616,full,AR|LayerSkip|APRIL|DEL,b9b531139ef2dd457dd78f916b25021336c99d79563ba326357f94678c1eaf36
stream2,1744,gsm8k,617,full,LayerSkip|DEL|AR|APRIL,0ccca75b20857a09f3838a9012c8b26a29bf182bd20c7177ee20fd87df7f9772
stream2,1745,gsm8k,618,full,DEL|APRIL|LayerSkip|AR,16b4a84d31cf5d84129dd28447bc78fd12911d23bbc720d8613649650b91f2d9
stream2,1746,gsm8k,619,full,APRIL|AR|DEL|LayerSkip,ad1a89d6030c3f14b580c36c8b464e2edb94769f92c90ccaf3b8477b9875bf2c
stream2,1747,gsm8k,620,full,AR|LayerSkip|APRIL|DEL,01b95c86b8ba515c6528e64df7ba94718b83b245810ee351c15b2dab065564cd
stream2,1748,gsm8k,621,full,LayerSkip|DEL|AR|APRIL,b8920bba823e097ff46bbf6339eaa55bd7c07f85aa0565eb9840e428052d52d0
stream2,1749,gsm8k,622,full,DEL|APRIL|LayerSkip|AR,4f405e77a2f7ea33e657328315892c27bda72165af258facd4a73a14d06fd5bd
stream2,1750,gsm8k,623,full,APRIL|AR|DEL|LayerSkip,a92b57e9acbb7b550ad19ac9b0b67da81d56e7c79a43072e0f6c88f309f747c3
stream2,1751,gsm8k,624,full,AR|LayerSkip|APRIL|DEL,2887621b44b69f3b363e02ee0f1a92e2e552f4a55ca3cf51885b43091bbc4b90
stream2,1752,gsm8k,625,full,LayerSkip|DEL|AR|APRIL,0458210981650e925e866d9ba14498228880e6eec9a95d08b6058e952a0c0e5b
stream2,1753,gsm8k,626,full,DEL|APRIL|LayerSkip|AR,7d451fe81c83e59818eefbf70e26fcd230fa17fa5290ccb99c3d7410435e2cb8
stream2,1754,gsm8k,627,full,APRIL|AR|DEL|LayerSkip,f85946484f9a72455c6f98cf956831d7a84ead89fb4aff369e9fcbedbbd0bea0
stream2,1755,gsm8k,628,full,AR|LayerSkip|APRIL|DEL,1cb0a83dcaa98ff8426738282c54d5eb774512cca0f552bd5296aa5f1d53a8d5
stream2,1756,gsm8k,629,full,LayerSkip|DEL|AR|APRIL,baea72ec2614c8af401976f476ff15a3c79610a1ae6b7970bb42e73b1d32bfa7
stream2,1757,gsm8k,630,full,DEL|APRIL|LayerSkip|AR,dd68e83d5d93ff772161315a82cc4f7097d79bc2bfc53b785c71bc323da846c0
stream2,1758,gsm8k,631,full,APRIL|AR|DEL|LayerSkip,4257f66e286bff34cd8ae36a7ef1df49d3a62aadbaa6b6508b6e033034d5643b
stream2,1759,gsm8k,632,full,AR|LayerSkip|APRIL|DEL,727aee6a8b9b4411910ee4a7d68a33a510e596e52dd2b3c6ce5505cc6227146f
stream2,1760,gsm8k,633,full,LayerSkip|DEL|AR|APRIL,4dacd6f6aa60dd08f710165b7d00802ac2e86c60476372d0078388af99f3dbd7
stream2,1761,gsm8k,634,full,DEL|APRIL|LayerSkip|AR,2b6b923f2092b28983e5cb7b05d1b2d4f327d70114aad5968bf4916a8edf23e6
stream2,1762,gsm8k,635,full,APRIL|AR|DEL|LayerSkip,1eabb3d85b81ca82056e588f4c05233e058219f0ba1ef5bb4b4b0738463a77f2
stream2,1763,gsm8k,636,full,AR|LayerSkip|APRIL|DEL,d54f85ba0f0c56e2b79063c9699e541c240aea0e94649020b56f90136cafbf34
stream2,1764,gsm8k,637,full,LayerSkip|DEL|AR|APRIL,ad2037ea303b0f72080b1bff18130b1fad8f8fe4c3882aa9dc83449db7282819
stream2,1765,gsm8k,638,full,DEL|APRIL|LayerSkip|AR,2d88417321937a380f6267695f4d1b8f7335687685f36d3e654de7994fcde788
stream2,1766,gsm8k,639,full,APRIL|AR|DEL|LayerSkip,26c70ecb2e8c3fb79ef917beb3abf1cd444cd6e519c0a214ca76f2b0fb6eb6aa
stream2,1767,gsm8k,640,full,AR|LayerSkip|APRIL|DEL,2ceded01e5923504cf627bd6aed52f7c2d932a3f40b877589d4389d8b2201401
stream2,1768,gsm8k,641,full,LayerSkip|DEL|AR|APRIL,61958425a0e9044ab0e63aa8003a80d9b9ce5bf64cd125698574374c74ae4a49
stream2,1769,gsm8k,642,full,DEL|APRIL|LayerSkip|AR,41cbbe9c414524cfa191d8043bff37943a602a57c922e4b5cab9747c4667ce2f
stream2,1770,gsm8k,643,full,APRIL|AR|DEL|LayerSkip,a03600fde34547f0b61a3d384403b7f513a7d19d7bc5c8987e8fb670f41b3249
stream2,1771,gsm8k,644,full,AR|LayerSkip|APRIL|DEL,b91c7bf610b23d8bdc7c308f8aa3c12cb3dfff2ffb55e104c61b10cd4a6c9b03
stream2,1772,gsm8k,645,full,LayerSkip|DEL|AR|APRIL,30a8e17e35e553019fd8e2a3dc74ac28cee8d3af9a68be2794219ab2f932e896
stream2,1773,gsm8k,646,full,DEL|APRIL|LayerSkip|AR,32e0082439efb3b3cd36f2eb4b9597dfd5ff8ab9faa3c10f17f5f2717e3316ee
stream2,1774,gsm8k,647,full,APRIL|AR|DEL|LayerSkip,54169805acbcf12261718146855c69e88a52774af6aa9c2df123f6ed866899f8
stream2,1775,gsm8k,648,full,AR|LayerSkip|APRIL|DEL,94b3097a99a26d015d3b411d20629d5cc097b7e67fe32ede54a593dc47d7023c
stream2,1776,gsm8k,649,full,LayerSkip|DEL|AR|APRIL,e963e927ce2a06257cf29e298ca2c9ac462f0b965eb47e6cce1f77ba08d67bc1
stream2,1777,gsm8k,650,full,DEL|APRIL|LayerSkip|AR,f344be360d4fd331c8792e6aa138278ff6fb99fde9f21edac15cdb4fa5f2a780
stream2,1778,gsm8k,651,full,APRIL|AR|DEL|LayerSkip,eed88c6f54e1743f5786966de9b3e966071a70db4e3ed744495de932dc56ef31
stream2,1779,gsm8k,652,full,AR|LayerSkip|APRIL|DEL,354120175305b3099a85d548c1e6edbf10acb2a25769acc9b83246110fac831d
stream2,1780,gsm8k,653,full,LayerSkip|DEL|AR|APRIL,0f6851363ec820fa47254b7de741dc7091f4625b9e3f1ee989f8602355e99d1d
stream2,1781,gsm8k,654,full,DEL|APRIL|LayerSkip|AR,8a3dfda0cd1ad45d56d9c1ee5588fa876b4d1c52076191804e053c5cdceb3e5b
stream2,1782,gsm8k,655,full,APRIL|AR|DEL|LayerSkip,c8633df336ec50a68bf5ce22e75cb54836d9d9b92d25898410b9fb3aa6198066
stream2,1783,gsm8k,656,full,AR|LayerSkip|APRIL|DEL,453ab86b0d51904d4d2fec5089cbe34b41993cc35e978b77a99c2805c915aadd
stream2,1784,gsm8k,657,full,LayerSkip|DEL|AR|APRIL,e5fd565dcb9dccf3312f97eee5aa783d386c25fe6414f5cc9cc5acd463574963
stream2,1785,gsm8k,658,full,DEL|APRIL|LayerSkip|AR,b18b3e8a8ffbfe285db0a05e0746b361645722d6d3d6ebad9039e43eb2384e6a
stream2,1786,gsm8k,659,full,APRIL|AR|DEL|LayerSkip,c9f5a2301f2b823b991238e3eb52f5f4e466fa045512d20981c7beae043693ff
stream2,1787,gsm8k,660,full,AR|LayerSkip|APRIL|DEL,f07e5aaee069ae303df3d68ab436b3ffd98903cb9477e7fbf9d915ed0edbef93
stream2,1788,gsm8k,661,full,LayerSkip|DEL|AR|APRIL,757bdef036ff42cb48b91fee6010493f551509fc77f8525f88a5ab27c11c6159
stream2,1789,gsm8k,662,full,DEL|APRIL|LayerSkip|AR,cd0964b43ffc3af3b75f4502ac546f99efa8aa96df1c129599ff0daf0bca6862
stream2,1790,gsm8k,663,full,APRIL|AR|DEL|LayerSkip,801363a03b209c2861ada7328ffc7be882c43489dd872307fbde7413bf054923
stream2,1791,gsm8k,664,full,AR|LayerSkip|APRIL|DEL,7020d99d0b82923fad57d0aa558c10eed92a6b0ec787590d10222a352f7ab799
stream2,1792,gsm8k,665,full,LayerSkip|DEL|AR|APRIL,e5f21aed114e18e69f2d8bf5ef3320385b3ba26e3082c4f5609fcf610c0c4116
stream2,1793,gsm8k,666,full,DEL|APRIL|LayerSkip|AR,4820544c4a1c711ebd16a4355a2dc54f107e1f32339a515dc8d3cd54733e13bf
stream2,1794,gsm8k,667,full,APRIL|AR|DEL|LayerSkip,98df0f60f99fd47a3629bfdd231558605035a6a2caee96f3d4d9166a47b10def
stream2,1795,gsm8k,668,full,AR|LayerSkip|APRIL|DEL,e505dc09a5baa8d8db3d8334a60b0264e82a16ef80fa05dffd0618f1f0cf3c17
stream2,1796,gsm8k,669,full,LayerSkip|DEL|AR|APRIL,2d97fe378c07ccda93186e6517ebb9a80786fa319ba02693ac37ff825fa7917b
stream2,1797,gsm8k,670,full,DEL|APRIL|LayerSkip|AR,ccb1547cd6c16885485da6884438193dc6ff5870934aef98e87d1217b565cb7f
stream2,1798,gsm8k,671,full,APRIL|AR|DEL|LayerSkip,4ee0ce4bb9855c55c08703ae1b2e88f050909f677ce3f8eb8232b6867580dff7
stream2,1799,gsm8k,672,full,AR|LayerSkip|APRIL|DEL,aae221310c8ad34ea4c73f5cdfd89bc5a99fea40c4fad82059c703b1acfa316a
stream2,1800,gsm8k,673,full,LayerSkip|DEL|AR|APRIL,552ec303b0826955cdf3db6082c0dfde4f8e1dc0ac652046ef082ab6de185753
stream2,1801,gsm8k,674,full,DEL|APRIL|LayerSkip|AR,6afdb220683d3a960937d7bcf1c063b9ba5648a123a901d33246c8b5e8cee192
stream2,1802,gsm8k,675,full,APRIL|AR|DEL|LayerSkip,297b3c81f7784b79f4625523757172255d8a8a4c7d06d7066443b952e54c0af0
stream2,1803,gsm8k,676,full,AR|LayerSkip|APRIL|DEL,e9e771e36f2cc3b690f506a5f3469cf2c2ad27065aa439761d50b04c28f9221e
stream2,1804,gsm8k,677,full,LayerSkip|DEL|AR|APRIL,bab23bcf08d09c87ac61d9689b1424ec7cdc31b82d22602eb9bc58ded5a7dea9
stream2,1805,gsm8k,678,full,DEL|APRIL|LayerSkip|AR,61bb937bf7097e05b4c6275c1918f4c7ecf37d3a745deedda910e599a2df9596
stream2,1806,gsm8k,679,full,APRIL|AR|DEL|LayerSkip,14541bb30b6dcbcec03e5ba256bc89abf796e6177a46db76fc55d0efb1ad606c
stream2,1807,gsm8k,680,full,AR|LayerSkip|APRIL|DEL,4be8f02b83ca1012ec68d40543a4dd4350c7c2e7304c222dc8b57c3ad1486fcc
stream2,1808,gsm8k,681,full,LayerSkip|DEL|AR|APRIL,dd0ba7c87aff4bfed2d6c6cdd37828e7cca99dc498731aafe5ad2408f51e99e0
stream2,1809,gsm8k,682,full,DEL|APRIL|LayerSkip|AR,1c62129b68b00c5d76833cb2caa1d8699bd4a35f20ee6c1f19d964eb2226401c
stream2,1810,gsm8k,683,full,APRIL|AR|DEL|LayerSkip,cd906b68fd6dfe978ba65c88cce934a27f65038690cc0e99de0d72ba9e947949
stream2,1811,gsm8k,684,full,AR|LayerSkip|APRIL|DEL,69e4c4fbf1477baf93d225026bc828652729806e275d89a742f2c1e5180aa972
stream2,1812,gsm8k,685,full,LayerSkip|DEL|AR|APRIL,4a649462df91856c424134afadba2218279a49abcf371e9f4fe23e5885d95639
stream2,1813,gsm8k,686,full,DEL|APRIL|LayerSkip|AR,44db597c2ebbc18a8f62bab1623f5252765f3a641d4087ada7e4fc3781821548
stream2,1814,gsm8k,687,full,APRIL|AR|DEL|LayerSkip,54ce52c5f6ad65744f5bd245a9c9e0b3cb5ab38a909538a3b620cbcb1c29aa1d
stream2,1815,gsm8k,688,full,AR|LayerSkip|APRIL|DEL,6a6c39d127728eb001a2ecf9c0a98625ae098e53497c3bd8be5addf5b5d2039a
stream2,1816,gsm8k,689,full,LayerSkip|DEL|AR|APRIL,9ca5423179bf1090528c24eb7034165406e40afc8c5b62df5d2ce143ce4a699e
stream2,1817,gsm8k,690,full,DEL|APRIL|LayerSkip|AR,80ca66842da290242f81e1f4ae6a0a03a0a07fb7203a6e1204d3baff2d22ae52
stream2,1818,gsm8k,691,full,APRIL|AR|DEL|LayerSkip,4c0ab6ab0762c0898c0e5e3ec525afde46bc89f0a8c0536a6d43a57d59ecb89f
stream2,1819,gsm8k,692,full,AR|LayerSkip|APRIL|DEL,60568f8a02156d0c6ea144501c284c3fb6599ec7dad44bb607b6aca1e5a59f46
stream2,1820,gsm8k,693,full,LayerSkip|DEL|AR|APRIL,e1b1d669cffee06887d5b3e42a462273e5251317b7c3ee7e8110a427b9420e61
stream2,1821,gsm8k,694,full,DEL|APRIL|LayerSkip|AR,54698821b05cd9e333ee09ea55d2234c42efd60d9d12af8415b42ea61b30fb46
stream2,1822,gsm8k,695,full,APRIL|AR|DEL|LayerSkip,8981bfc5010acfbeb6c9484b4a7c7986a8d69e5285b7601dc1a6cfcffbf8dc9a
stream2,1823,gsm8k,696,full,AR|LayerSkip|APRIL|DEL,633b5f87166ebb6e523306b16c53a860a46fcad31167d6dea484cfd57c2c98e3
stream2,1824,gsm8k,697,full,LayerSkip|DEL|AR|APRIL,13e4c5f410dcdffa3cf7f7dbb3ff0c39b04d61073091ff34c4f5864d62e5178c
stream2,1825,gsm8k,698,full,DEL|APRIL|LayerSkip|AR,a275eae1c13791c888f4668402b24db087e32ad58af5f6f24a9917f807416fe1
stream2,1826,gsm8k,699,full,APRIL|AR|DEL|LayerSkip,73880b3ce26300843d2b9810f645ade5be7ff3f34f55cf4b98a1eb6f63454cfd
stream2,1827,gsm8k,700,full,AR|LayerSkip|APRIL|DEL,95e15fc8e7cce32e0bbfea0f18677149954cbe08caa28118dc41dc8f2de4698b
stream2,1828,gsm8k,701,full,LayerSkip|DEL|AR|APRIL,381a76bac89392d131efc77abc8f80addfea504d1b7447531f08aea0f6f5142d
stream2,1829,gsm8k,702,full,DEL|APRIL|LayerSkip|AR,85109d417c4c221658851bbaff5ad8501e9f05cd6211c91b3c082875cb22a7ed
stream2,1830,gsm8k,703,full,APRIL|AR|DEL|LayerSkip,a65dfb75a42bb2de9de1cd67161b5d419adeefd7e6468096929becf21cba40c2
stream2,1831,gsm8k,704,full,AR|LayerSkip|APRIL|DEL,78745605cb27178173800be9cfbef5f4089a43457220db8c419af769d6725d4d
stream2,1832,gsm8k,705,full,LayerSkip|DEL|AR|APRIL,fa741082b46a05f0e8b31319a91846388f5714d33dafa44703b03d214654811d
stream2,1833,gsm8k,706,full,DEL|APRIL|LayerSkip|AR,2fc7a4e03832d3543cb6dd679efc2e9d5fd0fc6cd18f537ae489063178ac08c9
stream2,1834,gsm8k,707,full,APRIL|AR|DEL|LayerSkip,c9137e14d6b2d1c29b022c285f6d85d2d7a4035f238b2ad220424db1f8a93568
stream2,1835,gsm8k,708,full,AR|LayerSkip|APRIL|DEL,56030fa0ee2267c566311dab4911c3016ed23ca7183771b70c20ee050efabd95
stream2,1836,gsm8k,709,full,LayerSkip|DEL|AR|APRIL,2419bd26d898dbc979c8a1d2cc619d5ee17c22e1a35d7292acd501a22a803604
stream2,1837,gsm8k,710,full,DEL|APRIL|LayerSkip|AR,6e118de17fa9b3dd8ec2e9383aca1f7e6e3143ab80051755460ffdfaa551154e
stream2,1838,gsm8k,711,full,APRIL|AR|DEL|LayerSkip,9ae9b4635540887866a31df376c306976e6be8d3062aa8815f1b732f690bb798
stream2,1839,gsm8k,712,full,AR|LayerSkip|APRIL|DEL,e6dd0c816005f021d1ad39c2aa05668cffdec562adf6c6f384542476688ce0df
stream2,1840,gsm8k,713,full,LayerSkip|DEL|AR|APRIL,1c195a14e78c38f8adc8a8255e75ce6f97fa7ad38a0c111b409e5d643a8902e1
stream2,1841,gsm8k,714,full,DEL|APRIL|LayerSkip|AR,f6860df95fde601fd8575234564a42f6f9399499b0b9cc82233829dc89c87799
stream2,1842,gsm8k,715,full,APRIL|AR|DEL|LayerSkip,73d1f1504df62a8fedd2e6e6d09869aa54da36f53dd1635f82e213098c0c9f27
stream2,1843,gsm8k,716,full,AR|LayerSkip|APRIL|DEL,61b9750847c73f3c0801e479203ab45440ee9294270ddb75f29021ee5c435e59
stream2,1844,gsm8k,717,full,LayerSkip|DEL|AR|APRIL,5f063e653ae3cb6b2061515d8b1e6791c220871e1c0674eb0adac694a52cb58a
stream2,1845,gsm8k,718,full,DEL|APRIL|LayerSkip|AR,4a8bf55aafac3b025b58f2e4dfd9c533836717cae264a3cb7c822a46788dda57
stream2,1846,gsm8k,719,full,APRIL|AR|DEL|LayerSkip,90da5c49a773c755ac4b2c0ce433fb0b267473bb406df6bded54c80fca3a19b8
stream2,1847,gsm8k,720,full,AR|LayerSkip|APRIL|DEL,3e6e81dd8af9b9c3e726792f1de43fce323e2aec9a32e6d275ad82fead35d702
stream2,1848,gsm8k,721,full,LayerSkip|DEL|AR|APRIL,51fc822a75a4baf8e3f3b0dd95c9c9d69186423707b9ace34ddb36d0c9cb1b70
stream2,1849,gsm8k,722,full,DEL|APRIL|LayerSkip|AR,abf31f92930612dc7ac82445f25cd28980922671c8bf9f7f26838e2fbcae1c6b
stream2,1850,gsm8k,723,full,APRIL|AR|DEL|LayerSkip,0d17ef83e6068a4c1bc7fbea36c184d81f0bc0225a79a09a05c7dcc701b57241
stream2,1851,gsm8k,724,full,AR|LayerSkip|APRIL|DEL,bc29fa8bf126e820e8bd9a0e85d391070ba28cc61a4253d5a601c390727836b5
stream2,1852,gsm8k,725,full,LayerSkip|DEL|AR|APRIL,e595d7f48bdcbaacf47417ac83a500834c2f5d6f96bf9ef35b10439185944419
stream2,1853,gsm8k,726,full,DEL|APRIL|LayerSkip|AR,8ddd8ee150f01f68e9ed47d241624a1c0a7ccc287ac789fda5e69542041fc43a
stream2,1854,gsm8k,727,full,APRIL|AR|DEL|LayerSkip,ea8cc8068aa58b6a69e53112ff8a244c0d2b0b9e711936f6ebeeec9a1de2eb6d
stream2,1855,gsm8k,728,full,AR|LayerSkip|APRIL|DEL,c5406915300322991d4a6d80e11ab0b45d6ac0304af8ac273bb1bf78c239eb97
stream2,1856,gsm8k,729,full,LayerSkip|DEL|AR|APRIL,b64c9e1c9ed77f0785bc1efea431c2eff674d8d185a65e049570ccd5f808b733
stream2,1857,gsm8k,730,full,DEL|APRIL|LayerSkip|AR,0d5b4c61062944a9198e8ce9cf4c8600ed50146790e7113424aeec40c6f8ecc6
stream2,1858,gsm8k,731,full,APRIL|AR|DEL|LayerSkip,09679df58ea23517beac21769c793636207970266163c28f2e11202eba78a320
stream2,1859,gsm8k,732,full,AR|LayerSkip|APRIL|DEL,3d0365b4735b36e4218295f5f6fea43b0be8417bc98a6198baa5558365c76f20
stream2,1860,gsm8k,733,full,LayerSkip|DEL|AR|APRIL,f844b7dd2e0cecfbad50783b7e97d0abc3220d87020ae49b52abb80bbb3c97a1
stream2,1861,gsm8k,734,full,DEL|APRIL|LayerSkip|AR,806ce47b7037d8de4524c232b0b5a5a3ffdbcb0df833069f5c847c7cd0ce9ba2
stream2,1862,gsm8k,735,full,APRIL|AR|DEL|LayerSkip,948f3f4b0d52c4e89bbd55fb563849a6f80551222b932ef52374b7a366bccacf
stream2,1863,gsm8k,736,full,AR|LayerSkip|APRIL|DEL,0260a29779ef0e5a1d9ed79413b55d12a170aea91dfeaf3acf0cb1cd40c5f9e5
stream2,1864,gsm8k,737,full,LayerSkip|DEL|AR|APRIL,cb67e20c8086f098b315ee34813aa2bd82e2675e1b337d14aaff794de3a127f5
stream2,1865,gsm8k,738,full,DEL|APRIL|LayerSkip|AR,a8008a79dfe50351117aa62ad15ca9081b3a85a2bd916391819ad2c6afda21f3
stream2,1866,gsm8k,739,full,APRIL|AR|DEL|LayerSkip,10b18de3f3423c6b4c82c808a12c086a35eeb9aee30a2850f602347ebe56892e
stream2,1867,gsm8k,740,full,AR|LayerSkip|APRIL|DEL,91afef30c38f044d6d4f353295d9527d3bfe3216139a35f11a0dd2e85a0ca5f8
stream2,1868,gsm8k,741,full,LayerSkip|DEL|AR|APRIL,70e1035aa310c9e2c98ee9cf92f9c486d52cc627c8297d9ff39400d14bcc3a32
stream2,1869,gsm8k,742,full,DEL|APRIL|LayerSkip|AR,55cd25966496aad7e96755e06195bddbdcf1b5fbc86447ca4309b29ab84d88b9
stream2,1870,gsm8k,743,full,APRIL|AR|DEL|LayerSkip,327a48a47431f8f7024c9283a56b8806b2e734cabed7c66af3c79690bbe1cfc2
stream2,1871,gsm8k,744,full,AR|LayerSkip|APRIL|DEL,10185664101b5ab9a14098fca6b302c659846b99ba8076ec1ab4d157ea00856c
stream2,1872,gsm8k,745,full,LayerSkip|DEL|AR|APRIL,1a8943c2e6e6c9b234adfaf605ad5ea5a44c4bd8f6d8078b2ba0aa259872787c
stream2,1873,gsm8k,746,full,DEL|APRIL|LayerSkip|AR,fced6d7491c479fdb61fbc0fdc8513c83b9fc8d69e213664c304c9ebef646377
stream2,1874,gsm8k,747,full,APRIL|AR|DEL|LayerSkip,f95c7bab566b6d1ce4f62dc0320f6766526454eea6c78e88331900ac14eb6c49
stream2,1875,gsm8k,748,full,AR|LayerSkip|APRIL|DEL,99eb9f1f9fd4f71ddaa7b6d5f66865e18021260cbbae36ef94d742e6829fda99
stream2,1876,gsm8k,749,full,LayerSkip|DEL|AR|APRIL,251e6c7beaf3fe00b8f59f07b5f6e76c7399668ffb0c856f51dc7f5ba9181d43
stream2,1877,gsm8k,750,full,DEL|APRIL|LayerSkip|AR,4bcb4bf6ae68307c0c290e0032283807aaaea337426c3048855d0626b08085fb
stream2,1878,gsm8k,751,full,APRIL|AR|DEL|LayerSkip,f8673964bb1ee3b60a55892e0385afc886702f12c87c4e3d46a53ee50bcb8005
stream2,1879,gsm8k,752,full,AR|LayerSkip|APRIL|DEL,56ed6b9bb1eda9893b83859610631a390157612d82ebd1a0c2239d6dd4b7b0a9
stream2,1880,gsm8k,753,full,LayerSkip|DEL|AR|APRIL,660b72fe0291f650396538f0f824e9f243627eb56ca012a870d37691947da091
stream2,1881,gsm8k,754,full,DEL|APRIL|LayerSkip|AR,034922a0861b5465065785ee26bedb5b95328944c864b37ab066acd6f469f3f3
stream2,1882,gsm8k,755,full,APRIL|AR|DEL|LayerSkip,b2cd2db3744885e99fe7df2d3de8eceb376b8dfa73293f6ac5d12de7a6df13a0
stream2,1883,gsm8k,756,full,AR|LayerSkip|APRIL|DEL,a9352f9821d285c98e1fe0b66fffd24397d59d823dbce21335eabb64f852730f
stream2,1884,gsm8k,757,full,LayerSkip|DEL|AR|APRIL,412a6d9005cc3f1f73446b76eb4c4ebdc14a55b70b1e4b3515bf6535dd7a4026
stream2,1885,gsm8k,758,full,DEL|APRIL|LayerSkip|AR,d634f5a04a336789b2a8c471fa311b228b1c4c0c37b1658e0fef45160f437084
stream2,1886,gsm8k,759,full,APRIL|AR|DEL|LayerSkip,8f7c23baa1eec07a6ff4d6581e9bb7f6965cae268dd5d7bef999ddc54cf8b1a3
stream2,1887,gsm8k,760,full,AR|LayerSkip|APRIL|DEL,379a768a3e0117f692cf633f2dd2b8c5e63945732fb3d4546422fd0355a7dfa0
stream2,1888,gsm8k,761,full,LayerSkip|DEL|AR|APRIL,af9229d60d1b092c219c6f82c476fa5ef8a0b7b2be8b221d291bc3de22c95dfa
stream2,1889,gsm8k,762,full,DEL|APRIL|LayerSkip|AR,3661d4df42c8f753f444923d1799a136fedb0676f18fe7941eeded34ddcb0d19
stream2,1890,gsm8k,763,full,APRIL|AR|DEL|LayerSkip,d5f10add4eade91cc8c016b123660a2066806b6b7f422292b61c9135128441e2
stream2,1891,gsm8k,764,full,AR|LayerSkip|APRIL|DEL,ae94bba2914ece411cfe03c94f88f476d33d9dfa72380f61968aadf286b361e1
stream2,1892,gsm8k,765,full,LayerSkip|DEL|AR|APRIL,dc642a3c9abded553c121e9afd5e8f4f0458e0a1d378ef41595a559faf0110c9
stream2,1893,gsm8k,766,full,DEL|APRIL|LayerSkip|AR,098842b130594169c4a5ba116cc23dc2309207d8c1c51f5b789aa1cd46c39ac3
stream2,1894,gsm8k,767,full,APRIL|AR|DEL|LayerSkip,cf9e6b09e7ff8739d26ae41fa9fe4484513b29989e02edcef8c29364dbbaa8e6
stream2,1895,gsm8k,768,full,AR|LayerSkip|APRIL|DEL,2a66897912de0edcd515244b3adeb306d42c9d7598949678a03831857f95c231
stream2,1896,gsm8k,769,full,LayerSkip|DEL|AR|APRIL,d5b8a893f31f2dd40dd66fc54c150cab2c1488537376734464dbc97e592dcade
stream2,1897,gsm8k,770,full,DEL|APRIL|LayerSkip|AR,1f0d0441bfaad60f1c3fd4e37cf3dadd408e64906449a73052911d405969bf4b
stream2,1898,gsm8k,771,full,APRIL|AR|DEL|LayerSkip,4c68ecd95a170b06a72ff8a998d80aa59d8cdb86637aea20b72b6d644ebf811c
stream2,1899,gsm8k,772,full,AR|LayerSkip|APRIL|DEL,f7a159aa92d3a2d90babb86adfcfaf3c0cda5091091ca61f4d5d2fbcc708ecd2
stream2,1900,gsm8k,773,full,LayerSkip|DEL|AR|APRIL,1ba79eaa2c267c3bd8fd57ecfc59200b7cf02252416f342a54097c172313feaa
stream2,1901,gsm8k,774,full,DEL|APRIL|LayerSkip|AR,2339b183fcf8a509d2ef9dec222dabff00e6efc36a31293600fa02067cece464
stream2,1902,gsm8k,775,full,APRIL|AR|DEL|LayerSkip,49a27052a588e3fa1967ebf3fb581fbf7e0a1a5ea4f2d0faba1e89e1921ed120
stream2,1903,gsm8k,776,full,AR|LayerSkip|APRIL|DEL,dc0bf505639554dbb41d243caa1772fe90ce1d47d80d847c31e423fb9bec7306
stream2,1904,gsm8k,777,full,LayerSkip|DEL|AR|APRIL,9ead36f8d655c395f857f333988075c70fa9205048f045c9f8ce459d0c5d31e6
stream2,1905,gsm8k,778,full,DEL|APRIL|LayerSkip|AR,e602d5201fc4dec67768f70c1c7e0293dcfb10c6faa4b618634189cfb799d875
stream2,1906,gsm8k,779,full,APRIL|AR|DEL|LayerSkip,a8cc3cdaff35cc05e6aae9cba86e450b447252b69267c58391b606fa2881da7a
stream2,1907,gsm8k,780,full,AR|LayerSkip|APRIL|DEL,13690e33615d3d5a137d2d15b601a48ff7c412d98051381f6803de5bc4dd04d7
stream2,1908,gsm8k,781,full,LayerSkip|DEL|AR|APRIL,62ed1032ffb14b6c1a1f08547fc842cd4870da3dec24ec8543f22680683ee44a
stream2,1909,gsm8k,782,full,DEL|APRIL|LayerSkip|AR,2a4c597f255262733d59b116ff9bd8f6ac178150f07b99fb644a2d99741bdf39
stream2,1910,gsm8k,783,full,APRIL|AR|DEL|LayerSkip,9b8f029236adb08d091669f8aaf20fae35347569bbc1d37df16c9f02a26506e6
stream2,1911,gsm8k,784,full,AR|LayerSkip|APRIL|DEL,1d39920b54cc17636aa80c79832acc4b900288369caf22b948fded7b36a64924
stream2,1912,gsm8k,785,full,LayerSkip|DEL|AR|APRIL,b582a7eb9002bdae22ff809c369fbeb93cbffa50d2e9ca99d1d6e522b5d67de8
stream2,1913,gsm8k,786,full,DEL|APRIL|LayerSkip|AR,81f47721407ef572e59852d36fe284910a6774746fce9dec2db824ebdd26a3b9
stream2,1914,gsm8k,787,full,APRIL|AR|DEL|LayerSkip,b4dd59c001f705678365d622b8b6bb1cd20d9d49512911f82e018980d731fc71
stream2,1915,gsm8k,788,full,AR|LayerSkip|APRIL|DEL,74993c64775c8fd0657a3b4dc3a53eda05c66152ac25e1769df7e003653c00b6
stream2,1916,gsm8k,789,full,LayerSkip|DEL|AR|APRIL,b46271979481aba7f360d6649ca24b13db2ab4b679117b56f8b47149249bb929
stream2,1917,gsm8k,790,full,DEL|APRIL|LayerSkip|AR,6e24e1ecfa44aa02eaa56b10a9a6ba2050ef15f1cf778cc9b693690f0aeec9f2
stream2,1918,gsm8k,791,full,APRIL|AR|DEL|LayerSkip,bc0a9a04a52a01e3557f5d4259eb832d4f9229dd68be0b1f2596471a9625c341
stream2,1919,gsm8k,792,full,AR|LayerSkip|APRIL|DEL,d3970e9bbaf9b6610cbfaf7d6a18c60f31ed8da31abd9d27c2fe240dfa419ef7
stream2,1920,gsm8k,793,full,LayerSkip|DEL|AR|APRIL,e760c1650c97a1b4301143472c0b33d43b1a453b6922975c0e965c35b7f6c33a
stream2,1921,gsm8k,794,full,DEL|APRIL|LayerSkip|AR,3a38975cdce7f5aa2bd16ee7c45a1647e627b4e820d35905565542b59a3f3703
stream2,1922,gsm8k,795,full,APRIL|AR|DEL|LayerSkip,9c72198dd17d632cd23e960056df9504da3ecd66c2b46cbf474de5e03b39a3ab
stream2,1923,gsm8k,796,full,AR|LayerSkip|APRIL|DEL,1565f204172e85faee9206fafc83c0b2f5249dc47d836123cae2c1bb6ecfdad7
stream2,1924,gsm8k,797,full,LayerSkip|DEL|AR|APRIL,27e3cf027d7c220061337fb874740487d52956003496d18f2ec077beaf1a66de
stream2,1925,gsm8k,798,full,DEL|APRIL|LayerSkip|AR,326a39fa6c3b75105d8c463de9fbf8b94388a89553653d5f0b138a886358f2a1
stream2,1926,gsm8k,799,full,APRIL|AR|DEL|LayerSkip,7a0b7a8078bd3527207997ec88821ee833fb5fbf94303a56d6bfb279d2409df7
stream2,1927,gsm8k,800,full,AR|LayerSkip|APRIL|DEL,10e323280773b5309bb522675d97ebe15e90606733d8b8bff163e82b39cff5b1
stream2,1928,gsm8k,801,full,LayerSkip|DEL|AR|APRIL,9fc426022fc7c8701d4ce3eb069bbfed8e17e9c132cf711452058d9ffec00999
stream2,1929,gsm8k,802,full,DEL|APRIL|LayerSkip|AR,f5f77a2b029e03b2d852a762ec2a0df6624dc23a6270e487c5ff2fbf1c890760
stream2,1930,gsm8k,803,full,APRIL|AR|DEL|LayerSkip,8ad0f026f1989ea55606463ce4381812dc5a2d39923231130987cd8c9d71643d
stream2,1931,gsm8k,804,full,AR|LayerSkip|APRIL|DEL,af33d6ffc6eb9ad19f1131252993688068724e649ed174a20b6ccb53b7e1cf7a
stream2,1932,gsm8k,805,full,LayerSkip|DEL|AR|APRIL,aff1031fa9c04f9953788a4265ffaef3455ecb380e9f5bac8c99d138dfed94f8
stream2,1933,gsm8k,806,full,DEL|APRIL|LayerSkip|AR,498d56e38306484bc3111d19909b3c715039dfe46b3345a200b721e9a250b7e8
stream2,1934,gsm8k,807,full,APRIL|AR|DEL|LayerSkip,d9d426cfdd37873fba6201e5cffab1c417e84433b673847dcd8b45a6919bd2d4
stream2,1935,gsm8k,808,full,AR|LayerSkip|APRIL|DEL,8f1341bdeb84fa74398cf5fb50b38c388db97c32679dadf5380253fecfeb68f2
stream2,1936,gsm8k,809,full,LayerSkip|DEL|AR|APRIL,0e54f289f4f888c6fa1ffce71f3787e198235f4d858ef34e6870d5b625078cb6
stream2,1937,gsm8k,810,full,DEL|APRIL|LayerSkip|AR,7f0571f1acf40d86fc1f42a7cc1b4f05c2ca654006545a00d9da7355b9c5ef5a
stream2,1938,gsm8k,811,full,APRIL|AR|DEL|LayerSkip,9b3072729c33ba0100258b3dffdee41088c3264cf022da3786601fa645ce350a
stream2,1939,gsm8k,812,full,AR|LayerSkip|APRIL|DEL,aa8c2e046b88f6ba66f5c9635c031b68f05a8ff1257edb1d735ca1c81e4262fe
stream2,1940,gsm8k,813,full,LayerSkip|DEL|AR|APRIL,81b4541e6a586c7b797ebf611058b30294457fe448f18b9392769f1e111f9602
stream2,1941,gsm8k,814,full,DEL|APRIL|LayerSkip|AR,86661852e471b71540c6867440ca58149601fb20f57c112521a2904069dea0ff
stream2,1942,gsm8k,815,full,APRIL|AR|DEL|LayerSkip,a47765608810cad62197a9e8da99019a433f4ed475670474905887860d988c6b
stream2,1943,gsm8k,816,full,AR|LayerSkip|APRIL|DEL,68c6de48f92d9278e0c91ba1559adfc93cf290053cb0911430f9fa4ceb4bac10
stream2,1944,gsm8k,817,full,LayerSkip|DEL|AR|APRIL,04de71ac4f41190aa5834e009369c5161c5385cb1b8b2ea53eef62835d574edc
stream2,1945,gsm8k,818,full,DEL|APRIL|LayerSkip|AR,fa30e6072c95511070362433a5482b5cd4362a53a4f13c70159d8cf728f9bb03
stream2,1946,gsm8k,819,full,APRIL|AR|DEL|LayerSkip,791bb419423503583362bfe93cd193fd67a9eed04e06042ee60b075759434585
stream2,1947,gsm8k,820,full,AR|LayerSkip|APRIL|DEL,527862a81b4ffa350b94ceb7adbcc114331e92a138fd80f5cc1cc70449a4cf9d
stream2,1948,gsm8k,821,full,LayerSkip|DEL|AR|APRIL,50287e1725fb9f315df7cb36d4c24a41de0f71e6729c5c6434aa7955188e2208
stream2,1949,gsm8k,822,full,DEL|APRIL|LayerSkip|AR,eb2f94b08e1885ec93eb799b6954a49468bbb430e81dd65e091a46e8a5fcd21e
stream2,1950,gsm8k,823,full,APRIL|AR|DEL|LayerSkip,92bdb09495dd7542afe23f289f8baab84715b0f85b1d1806a57bcefc93e2dc6e
stream2,1951,gsm8k,824,full,AR|LayerSkip|APRIL|DEL,84f9eded79822989f6785e7e86dd06618058209aebe07a3308ca1ae61397e104
stream2,1952,gsm8k,825,full,LayerSkip|DEL|AR|APRIL,1604774f3fca6bbb0c67943978328581e62536748ba158ad8e4ab176e3a105d9
stream2,1953,gsm8k,826,full,DEL|APRIL|LayerSkip|AR,e7a72ba46ce13d8fb508940427e7bcd7ecf8bc471448460f020f60e3cfe2a505
stream2,1954,gsm8k,827,full,APRIL|AR|DEL|LayerSkip,288c1d30210aeba854990001b90c01d240a4f203292a42a4c481024b0460b689
stream2,1955,gsm8k,828,full,AR|LayerSkip|APRIL|DEL,e1a431aee2cd4a2e02ddc89efe60b905d6589e96fbfa19972fefff1e0c5fe5f5
stream2,1956,gsm8k,829,full,LayerSkip|DEL|AR|APRIL,26f4552e93cd2cd1567ef9cd08452e66cf038774f809e3e9478a24fefbd01e26
stream2,1957,gsm8k,830,full,DEL|APRIL|LayerSkip|AR,ef15c738270b1ec0ab93f67ad05954fbbdcd9db0a76d2eb38ee6b42610932215
stream2,1958,gsm8k,831,full,APRIL|AR|DEL|LayerSkip,5209a89a70c552a776de1af4ddc5bde802e6733491503f91c57e89261218f2c7
stream2,1959,gsm8k,832,full,AR|LayerSkip|APRIL|DEL,59c32655098264e42f23e7ddd9de4bc60af86ea53b8f0fe2cc9f760239e5fac5
stream2,1960,gsm8k,833,full,LayerSkip|DEL|AR|APRIL,7521a9ff3e0180bb71267f2fb70c5a9fd40f94ff2d3c9a56b9e59eb8bd143818
stream2,1961,gsm8k,834,full,DEL|APRIL|LayerSkip|AR,816604aa7ac4e0cacf6b609b68c63cac24d694b25eb320ad09bd7ed42adfde8b
stream2,1962,gsm8k,835,full,APRIL|AR|DEL|LayerSkip,33074acc6b65964e13ae54a9f6353bb5da4d187f9ade9df395cffbf57aa6073e
stream2,1963,gsm8k,836,full,AR|LayerSkip|APRIL|DEL,afc58259cb6892ba11a8bb5a216f7757e340c82d0cd47ac5344b8b4fdf500b37
stream2,1964,gsm8k,837,full,LayerSkip|DEL|AR|APRIL,bbcb49c5805791704b265ebabdf7e75fdcafd7f0e53d48c84a1066fbfc631067
stream2,1965,gsm8k,838,full,DEL|APRIL|LayerSkip|AR,dd800759f1633f98f9637d9c111335787836a44a4a6c346d37569f6733871096
stream2,1966,gsm8k,839,full,APRIL|AR|DEL|LayerSkip,96b438f4576c5c99febeb782211db81091ab097a2ff4fa123cf015f6a287cb10
stream2,1967,gsm8k,840,full,AR|LayerSkip|APRIL|DEL,622d11d975d89e5cf318f977c66ef2a505b3f0d62836f7f227bc3721d74d8481
stream2,1968,gsm8k,841,full,LayerSkip|DEL|AR|APRIL,5494f212ef621db0c6fefa1c22ba10037c18f170af304f0b2dcd468ac5758880
stream2,1969,gsm8k,842,full,DEL|APRIL|LayerSkip|AR,0c9f227d4cb76739c9b65c11af3f2002db110174387eab07a73b1390a28be5a6
stream2,1970,gsm8k,843,full,APRIL|AR|DEL|LayerSkip,e36a0f003f60581f265da7f82b9fa069c4ea6fe0bf09116e357e4f49c02f675d
stream2,1971,gsm8k,844,full,AR|LayerSkip|APRIL|DEL,84519836b2c8695d2929d1c1c49077ce26bc8ce38d32f08a8b52b2e3d408a64d
stream2,1972,gsm8k,845,full,LayerSkip|DEL|AR|APRIL,7f2d7c5922ac3f698c010a0705e998f00efc073696da846de69f3a1970e7bd36
stream2,1973,gsm8k,846,full,DEL|APRIL|LayerSkip|AR,8d3f2f217831be89811ef7327a566000adbd2319138c35b256e1406eee2f97c2
stream2,1974,gsm8k,847,full,APRIL|AR|DEL|LayerSkip,4bdd9599fc95d00f9a030a843f19e21af3da36e819348b4f0129b9c5895dabab
stream2,1975,gsm8k,848,full,AR|LayerSkip|APRIL|DEL,6209a78ee466237a0854af627437ed7f0d0050fa5caa7accf93e140d29a2196a
stream2,1976,gsm8k,849,full,LayerSkip|DEL|AR|APRIL,6714d383d871baa4b4f4a853686b105be669bebd3c7c8c14a4833f6721968861
stream2,1977,gsm8k,850,full,DEL|APRIL|LayerSkip|AR,80021b1c7c8fba371bba49e9d09ab12c7cf53bbd1981c468f07d1c4739c29de3
stream2,1978,gsm8k,851,full,APRIL|AR|DEL|LayerSkip,38f042efd5650f0d3ab348c9a5bb1a1afd7d84c0723dc77f5a94711711e56b9b
stream2,1979,gsm8k,852,full,AR|LayerSkip|APRIL|DEL,2a166b17c5b8d7cc4e19be9bc65878b09950d223bc41654e1fde23c825ac8f54
stream2,1980,gsm8k,853,full,LayerSkip|DEL|AR|APRIL,6d18ec44547eaff77216d2672dd6329b97ac0019ded4266cdb537322a843e67a
stream2,1981,gsm8k,854,full,DEL|APRIL|LayerSkip|AR,008f7e5a785c0ed6e00ffdbaf1d44571fc2b5d9ca8635ae7ca20337b55cb846e
stream2,1982,gsm8k,855,full,APRIL|AR|DEL|LayerSkip,a599116ff956d58d02ca81b94a3b06735365a6c4f2907ab67335bc0bc671317d
stream2,1983,gsm8k,856,full,AR|LayerSkip|APRIL|DEL,04388dd3e41477f8c2ae8c9ded438465c0ef93c918fd68920f28894ade166786
stream2,1984,gsm8k,857,full,LayerSkip|DEL|AR|APRIL,e812c6d10f78dc9379bc71c522fb9a596ea1c996b9d267110e7f4f4d5cec2e29
stream2,1985,gsm8k,858,full,DEL|APRIL|LayerSkip|AR,1ad3978f3f445f0610321394e13bb70f49504001032ac0d42df634f4e633962a
stream2,1986,gsm8k,859,full,APRIL|AR|DEL|LayerSkip,ddbda3d757012e7ebd50cb32767a818a43533758cea0ded957b80dc715a9c101
stream2,1987,gsm8k,860,full,AR|LayerSkip|APRIL|DEL,498dbfa922245c8c0bd1d091c3f04502f02bbbb4dd6f2d96a50daca35291b36c
stream2,1988,gsm8k,861,full,LayerSkip|DEL|AR|APRIL,9df7754d7a73600cd6454a2fd911b78bd87e1a52ba150fec7bd9bc4a802552b1
stream2,1989,gsm8k,862,full,DEL|APRIL|LayerSkip|AR,1d51c9cea716671d6dc7472d7c9c8b181c01914d32f27576c5a0b094310aa025
stream2,1990,gsm8k,863,full,APRIL|AR|DEL|LayerSkip,58f6dfe5f03a206048f8ff6e31e44697c71ddd5450a97210f2755f2ae5c51d05
stream2,1991,gsm8k,864,full,AR|LayerSkip|APRIL|DEL,9bedaa32ca9977cb3e9ead74fa8655c29e783fd3a46d00a07db9ec3ff4277b74
stream2,1992,gsm8k,865,full,LayerSkip|DEL|AR|APRIL,f84bce239161890922aaebbd7f30d1abf2ea8520b4f6c0a63d1876e5e63e65b2
stream2,1993,gsm8k,866,full,DEL|APRIL|LayerSkip|AR,b8d0d7d09abe113d4eea6ecb29b4224881dcaa8102b4038fe3f3503c84d3d6be
stream2,1994,gsm8k,867,full,APRIL|AR|DEL|LayerSkip,1f557355ea0d8800d2f2d87691207ac55e597ff03a546a9997dd9b804527f3b0
stream2,1995,gsm8k,868,full,AR|LayerSkip|APRIL|DEL,8c5cc6c0cbb5fb464962eca90e39a5dde5756a08c363159f2018b13e48a98e50
stream2,1996,gsm8k,869,full,LayerSkip|DEL|AR|APRIL,7f5d327b0b2d040c7ffc4eedc1b3d123391cb7aaa3957bc5b5a1de16c1e5ec01
stream2,1997,gsm8k,870,full,DEL|APRIL|LayerSkip|AR,19c7a6fdfd6fc654e16ba3f91001520506cde37f8974b51d2016bb7d5cb0f0a8
stream2,1998,gsm8k,871,full,APRIL|AR|DEL|LayerSkip,c555d1121439a1f3adde9871a7c1bd77eda89f41a75559c20ca487f91e397b29
stream2,1999,gsm8k,872,full,AR|LayerSkip|APRIL|DEL,cdebe0bf666a3a6660d1cefa645dce246cb2ec242d94fe524d5935f77f256a1c
stream2,2000,gsm8k,873,full,LayerSkip|DEL|AR|APRIL,40b5089ee08f52fe6206f9940b6d833dc415a675fedafd42ed3c025b1c6364b6
stream2,2001,gsm8k,874,full,DEL|APRIL|LayerSkip|AR,223e0bff6104f9d914931001b8c68465a732ea5656bfc7f9845c9df5a145da6d
stream2,2002,gsm8k,875,full,APRIL|AR|DEL|LayerSkip,1179fb9689262e6d4336a4749661254d2de6151cf488552afd5f7feb6577b68d
stream2,2003,gsm8k,876,full,AR|LayerSkip|APRIL|DEL,a4182229435ca57eff64a4fbd139375ad9d5be4d4729c35342eb0020ac7d190c
stream2,2004,gsm8k,877,full,LayerSkip|DEL|AR|APRIL,4b0622369a21431eb9d1cf2952f0d6713796005381bfc8df37aac892bcf59351
stream2,2005,gsm8k,878,full,DEL|APRIL|LayerSkip|AR,8f8ff15f46d3572f282fb7788d612ca675f118a1162daa7b1bba6f977b75e2f3
stream2,2006,gsm8k,879,full,APRIL|AR|DEL|LayerSkip,35676759660d32b7081751a9d5d2d1a7efe96e117529bde5c930f28ec668243b
stream2,2007,gsm8k,880,full,AR|LayerSkip|APRIL|DEL,7894d111568d225c63c56ae90693d9bfe33dbc1acf885d81ac57dbe979d3c3fe
stream2,2008,gsm8k,881,full,LayerSkip|DEL|AR|APRIL,1152b0105f46226a860ae13a2e14f4cea4a61b00ca7dc739062377650f9861e5
stream2,2009,gsm8k,882,full,DEL|APRIL|LayerSkip|AR,de371051ed97fda266f724a96e3132a117a361b36a4efa216746259127852850
stream2,2010,gsm8k,883,full,APRIL|AR|DEL|LayerSkip,a772c2608759f71459c0a88b162801dff9a3bf1ee6cfd4e2b8971c157c03b163
stream2,2011,gsm8k,884,full,AR|LayerSkip|APRIL|DEL,694b26362e85444e557552ad7fb160e4a29ef78454e0e31c463aace7c588c28d
stream2,2012,gsm8k,885,full,LayerSkip|DEL|AR|APRIL,278cdc9dece9d59967dad11794141328e54f82b85bee635d02653b80f756f22c
stream2,2013,gsm8k,886,full,DEL|APRIL|LayerSkip|AR,279ec3013e2e6eeb611c7afd3a225e29f7f05084aaa8546e9e9b729b72562839
stream2,2014,gsm8k,887,full,APRIL|AR|DEL|LayerSkip,f2c6cfcb6de2766ee2efbd87c6fd664c15463458da0e33098348fb58b9ccc2a1
stream2,2015,gsm8k,888,full,AR|LayerSkip|APRIL|DEL,8a5e2dc540ab9f187bcadd8f63d52e3f55ec128fc304425665a46996efe17363
stream2,2016,gsm8k,889,full,LayerSkip|DEL|AR|APRIL,14cd7b5b9d385c4f7a334bfe794c36904e9ca97536c71b3041fe77e63829a86f
stream2,2017,gsm8k,890,full,DEL|APRIL|LayerSkip|AR,751bb0d61871ff03261fd174d2e38f940c64d5f67f4411eaff4534dd454745a0
stream2,2018,gsm8k,891,full,APRIL|AR|DEL|LayerSkip,07c7fdc0d350567c5e92f585153224a2c6eb65c741fa8f70e2e8ff511025ca6d
stream2,2019,gsm8k,892,full,AR|LayerSkip|APRIL|DEL,23e26f0661a31e2d970e3ef70d683c5b9eefc3c930751bcce65d5746be284825
stream2,2020,gsm8k,893,full,LayerSkip|DEL|AR|APRIL,fe29abcf8399daeddf59503f7e69cb476e2c4f3fbff2fc0d1f1f148efd1c8b16
stream2,2021,gsm8k,894,full,DEL|APRIL|LayerSkip|AR,50c66c71cf280c46ff158825d38163d986eabb652ada8e2557f69f68dfdcff3f
stream2,2022,gsm8k,895,full,APRIL|AR|DEL|LayerSkip,42310c0ec68b2a5f3c6bab5af3e988d7e7245845c5854339dfb345ea4732c9d1
stream2,2023,gsm8k,896,full,AR|LayerSkip|APRIL|DEL,13fd9fdf6b00ff1a75ba513d539237c57fc6e1269c6ea1e58cec4287a1f7687f
stream2,2024,gsm8k,897,full,LayerSkip|DEL|AR|APRIL,2360feef98de28a8eb6eb0fc1d81b06ad1d89ddeaa60c9b2b1d95952a7e088ab
stream2,2025,gsm8k,898,full,DEL|APRIL|LayerSkip|AR,17ad20d96edbcb35e7da89e120f4f2428bfa84de75a6e91d8ec9756ce975038f
stream2,2026,gsm8k,899,full,APRIL|AR|DEL|LayerSkip,4ce44f6dbc9ed66fa8942ee083a9592776952cc2b6ddefaa9792ec62a9beb7a6
stream2,2027,gsm8k,900,full,AR|LayerSkip|APRIL|DEL,3184e6fe1bc1472f7cd77e8c74a8d98df459603f227d37fd4cf11e4b308a36f6
stream2,2028,gsm8k,901,full,LayerSkip|DEL|AR|APRIL,af0e470ba3f8550d9c6dd714d6f1b56e0b726f4e9a2a8636132235fa8ccdbf7f
stream2,2029,gsm8k,902,full,DEL|APRIL|LayerSkip|AR,60e3b523b453e43be74b04c1e1623f2d1e099e3cebbcf3bf9093aeced08f2ed5
stream2,2030,gsm8k,903,full,APRIL|AR|DEL|LayerSkip,b722826778ab970941f6025cd8ebefe9f72be9deee6e9419e16f110711d74e0f
stream2,2031,gsm8k,904,full,AR|LayerSkip|APRIL|DEL,94b3a773d7e96c7b4a15a556909e5a8662a729309dbf1d589e33bb366701e68f
stream2,2032,gsm8k,905,full,LayerSkip|DEL|AR|APRIL,826d18bf2f472d186dd53f93622030db44488b27a2e255853dd8dd59e13ec6e0
stream2,2033,gsm8k,906,full,DEL|APRIL|LayerSkip|AR,218490302497818b0101db1aac7f6adfc4f084fc5eeed3af4e7a275097dd1f65
stream2,2034,gsm8k,907,full,APRIL|AR|DEL|LayerSkip,191691ca71cdf94862f4d2bb2b9ef4ae5e49bd470ea43807808787b255372e9d
stream2,2035,gsm8k,908,full,AR|LayerSkip|APRIL|DEL,eb483ef18c6e5b10a37a8ba751fed56fda3b38d839bccdca98cac910dbb21c57
stream2,2036,gsm8k,909,full,LayerSkip|DEL|AR|APRIL,446444aa85c1dad575bb9002ad9fe84428e832b4bf713bca47ad6f9d0d009206
stream2,2037,gsm8k,910,full,DEL|APRIL|LayerSkip|AR,1143d445d3788fc725ad271f6d7bc8cd7a0bf6ba5bbba63db7d47b5842282560
stream2,2038,gsm8k,911,full,APRIL|AR|DEL|LayerSkip,3ecf0eac8ca3161d0eb096e5c594f8ba04507a8a4dd646f8d0b0099b53e33f97
stream2,2039,gsm8k,912,full,AR|LayerSkip|APRIL|DEL,93e378b9ceca984a0b2449aa08673cef05e0d99b6fb08f095cd83793f74f825e
stream2,2040,gsm8k,913,full,LayerSkip|DEL|AR|APRIL,2d33b13efb68950bd8596909f7f052d1a527441c17a0583601c9a66d31cc3adb
stream2,2041,gsm8k,914,full,DEL|APRIL|LayerSkip|AR,ddc9722cda822bad20fe272335b8753adda198e9010481aa16f5b5757f7684dd
stream2,2042,gsm8k,915,full,APRIL|AR|DEL|LayerSkip,e4dcc089b30da10cf318cde1282860f08e186cb2743a946acb9d74169e664933
stream2,2043,gsm8k,916,full,AR|LayerSkip|APRIL|DEL,debb559ebd22703cda04c482407bae0d0161e56c675d820d3b61b77f30436774
stream2,2044,gsm8k,917,full,LayerSkip|DEL|AR|APRIL,519b1def6371477d75e996fbddd2fec40fc999935596eabe44ecaceeb4b7241d
stream2,2045,gsm8k,918,full,DEL|APRIL|LayerSkip|AR,82dc13bf3dda4f9dd6ca93b40c308223645a805c99236a65a250c30d3578fdc3
stream2,2046,gsm8k,919,full,APRIL|AR|DEL|LayerSkip,8202a3992e6523305f4ccbc3fe9c27ed3bf54c23579b58c2e530474f9f9226ce
stream2,2047,gsm8k,920,full,AR|LayerSkip|APRIL|DEL,65abd9c8ca44e2b320480b964f45ac3e86ab1e0efe086af96ccfa961600704ac
stream2,2048,gsm8k,921,full,LayerSkip|DEL|AR|APRIL,fd578da5394269de0364c458c5c5878c48ce9c1b718ca6265ce94f30f550170a
stream2,2049,gsm8k,922,full,DEL|APRIL|LayerSkip|AR,559f86c75acd1f173c805875bf187c3213d5f2ba613b44e017e702f96c5da0ba
stream2,2050,gsm8k,923,full,APRIL|AR|DEL|LayerSkip,9ec6b530f4de59026aa6923be796bbf5c15929cc6070ac94857e6b53dd40ee7d
stream2,2051,gsm8k,924,full,AR|LayerSkip|APRIL|DEL,06d15068f014eff4c2de88adaeac55ee4ec687e652716c315d00fff66c48a4f3
stream2,2052,gsm8k,925,full,LayerSkip|DEL|AR|APRIL,3d10571a892b608afba69ec9262a46c11124d7403edd36880635ff0b0b10420c
stream2,2053,gsm8k,926,full,DEL|APRIL|LayerSkip|AR,b479d9c7545e074b4f0027c15d56371ccfbdcd6fa15169a98cfe3d173c530842
stream2,2054,gsm8k,927,full,APRIL|AR|DEL|LayerSkip,8975a8648833387400aee7b08e03f7b18aac376ee6101bce08d301a5c657c98c
stream2,2055,gsm8k,928,full,AR|LayerSkip|APRIL|DEL,5a1f9760e562901b061cccf2d05fcf6faf5eaacf9d947b7ef4856453160d86a1
stream2,2056,gsm8k,929,full,LayerSkip|DEL|AR|APRIL,819ace6333649e46a61cb777e1eb37af22bbcdf73a4424f68cad3f4e6927c86e
stream2,2057,gsm8k,930,full,DEL|APRIL|LayerSkip|AR,3153538754090b30f6e01602eb1e67d7ffc2905eb23d371b95df6a90e21d59f7
stream2,2058,gsm8k,931,full,APRIL|AR|DEL|LayerSkip,3e9fd573b7fa475478deec130e8815812139a9d5799e26d91d4e0dddc4c8463d
stream2,2059,gsm8k,932,full,AR|LayerSkip|APRIL|DEL,ca4fd4b6980efc49467e7bde2e24e88fd85677de721b77e9fe478cdb831cd262
stream2,2060,gsm8k,933,full,LayerSkip|DEL|AR|APRIL,f504044ed39cba6956034cc2f325038c4ebef1abac2460acd83d7b34c44faccb
stream2,2061,gsm8k,934,full,DEL|APRIL|LayerSkip|AR,67c1830a8035add8846d88a8c31cf924f08821e63753723fb0c8aec6c82999ec
stream2,2062,gsm8k,935,full,APRIL|AR|DEL|LayerSkip,0f27ae5dae4809aa4bd82a28b60dee4d8b159512cb1b9b32de3a21edd728a431
stream2,2063,gsm8k,936,full,AR|LayerSkip|APRIL|DEL,42accd7cfaaf48fc64f1e642f2f95170c1202eb04c2d03dc58819db5a3464c61
stream2,2064,gsm8k,937,full,LayerSkip|DEL|AR|APRIL,67d33a9bc8f1baeb50a19a23e101f0fbb32963fb4ebce26a0b68e41240228ebd
stream2,2065,gsm8k,938,full,DEL|APRIL|LayerSkip|AR,0cf38f86f05d7b97557295707490d0729d190661e68a25464ce6af4536a07075
stream2,2066,gsm8k,939,full,APRIL|AR|DEL|LayerSkip,9d3ecf5e47e0fce588d66fcc83baad7ff48497cc0ab11111a4f1f54c271d55ec
stream2,2067,gsm8k,940,full,AR|LayerSkip|APRIL|DEL,ea80352ed2dfa61fe4b1cf1fdbc3a7182e0166dc56555d81f1f1e0f7652b1ddd
stream2,2068,gsm8k,941,full,LayerSkip|DEL|AR|APRIL,a5e6226b98f3103cd967a3414cdcb5dd13294c084c7cf786ccd99f754d1a8c3c
stream2,2069,gsm8k,942,full,DEL|APRIL|LayerSkip|AR,0a43cbc79c0c92d526b22eb16bea17b540ad56b30cf405c036ef513591539638
stream2,2070,gsm8k,943,full,APRIL|AR|DEL|LayerSkip,12feb28622cc05a0519164175f3d37a566dff0dda945057898f57319726e7948
stream2,2071,gsm8k,944,full,AR|LayerSkip|APRIL|DEL,48bff53e77c8c4fca27e0a15e61adee5fd83e14e92a64809d28686e9c96b7837
stream2,2072,gsm8k,945,full,LayerSkip|DEL|AR|APRIL,4a13abce6d9a0fcc6f93a8662ef4934ee759f6a6e76e300c67bc179142e3e120
stream2,2073,gsm8k,946,full,DEL|APRIL|LayerSkip|AR,425c111eb29ac5f85e970979702f13a747b6f37ac71a2a377443abed50c5e357
stream2,2074,gsm8k,947,full,APRIL|AR|DEL|LayerSkip,89ca3083e42b3508119373b1ee02bbb28478ceba1329fe9cf886ea1f125c283f
stream2,2075,gsm8k,948,full,AR|LayerSkip|APRIL|DEL,4405452f8effec0aca84b699363c75993031e5e7fb54d557ce378efc77aca12c
stream2,2076,gsm8k,949,full,LayerSkip|DEL|AR|APRIL,402add65ae4f0e5498c97e68bf45d758801cb9d43ec9289aaa0b03d513d187ec
stream2,2077,gsm8k,950,full,DEL|APRIL|LayerSkip|AR,838401f2e6990df9b1e5b38de012c1fad4de9d41655755150019a8d1b6088588
stream2,2078,gsm8k,951,full,APRIL|AR|DEL|LayerSkip,7f43188cf311eb069a987a4507ea1132dbc1404f2b28297165bfc4b6c9db5622
stream2,2079,gsm8k,952,full,AR|LayerSkip|APRIL|DEL,d513722f8779c76bc5bc4c00be43dc37e34ecfcf4d2756cd49c6410d9c3c63d2
stream2,2080,gsm8k,953,full,LayerSkip|DEL|AR|APRIL,a96f17283782f704aece61ac6c12102b1eb9621d58aa041322ceaffff43083bf
stream2,2081,gsm8k,954,full,DEL|APRIL|LayerSkip|AR,d5c80be96c103a573bdc541113247d22352b9a98691e1ef29854b7b037e4d183
stream2,2082,gsm8k,955,full,APRIL|AR|DEL|LayerSkip,bb42050aba794f3fee9fa2169dee1ee20cc80d00eab42ad4af559ef370ceb2d3
stream2,2083,gsm8k,956,full,AR|LayerSkip|APRIL|DEL,85d2dca69d023a846949b822e5e05ceebb018cb9a192c10dfa88a5f291d601e2
stream2,2084,gsm8k,957,full,LayerSkip|DEL|AR|APRIL,45eda6ba63cd98a0ecaece4460b2e6236352818c7b40c7509f8f766505635710
stream2,2085,gsm8k,958,full,DEL|APRIL|LayerSkip|AR,8e3833d2d6014ee97adbf287b9b9a3fd381688676c7eb9a2afd6641677e54e6e
stream2,2086,gsm8k,959,full,APRIL|AR|DEL|LayerSkip,f580c828a7ca587269f227b308937f1123ca381a2fa31e5e3977a29638f329b6
stream2,2087,gsm8k,960,full,AR|LayerSkip|APRIL|DEL,39357be29e212e3697fc73039e89d9be3dbe898d43cef01b9f6fb596d9fe6342
stream2,2088,gsm8k,961,full,LayerSkip|DEL|AR|APRIL,8fad2bba2db48d01f45e41486ac7e05d6b8d13eb4f1edb192f2ad2d388cbd67a
stream2,2089,gsm8k,962,full,DEL|APRIL|LayerSkip|AR,e1c292a2b665e0de7b049fe9fc11633ec32a2fb15a9b68ffdfe7a6188a0291bb
stream2,2090,gsm8k,963,full,APRIL|AR|DEL|LayerSkip,8721cf7e73bf9c77958ff8d9a36052ef58437d074cc3fcb806ebf19325b4b200
stream2,2091,gsm8k,964,full,AR|LayerSkip|APRIL|DEL,7078b12a42d9045f9cf8eb8a417b5f3ada9dc029616761ebc56352bce1bb2de3
stream2,2092,gsm8k,965,full,LayerSkip|DEL|AR|APRIL,7cd2166478b48716cd7dfb7a76be362f602e62432daf5cd6d558643692f748d1
stream2,2093,gsm8k,966,full,DEL|APRIL|LayerSkip|AR,b746a625eb0efb7bb02efa2c5d240e58815c325ab44c6767644ababba98b6978
stream2,2094,gsm8k,967,full,APRIL|AR|DEL|LayerSkip,7a45e3e1dbeed175b64e2da26af34926d5ffccebb716b9d02a09a97ec95e9bf3
stream2,2095,gsm8k,968,full,AR|LayerSkip|APRIL|DEL,0987f14ebc5905a5d7c85670aabb4c57ea472e94db7cdc5ea0083c7ffffe8f35
stream2,2096,gsm8k,969,full,LayerSkip|DEL|AR|APRIL,e7dce1ed519e7cbdeb4d6b704b5aac83a4986c8d7558d09ce736f10401777d06
stream2,2097,gsm8k,970,full,DEL|APRIL|LayerSkip|AR,5a9c122383c5afa8dca477d38d84666b5c51b574fb937c4a5594c608fdd83749
stream2,2098,gsm8k,971,full,APRIL|AR|DEL|LayerSkip,186fa9581966c73efd3a34ce4efff3f64613d487b5df1b460acbfa63caf3af39
stream2,2099,gsm8k,972,full,AR|LayerSkip|APRIL|DEL,17193f59f9cbce46b772aef3848dd152bc95a23da825e5d5fd57575b8da9942b
stream2,2100,gsm8k,973,full,LayerSkip|DEL|AR|APRIL,34dcc93adf1ae8167021655fc19ad5136982cf79b037ec7eed9d48f100d0013f
stream2,2101,gsm8k,974,full,DEL|APRIL|LayerSkip|AR,086cfb9f572fc2718f5ca72366926d77eb06a6e0e002315dfd9f3c6d48068572
stream2,2102,gsm8k,975,full,APRIL|AR|DEL|LayerSkip,30906b2733fea055d6a1c91b981562f77b5eeb7d000adceafbd4bbaa08925518
stream2,2103,gsm8k,976,full,AR|LayerSkip|APRIL|DEL,eaf71dbe1c2413a78ab09c9064a2820e4cec07de169e93a69b6290672eabe057
stream2,2104,gsm8k,977,full,LayerSkip|DEL|AR|APRIL,68fd90fef1d71745a9b4aeb5f424bce0c965200a8cbd447dcbe1ea743c0cb6a1
stream2,2105,gsm8k,978,full,DEL|APRIL|LayerSkip|AR,89e419f2bc56c173c34cacc96ca6c6ca61005aa4ebedb402378dddc64cf07d78
stream2,2106,gsm8k,979,full,APRIL|AR|DEL|LayerSkip,a106a2056dc8921f004cc29a7d5001a997301f4af46833e7fb53bafb34d798dc
stream2,2107,gsm8k,980,full,AR|LayerSkip|APRIL|DEL,2959065f0827116a7e09849ca7c3063ebfb70c160c0f29b642fca7e837bc6383
stream2,2108,gsm8k,981,full,LayerSkip|DEL|AR|APRIL,6f29c447cbd5055be71ba94e13d54756fb809fc8013c02d5d6ddc9580de22225
stream2,2109,gsm8k,982,full,DEL|APRIL|LayerSkip|AR,a4b5a59372a9f8aeec846f47e3d958b606f3fbb9262fa1b09f04a1c79f936024
stream2,2110,gsm8k,983,full,APRIL|AR|DEL|LayerSkip,c1b02e8852d5acb5d022cc1f2c6523b7cf6e4a927915b458195c33cb75a060ab
stream2,2111,gsm8k,984,full,AR|LayerSkip|APRIL|DEL,cbdf6c76206b41f65a168c346cb90c71538e560e4d373c0bb7f4e082aa5caf04
stream2,2112,gsm8k,985,full,LayerSkip|DEL|AR|APRIL,9ab3cde8b1d929dd37d5203273a7c021580d855914e1f6a3601235da1b0cb342
stream2,2113,gsm8k,986,full,DEL|APRIL|LayerSkip|AR,d38a20c1827602d13a90660e7813287ba54f6783baa4d43a1c4bccfc8e36dca4
stream2,2114,gsm8k,987,full,APRIL|AR|DEL|LayerSkip,4a94aab709eae2996e2b34f03c996a13e880bec8a519e9e64f03f6b33ba1e2c8
stream2,2115,gsm8k,988,full,AR|LayerSkip|APRIL|DEL,b0b1f45ff69d1f98d97cb1db3eabbe9de8dcc2258cff45fbb279e1fc63dd5b1e
stream2,2116,gsm8k,989,full,LayerSkip|DEL|AR|APRIL,47581226d962d4df0d0ec78ba5b3219b66e348c07b8820794ec0716a1e302f54
stream2,2117,gsm8k,990,full,DEL|APRIL|LayerSkip|AR,4729630e3000ef45ea81b06848aec64f472b7ec7ab1029bb6752692ab82506d3
stream2,2118,gsm8k,991,full,APRIL|AR|DEL|LayerSkip,e2592633503aa74a7f6717f692f124f95d46b41a7d2d8bf7315e871d3c1b0133
stream2,2119,gsm8k,992,full,AR|LayerSkip|APRIL|DEL,ae76b9fe96d47bc6a1fe00a6bfbe3314f46b34f0479db9f5def566841de8e423
stream2,2120,gsm8k,993,full,LayerSkip|DEL|AR|APRIL,e42135af267ee7198d0679ac69d79b5832c29992957e8352d1dae2dceaa1f261
stream2,2121,gsm8k,994,full,DEL|APRIL|LayerSkip|AR,848455e9f43d8dddd6a3f034c6e25a5cd6519b7bafe85b6a6174d107d0fa619e
stream2,2122,gsm8k,995,full,APRIL|AR|DEL|LayerSkip,7895bc797b0da576e3ca63fbfbd7e4cd952adf1f40f4f587658e625ec5e1f7fc
stream2,2123,gsm8k,996,full,AR|LayerSkip|APRIL|DEL,54251a59626469f3b0ed24087256a253273b7f5bbf7eb05db47ab71e3465a15b
stream2,2124,gsm8k,997,full,LayerSkip|DEL|AR|APRIL,d31e7f225395998425327b27e418ec1c27ae167e4867f4624187c91e4c40dfe4
stream2,2125,gsm8k,998,full,DEL|APRIL|LayerSkip|AR,7024a5ae2dc8cc2b2ce3e27a77b7cacd443ffa184b10e5384b35748ac7d9f618
stream2,2126,gsm8k,999,full,APRIL|AR|DEL|LayerSkip,b2c853a5f764da0a3592541570c2f10289fc0d9395036d1e0d89174038cc7df6
stream2,2127,aqua_rat,128,full,AR|LayerSkip|APRIL|DEL,9b24d353cef0c3dc4a07f9de595a6ee2d77f6b5ebf57b2e6d5a997b68725585c
stream2,2128,aqua_rat,129,full,LayerSkip|DEL|AR|APRIL,2bd5c1daa15e7b17dcead82ea6dc4c42a35ed638d23c6527e5a946fe1cc6a2aa
stream2,2129,aqua_rat,130,full,DEL|APRIL|LayerSkip|AR,cf469585248f2adecf1a7d4a3a0c45f9080787570135e1ada1573cae2a6ca1b5
stream2,2130,aqua_rat,131,full,APRIL|AR|DEL|LayerSkip,55c3b80f81811fefaf107a5ea91e9fcf7ae0832cfcaa1132c24417c41c768926
stream2,2131,aqua_rat,132,full,AR|LayerSkip|APRIL|DEL,d905996a5da15757acb607424cce7bbcb250dd34364d641de11c84f05d4f9bac
stream2,2132,aqua_rat,133,full,LayerSkip|DEL|AR|APRIL,3bc666c4e39024a7557fcf05243b8e51bca7b67b1267e3b84762a794113b7c17
stream2,2133,aqua_rat,134,full,DEL|APRIL|LayerSkip|AR,181012ce885f8a68abf57c8f69d3111fbddb574a84445bbcd19f1aecd4b569a9
stream2,2134,aqua_rat,135,full,APRIL|AR|DEL|LayerSkip,1c01a9c2cb109c657c5a984e9c580e95c40741f523ab91e596f3815d3a46b718
stream2,2135,aqua_rat,136,full,AR|LayerSkip|APRIL|DEL,8806080feb8a7278ee89a33d59c26cef2ecf3ca043c7c5423e6801acb14117e5
stream2,2136,aqua_rat,137,full,LayerSkip|DEL|AR|APRIL,096ebdf457dfc0dacc072ba422659549c68ba8c58af3a90f6e212558cf9a7d10
stream2,2137,aqua_rat,138,full,DEL|APRIL|LayerSkip|AR,24a718487342776ae52b5f4bf9e1127c750c28fb4e1b387defe1f76631c47ac2
stream2,2138,aqua_rat,139,full,APRIL|AR|DEL|LayerSkip,6644a5884ac730dc1e4ecc974cbf558bd2e17d442b848ad2f215b0b1243fd5ee
stream2,2139,aqua_rat,140,full,AR|LayerSkip|APRIL|DEL,e39c0531ca1f69e6f4500b36d8e79372b7735a40acb24417f19a983b332b091d
stream2,2140,aqua_rat,141,full,LayerSkip|DEL|AR|APRIL,209548b140e47394f23d0685129e1f5d7270abb47714bdac36cab9c7a592540e
stream2,2141,aqua_rat,142,full,DEL|APRIL|LayerSkip|AR,6d0e0266a68e154f217ae6b2e2589ec6a50006d9ba11c6c175afa0a0102ce1ce
stream2,2142,aqua_rat,143,full,APRIL|AR|DEL|LayerSkip,70a8b7b064ce1f00d6c312d8c18c6e649b3eaa469d5aaea9cac8c7589385473b
stream2,2143,aqua_rat,144,full,AR|LayerSkip|APRIL|DEL,ea03670e6a63d80fb852951e597a35ebf67df3f0457545dba7a75bd9bf1aa8af
stream2,2144,aqua_rat,145,full,LayerSkip|DEL|AR|APRIL,c62a67ad906deccceb8d8036dfc08cf371e159e868cfc0de4d4757a8618228a0
stream2,2145,aqua_rat,146,full,DEL|APRIL|LayerSkip|AR,794e3c14c5a83cc93adac1e0605b7ef261d8ed9a01d734c56d19862e8ea72e59
stream2,2146,aqua_rat,147,full,APRIL|AR|DEL|LayerSkip,a646a2c4a65add5101a9d8427700ee276c9d7f76bb32751ff3c51dbaed4dddcc
stream2,2147,aqua_rat,148,full,AR|LayerSkip|APRIL|DEL,67d52e34b85591670991f7ea5c7ab457631b27e2f43aac489f2a5fed618cc3b4
stream2,2148,aqua_rat,149,full,LayerSkip|DEL|AR|APRIL,156a63858d3ff5d36be905618f7188685d5ba15f3cb61dd71d97749070a67ab8
stream2,2149,aqua_rat,150,full,DEL|APRIL|LayerSkip|AR,9b1440cc9a1878756a3883a430cbe54392f48f04ca9702fc94c3b4ebbe553a54
stream2,2150,aqua_rat,151,full,APRIL|AR|DEL|LayerSkip,ce56abaed060c94ebf9eef63f6098165054691588239c68ff333d859ce8cf7da
stream2,2151,aqua_rat,152,full,AR|LayerSkip|APRIL|DEL,4a80db5b104b491bc6c46b4a4a3a34cb698fd3fc5e84d82f133297059ac40092
stream2,2152,aqua_rat,153,full,LayerSkip|DEL|AR|APRIL,a34b6ca3f6332a12963c14567c2c289fc8433f5ff651fd4e1d497891c2d28556
stream2,2153,aqua_rat,154,full,DEL|APRIL|LayerSkip|AR,ab0f941bcb00fe931567869163604449e1ba834686a3b90e6f995895398372b6
stream2,2154,aqua_rat,155,full,APRIL|AR|DEL|LayerSkip,b06f72b6ec526d48600aa6b671051e59a0bc79df97fa16f38fe93aae8017deda
stream2,2155,aqua_rat,156,full,AR|LayerSkip|APRIL|DEL,2d796c5209655cd8dc9a3321f1b4ceb25ea279b788246c162945843b310ded23
stream2,2156,aqua_rat,157,full,LayerSkip|DEL|AR|APRIL,b579f12b7be66984f453579b16c93e7fe3c1973f54bfb2ec367b506f8f222f3d
stream2,2157,aqua_rat,158,full,DEL|APRIL|LayerSkip|AR,aa13c360373fdf895f876f1c7179ff0836105287471873d484f75c2219481c69
stream2,2158,aqua_rat,159,full,APRIL|AR|DEL|LayerSkip,5f5bfcb4d30c31b88acd299c59bff8d7fde2a8c097675a197f8ea9da1e39899a
stream2,2159,aqua_rat,160,full,AR|LayerSkip|APRIL|DEL,3c4fcc4161a54e3a25ec590c9b453169c4c2f48449c554515c61ddc7f823c302
stream2,2160,aqua_rat,161,full,LayerSkip|DEL|AR|APRIL,d9ec685c5373dffc3289014c36cefa7e93dc11cbcf3e858281176a8e211858d9
stream2,2161,aqua_rat,162,full,DEL|APRIL|LayerSkip|AR,de358701ee38741698820e43b83d252ebe5502bd74853cb600a5641fb6634620
stream2,2162,aqua_rat,163,full,APRIL|AR|DEL|LayerSkip,977d17fb19332ba75524becf5754640b37513d759a98236da03071ccadf18ce0
stream2,2163,aqua_rat,164,full,AR|LayerSkip|APRIL|DEL,349d2861d60a9ff6e471fc9f53603290754331bfd24e37115b757be572283e17
stream2,2164,aqua_rat,165,full,LayerSkip|DEL|AR|APRIL,157f0b7fc12b55218aa9a1a6949893364020ace9e101ccb326b58fb92ee8c2e4
stream2,2165,aqua_rat,166,full,DEL|APRIL|LayerSkip|AR,6a0fa22336848e6785ea9c8d81986928f92bb2f7afc5867bf7074221224f8ae3
stream2,2166,aqua_rat,167,full,APRIL|AR|DEL|LayerSkip,4573868c831358c3edfb04af328e02a0ddb0c16ffc7a010a852022cbaed60d3d
stream2,2167,aqua_rat,168,full,AR|LayerSkip|APRIL|DEL,3821a33c4288d895c99ec628bef8acd2586a370893d6692e44de50d5b33f682c
stream2,2168,aqua_rat,169,full,LayerSkip|DEL|AR|APRIL,bb2311e040c87f081c1332e57b98ce2778e46d58309fdc83f0d24cf286d12ea8
stream2,2169,aqua_rat,170,full,DEL|APRIL|LayerSkip|AR,41648893f0208dd1c0a138ac82efb477256a02701dbf268809b3e1b44f61a959
stream2,2170,aqua_rat,171,full,APRIL|AR|DEL|LayerSkip,7d4d66ba193a7bf42e93163bf6bcd870c1ea1cce33e6a1078dbdc4304b9f52ea
stream2,2171,aqua_rat,172,full,AR|LayerSkip|APRIL|DEL,8edc3ce82dfcbedcc28a2e010319fbe4dd98619d31b18731b8fb917c4d9fffb3
stream2,2172,aqua_rat,173,full,LayerSkip|DEL|AR|APRIL,050979d7f89392d5a971fb628818c538bf300a1e6e335e82a29178d6fb951cfc
stream2,2173,aqua_rat,174,full,DEL|APRIL|LayerSkip|AR,d3ed16f5b706e2cdfa023052e2ba3ee5d95e3246a6ac7e3739ee3263766270a4
stream2,2174,aqua_rat,175,full,APRIL|AR|DEL|LayerSkip,9a1a23f62f17ec6ae0c424d7bdb7aca13ff65286f942b008abcc44d2fc58fd57
stream2,2175,aqua_rat,176,full,AR|LayerSkip|APRIL|DEL,9e10d3af8749c0a682e82595f81a05e3d84a960c99fe8fcb2f866f143617e585
stream2,2176,aqua_rat,177,full,LayerSkip|DEL|AR|APRIL,11c2da1b7cbe7fc137e547f7f8ec0a16e8bd0f58428cae7fbc175960ab22b75d
stream2,2177,aqua_rat,178,full,DEL|APRIL|LayerSkip|AR,2fc89ad14f7c3f1fc21b8aad52f7e2313f53d6ff142e62be5ba40e8fa057a1e8
stream2,2178,aqua_rat,179,full,APRIL|AR|DEL|LayerSkip,e84939d05feb6ae0260b51543e49c8d29b86c44d2ce8a655ceff5ddfc6e1f017
stream2,2179,aqua_rat,180,full,AR|LayerSkip|APRIL|DEL,168f6854724fd8c82b14339afdb3f18d32993814af3e99235b9f2b4804069081
stream2,2180,aqua_rat,181,full,LayerSkip|DEL|AR|APRIL,e1b36ae182fedea4f69599692943690b01e3e36ac2d1cdd2c9b69941e3eecb26
stream2,2181,aqua_rat,182,full,DEL|APRIL|LayerSkip|AR,e089c1874c4e9ca8c3219e6255c29f0f4b045175b50e20fe53d5b291d7d97d72
stream2,2182,aqua_rat,183,full,APRIL|AR|DEL|LayerSkip,78dc2fc751fceaae21448aa7b2eb563a523d001a652f555c5e1e2fb282afed01
stream2,2183,aqua_rat,184,full,AR|LayerSkip|APRIL|DEL,8020c04ff08215142bb26ff97a350954f41d36ab131878c23b01841f410d033e
stream2,2184,aqua_rat,185,full,LayerSkip|DEL|AR|APRIL,a4d2cf55e24f71ac74ffae6b4a4488085617209df8049fe1a7bda1d7eae1e10a
stream2,2185,aqua_rat,186,full,DEL|APRIL|LayerSkip|AR,f992bad0d3aed2d32346c4ed37702fe74642a9bb0fe012339b2e116ac9b5ad3e
stream2,2186,aqua_rat,187,full,APRIL|AR|DEL|LayerSkip,2c9974ad8de2c97b49f3c8e5aace46d3f65ab3eadefbca5e8547e4f3069b4af5
stream2,2187,aqua_rat,188,full,AR|LayerSkip|APRIL|DEL,eb616628ab3cf404444ad71c189211b3b9166b944e65dd9aedafd325f9c695ca
stream2,2188,aqua_rat,189,full,LayerSkip|DEL|AR|APRIL,bebfd5f1a92fab20c89f82d109396a1907559541edc6a4f953726b4447b78b9b
stream2,2189,aqua_rat,190,full,DEL|APRIL|LayerSkip|AR,1c1bd309321039bd7ba1ed8079fd5956fba740c8734e3d779cbd2cf3ef914df6
stream2,2190,aqua_rat,191,full,APRIL|AR|DEL|LayerSkip,ad7966a055f9ad6780a639b376024cb22cc6a2f95c5d2cfde32dac9d96395025
stream2,2191,aqua_rat,192,full,AR|LayerSkip|APRIL|DEL,9a1b24b9bc3ad878013289def2862ca0a54abccf288e490a8f7635b8e9c5d2db
stream2,2192,aqua_rat,193,full,LayerSkip|DEL|AR|APRIL,cb969324776c1bc54d5814a63f04f74794df1dd0803b2b119a19321e32c7f4fa
stream2,2193,aqua_rat,194,full,DEL|APRIL|LayerSkip|AR,9fa8e5ce8aab65bfc49da382ff84090dff4d32f2a6e918cc19f89554101eeae3
stream2,2194,aqua_rat,195,full,APRIL|AR|DEL|LayerSkip,01cbb7866774c23278b36982bcacf6cfe000ae2779e87ec89c544f5d21d6f9ac
stream2,2195,aqua_rat,196,full,AR|LayerSkip|APRIL|DEL,ce20b3beb83ccde547d67fb8f7d288207cb393a0c530a10646af454634b99835
stream2,2196,aqua_rat,197,full,LayerSkip|DEL|AR|APRIL,af8775da19f89a65edc92b4b1c799db8503d404ecb89a09d226400e5e0941cdb
stream2,2197,aqua_rat,198,full,DEL|APRIL|LayerSkip|AR,be45c79af4c391f230202ce09788ff7c7e7958c7cde4f129e7dfc2d4acd7e6b1
stream2,2198,aqua_rat,199,full,APRIL|AR|DEL|LayerSkip,c2cce0767335e1803a49eb3b4782781a32867d79e892a4d4bb4664d15e0d5af1
stream2,2199,aqua_rat,200,full,AR|LayerSkip|APRIL|DEL,d2b3c4397fbf4f0aa7e7d38046ac58fa558699037ca47b97f4fd60cba9d4b955
stream2,2200,aqua_rat,201,full,LayerSkip|DEL|AR|APRIL,abbc8ee25231c0f42624e8334249e57d388ea6accbf20a3dc3ca93dde5767068
stream2,2201,aqua_rat,202,full,DEL|APRIL|LayerSkip|AR,3c0a17aa8daffc0b4684921266961502724ca0bbcb27b39ef04a48dc4c08d604
stream2,2202,aqua_rat,203,full,APRIL|AR|DEL|LayerSkip,5bf601cea8d0a52d705f7d376f19eb0f275c6ede77aa6c4390d30bb904c07793
stream2,2203,aqua_rat,204,full,AR|LayerSkip|APRIL|DEL,e9da4cb2ac0c22e5a278a9348f634b9a4657f998c88335408bd545ca0f646dcb
stream2,2204,aqua_rat,205,full,LayerSkip|DEL|AR|APRIL,185a8ea7972b788d2d80e10933ab2382afe373e0a2e493762709421374edc7bd
stream2,2205,aqua_rat,206,full,DEL|APRIL|LayerSkip|AR,5bba176a05e660a0076b2a79f4336c56177c83f291aeeace06d3b7b09882ebd1
stream2,2206,aqua_rat,207,full,APRIL|AR|DEL|LayerSkip,50f6dfe969f3c505c50cb77b3163e049bcbd94bde59436211addc3ec0c62e02c
stream2,2207,aqua_rat,208,full,AR|LayerSkip|APRIL|DEL,88e40a7e58cd7f82b56658f7a11374b4662b72e97f1b5f7b9bcf335d55fc3b58
stream2,2208,aqua_rat,209,full,LayerSkip|DEL|AR|APRIL,c8ba04b93954c44795e1e505c7b712f315b14db6490ad46aba73360b558b91ee
stream2,2209,aqua_rat,210,full,DEL|APRIL|LayerSkip|AR,13878e3413196de00372939d64d20323fc99efcf264504f005e514a1b1c2ecc8
stream2,2210,aqua_rat,211,full,APRIL|AR|DEL|LayerSkip,22d4a0e03af76e15c12c2415937479a934ffa02c419a7b3f89f6e2aea6676df1
stream2,2211,aqua_rat,212,full,AR|LayerSkip|APRIL|DEL,b03b05912548aa332fa17212edecbbf1b73b4063f6774d163539df6a965c37a9
stream2,2212,aqua_rat,213,full,LayerSkip|DEL|AR|APRIL,9c95f2c1c6be51d45209fe78c0ab004f5244faffdfb382efc163c90b6fe2cb1b
stream2,2213,aqua_rat,214,full,DEL|APRIL|LayerSkip|AR,f5cfce3bc106256aa25cda717f32c3ef56993e72a449577822d33646c4dc08c3
stream2,2214,aqua_rat,215,full,APRIL|AR|DEL|LayerSkip,2f9fff6060e9ceeeeab20e2cef24daf485661ae37a02be9055ebe67ab6bcc539
stream2,2215,aqua_rat,216,full,AR|LayerSkip|APRIL|DEL,ef9052f7b6cf142a5185692b980951699a0613e1f77b9cc1a5384bd0dc38280c
stream2,2216,aqua_rat,217,full,LayerSkip|DEL|AR|APRIL,5422e9dc95222a94655f0a8b6a72adaa5ec261958f0147391a52bb4422917965
stream2,2217,aqua_rat,218,full,DEL|APRIL|LayerSkip|AR,2b3f5680a6b0551829a3ec0e28e150a81b02de737bcc81144bca8f7851691c8a
stream2,2218,aqua_rat,219,full,APRIL|AR|DEL|LayerSkip,1a9add529f0d8f6263d04bc186b27158368f857a7fd33041080e772540804225
stream2,2219,aqua_rat,220,full,AR|LayerSkip|APRIL|DEL,d8ea2fbe54f57ac149f464278a689f68205762d569025bb09932e30027d83d90
stream2,2220,aqua_rat,221,full,LayerSkip|DEL|AR|APRIL,154dbe46d1ce05005849f7ce1b3b2d4b3e7efb4686e2ea507cc2bcb8eacb1074
stream2,2221,aqua_rat,222,full,DEL|APRIL|LayerSkip|AR,b4892573adbc263fe81c3928d045f5b76e6e63d000d26c819fea2d72e4916075
stream2,2222,aqua_rat,223,full,APRIL|AR|DEL|LayerSkip,68029578c5e187f11b11f85ffa5559b451ad16a3c8f96b9889ecffe095cce1f5
stream2,2223,aqua_rat,224,full,AR|LayerSkip|APRIL|DEL,33994db82900db1044ccd5adc8b103ff8254e8660f289da4d8930d099ce11d66
stream2,2224,aqua_rat,225,full,LayerSkip|DEL|AR|APRIL,9c4da5b85280a92cde1e21a784b73b0fd9c1b9a15ff8283318d5e70650ca0f34
stream2,2225,aqua_rat,226,full,DEL|APRIL|LayerSkip|AR,fe94f51b9f30e4184bd478669d1ca22c223ec05fb406b9f32a5f5201cdd95693
stream2,2226,aqua_rat,227,full,APRIL|AR|DEL|LayerSkip,4e105241d4358d036358ec74f377ac51fa73aef3484b07cf8471a898acb2c550
stream2,2227,aqua_rat,228,full,AR|LayerSkip|APRIL|DEL,f15ad080dfa423c2ce28fd99e12b61e53ba27e6ffb78a99ba7ee4ceb45b26d7c
stream2,2228,aqua_rat,229,full,LayerSkip|DEL|AR|APRIL,850e486fda08544f833cea9d8376072eb83d31b677a696b98625722cd56b9e03
stream2,2229,aqua_rat,230,full,DEL|APRIL|LayerSkip|AR,6741eb32129c8f988f05276b1da1408cf9992f9a0044afed88a2441bf9cbfa84
stream2,2230,aqua_rat,231,full,APRIL|AR|DEL|LayerSkip,d80d1560594db737b3f53b5e13ad54e44cf32ce99182164a0dbc3b734a49733f
stream2,2231,aqua_rat,232,full,AR|LayerSkip|APRIL|DEL,bff4a0584a917764d9147bfaa2311b90e248f026893674d57ea63020e8e117d1
stream2,2232,aqua_rat,233,full,LayerSkip|DEL|AR|APRIL,e0b20c49c73fdb1d0607c50ced385564541f7e1bc1a54577583ebc70f511b7c6
stream2,2233,aqua_rat,234,full,DEL|APRIL|LayerSkip|AR,c4507ae7321abb511b619916b835bab78c0e5c6c423eff8982ce38bd4d8cae01
stream2,2234,aqua_rat,235,full,APRIL|AR|DEL|LayerSkip,16579f995e6e21f6f9674cbeecf8398b46e500c3ba59e7d898cf5ca21292667a
stream2,2235,aqua_rat,236,full,AR|LayerSkip|APRIL|DEL,a20893765811aa827e9b08a5b045a1f6de0d5ba9fd7c9f5562562b80472f91c8
stream2,2236,aqua_rat,237,full,LayerSkip|DEL|AR|APRIL,713e5c2bb4214228ea7099015191a1a14afa8ac2711037d41711fab1a33aa239
stream2,2237,aqua_rat,238,full,DEL|APRIL|LayerSkip|AR,6becf5395aa1587b37f3c7a00e75b87323532cd0afe9ea5d387f3dc5f2a959af
stream2,2238,aqua_rat,239,full,APRIL|AR|DEL|LayerSkip,cdf3cb91a32c8a0e7e5a9fde5515220b02d26c3bf77a5e5cf57fd059e15dfc1d
stream2,2239,aqua_rat,240,full,AR|LayerSkip|APRIL|DEL,8103a21f4c413076a71800bedd67496838e0523b30cfa50b09b9cc846f6a1ee9
stream2,2240,aqua_rat,241,full,LayerSkip|DEL|AR|APRIL,4c6bff765aee79bc8f15a2ff532136f5d8b6c9639c0100553b3eb1aa977f3362
stream2,2241,aqua_rat,242,full,DEL|APRIL|LayerSkip|AR,31996fe49da5d6fe48225318dbd30b43381420b2c4b4e39c4c6a8df588029066
stream2,2242,aqua_rat,243,full,APRIL|AR|DEL|LayerSkip,e53ea6ea8c39c4d4ef00c8c1cb88c390af5b80b4c9f051be1f23a258f68f7fe4
stream2,2243,aqua_rat,244,full,AR|LayerSkip|APRIL|DEL,ea59d9d60072101c4fe18561be7009e55036532dd11b38cc3ca1bd30e2361e66
stream2,2244,aqua_rat,245,full,LayerSkip|DEL|AR|APRIL,045e5965ee4fb81d1ae89d29488df5ec4bd61db3bea35eeb1978997b6ba3e1ad
stream2,2245,aqua_rat,246,full,DEL|APRIL|LayerSkip|AR,6d73a0b68f7f48a6b8a1c0085f07599bc20d9d52dc38bec0735f1182fb892b41
stream2,2246,aqua_rat,247,full,APRIL|AR|DEL|LayerSkip,834ff972f66b335fe5acc85c0456cf63b1eec0afb0a6894a309dfc06f1d80d18
stream2,2247,aqua_rat,248,full,AR|LayerSkip|APRIL|DEL,2ebc06913d6eddfd04addfd2fe1864a818a75d4ad96ab82dfafc80c6e2910822
stream2,2248,aqua_rat,249,full,LayerSkip|DEL|AR|APRIL,327f52fa9ed749afd302c716e928fcbe473fbf82b191ea40a1446622719a2f72
stream2,2249,aqua_rat,250,full,DEL|APRIL|LayerSkip|AR,7d051c4ff65632877787ec4cf1afe1fe2d8df907209ada4a4f9fe58699ace1cb
stream2,2250,aqua_rat,251,full,APRIL|AR|DEL|LayerSkip,3fd9830f23e2b4836e1a28a4b3ba465fc34a5f59f4c76daaab671d4b6f611bad
stream2,2251,aqua_rat,252,full,AR|LayerSkip|APRIL|DEL,a5ae9682fb13738d8b81e72695a58df7b8bad0d5e6ee23efde46ce3be6d23f8a
stream2,2252,aqua_rat,253,full,LayerSkip|DEL|AR|APRIL,2e766eac11da410b458e575c3a3594970fa4a3d6ad8c419c8511b503b96b53dd
